RefundID,OrderID,CustomerID,TransactionID,RefundAmount,RefundStatus,RefundReason,RequestedDate,ProcessedDate,GatewayReference
REF00000001,ORD0000001,CUST000001,TXN00000001,1999.0,PROCESSING,ORDER_CANCELLED,2026-09-05 23:43:44,,GW-25988000
REF00000002,ORD0000002,CUST000002,TXN00000002,1999.99,GATEWAY_REFERENCE_MISSING,ORDER_CANCELLED,,,GW-52880483
REF00000003,ORD0000003,CUST000003,TXN00000003,2000.0,PROCESSING,ORDER_CANCELLED,2022-05-10,,GW-77446522
REF00000004,ORD0000004,CUST000004,TXN00000004,2000.01,COMPLETED,ORDER_CANCELLED,2023-07-18,2023-07-18,GW-78695681
REF00000005,ORD0000005,CUST000005,TXN00000005,2499.0,FAILED,RETURN,2023-02-04,,GW-96865468
REF00000006,ORD0000006,CUST000006,TXN00000006,4999.0,NOT_INITIATED,RETURN,,,GW-23775684
REF00000007,ORD0000007,CUST000007,TXN00000007,7999.0,GATEWAY_UNAVAILABLE,ORDER_CANCELLED,,,GW-39968745
REF00000008,ORD0000019,CUST000019,TXN00000019,2968.03,NOT_INITIATED,RETURN,,,GW-92437103
REF00000009,ORD0000044,CUST000044,TXN00000044,268.9,NOT_INITIATED,ORDER_CANCELLED,,,GW-28909714
REF00000010,ORD0000063,CUST000063,TXN00000063,226.77,NOT_INITIATED,RETURN,,,GW-63438575
REF00000011,ORD0000065,CUST000065,TXN00000065,1871.76,NOT_INITIATED,RETURN,,,GW-44714533
REF00000012,ORD0000092,CUST000092,TXN00000092,2367.55,NOT_INITIATED,ORDER_CANCELLED,,,GW-63966306
REF00000013,ORD0000098,CUST000098,TXN00000098,1129.99,NOT_INITIATED,RETURN,,,GW-74275917
REF00000014,ORD0000113,CUST000113,TXN00000113,610.76,NOT_INITIATED,ORDER_CANCELLED,,,GW-36821744
REF00000015,ORD0000132,CUST000132,TXN00000132,1568.69,NOT_INITIATED,RETURN,,,GW-67146759
REF00000016,ORD0000134,CUST000134,TXN00000134,1737.06,NOT_INITIATED,ORDER_CANCELLED,,,GW-18629549
REF00000017,ORD0000149,CUST000149,TXN00000149,795.51,NOT_INITIATED,RETURN,,,GW-83362139
REF00000018,ORD0000164,CUST000164,TXN00000164,1321.03,NOT_INITIATED,RETURN,,,GW-52069571
REF00000019,ORD0000176,CUST000176,TXN00000176,569.17,NOT_INITIATED,RETURN,,,GW-77742558
REF00000020,ORD0000183,CUST000183,TXN00000183,763.31,NOT_INITIATED,RETURN,,,GW-88655506
REF00000021,ORD0000204,CUST000204,TXN00000204,1395.21,NOT_INITIATED,RETURN,,,GW-53991209
REF00000022,ORD0000291,CUST000291,TXN00000291,1331.42,NOT_INITIATED,RETURN,,,GW-85430704
REF00000023,ORD0000303,CUST000303,TXN00000303,596.55,NOT_INITIATED,ORDER_CANCELLED,,,GW-85541950
REF00000024,ORD0000308,CUST000308,TXN00000308,1221.99,NOT_INITIATED,ORDER_CANCELLED,,,GW-23617158
REF00000025,ORD0000309,CUST000309,TXN00000309,678.51,NOT_INITIATED,RETURN,,,GW-45394922
REF00000026,ORD0000314,CUST000314,TXN00000314,103.71,NOT_INITIATED,ORDER_CANCELLED,,,GW-18110255
REF00000027,ORD0000333,CUST000333,TXN00000333,241.46,NOT_INITIATED,ORDER_CANCELLED,,,GW-44499597
REF00000028,ORD0000362,CUST000362,TXN00000362,2878.53,NOT_INITIATED,ORDER_CANCELLED,,,GW-77278217
REF00000029,ORD0000363,CUST000363,TXN00000363,212.81,NOT_INITIATED,ORDER_CANCELLED,,,GW-43766169
REF00000030,ORD0000365,CUST000365,TXN00000365,547.99,NOT_INITIATED,ORDER_CANCELLED,,,GW-49175656
REF00000031,ORD0000370,CUST000370,TXN00000370,2070.19,NOT_INITIATED,RETURN,,,GW-47773020
REF00000032,ORD0000376,CUST000376,TXN00000376,371.53,NOT_INITIATED,RETURN,,,GW-52799687
REF00000033,ORD0000383,CUST000383,TXN00000383,599.1,NOT_INITIATED,RETURN,,,GW-17535674
REF00000034,ORD0000409,CUST000409,TXN00000409,635.0,NOT_INITIATED,RETURN,,,GW-26805141
REF00000035,ORD0000415,CUST000415,TXN00000415,1896.1,NOT_INITIATED,ORDER_CANCELLED,,,GW-84477168
REF00000036,ORD0000444,CUST000444,TXN00000444,887.09,NOT_INITIATED,RETURN,,,GW-11531334
REF00000037,ORD0000482,CUST000482,TXN00000482,20.41,NOT_INITIATED,RETURN,,,GW-50135960
REF00000038,ORD0000490,CUST000490,TXN00000490,1205.98,NOT_INITIATED,ORDER_CANCELLED,,,GW-39141699
REF00000039,ORD0000524,CUST000524,TXN00000524,503.51,NOT_INITIATED,RETURN,,,GW-94532675
REF00000040,ORD0000533,CUST000533,TXN00000533,1905.64,NOT_INITIATED,ORDER_CANCELLED,,,GW-79281900
REF00000041,ORD0000556,CUST000556,TXN00000556,552.15,NOT_INITIATED,ORDER_CANCELLED,,,GW-26981826
REF00000042,ORD0000559,CUST000559,TXN00000559,502.41,NOT_INITIATED,ORDER_CANCELLED,,,GW-75037186
REF00000043,ORD0000572,CUST000572,TXN00000572,270.53,NOT_INITIATED,ORDER_CANCELLED,,,GW-84570424
REF00000044,ORD0000586,CUST000586,TXN00000586,394.1,NOT_INITIATED,RETURN,,,GW-40339638
REF00000045,ORD0000597,CUST000597,TXN00000597,473.27,NOT_INITIATED,RETURN,,,GW-52101740
REF00000046,ORD0000601,CUST000601,TXN00000601,1473.7,NOT_INITIATED,RETURN,,,GW-39550820
REF00000047,ORD0000617,CUST000617,TXN00000617,1812.3,NOT_INITIATED,ORDER_CANCELLED,,,GW-52954311
REF00000048,ORD0000637,CUST000637,TXN00000637,946.19,NOT_INITIATED,RETURN,,,GW-12915317
REF00000049,ORD0000682,CUST000682,TXN00000682,798.27,NOT_INITIATED,RETURN,,,GW-93594248
REF00000050,ORD0000717,CUST000717,TXN00000717,1058.18,NOT_INITIATED,RETURN,,,GW-98993247
REF00000051,ORD0000725,CUST000725,TXN00000725,1942.07,NOT_INITIATED,RETURN,,,GW-75540675
REF00000052,ORD0000727,CUST000727,TXN00000727,2937.54,NOT_INITIATED,ORDER_CANCELLED,,,GW-43568149
REF00000053,ORD0000730,CUST000730,TXN00000730,858.33,NOT_INITIATED,RETURN,,,GW-75767327
REF00000054,ORD0000746,CUST000746,TXN00000746,112.07,NOT_INITIATED,ORDER_CANCELLED,,,GW-65144515
REF00000055,ORD0000753,CUST000753,TXN00000753,184.88,NOT_INITIATED,RETURN,,,GW-74773101
REF00000056,ORD0000775,CUST000775,TXN00000775,491.6,NOT_INITIATED,RETURN,,,GW-91786246
REF00000057,ORD0000785,CUST000785,TXN00000785,727.47,NOT_INITIATED,ORDER_CANCELLED,,,GW-78945163
REF00000058,ORD0000786,CUST000786,TXN00000786,1615.63,NOT_INITIATED,ORDER_CANCELLED,,,GW-38357288
REF00000059,ORD0000788,CUST000788,TXN00000788,1031.67,NOT_INITIATED,ORDER_CANCELLED,,,GW-75576576
REF00000060,ORD0000790,CUST000790,TXN00000790,1908.42,NOT_INITIATED,RETURN,,,GW-85012599
REF00000061,ORD0000818,CUST000818,TXN00000818,250.02,NOT_INITIATED,RETURN,,,GW-71376986
REF00000062,ORD0000833,CUST000833,TXN00000833,972.35,NOT_INITIATED,ORDER_CANCELLED,,,GW-58876296
REF00000063,ORD0000835,CUST000835,TXN00000835,292.19,NOT_INITIATED,RETURN,,,GW-22346567
REF00000064,ORD0000842,CUST000842,TXN00000842,590.62,NOT_INITIATED,RETURN,,,GW-15405350
REF00000065,ORD0000844,CUST000844,TXN00000844,1251.33,NOT_INITIATED,ORDER_CANCELLED,,,GW-11015315
REF00000066,ORD0000894,CUST000894,TXN00000894,411.24,NOT_INITIATED,ORDER_CANCELLED,,,GW-67431352
REF00000067,ORD0000948,CUST000948,TXN00000948,558.65,NOT_INITIATED,ORDER_CANCELLED,,,GW-87172047
REF00000068,ORD0000959,CUST000959,TXN00000959,134.57,NOT_INITIATED,RETURN,,,GW-62591575
REF00000069,ORD0000978,CUST000978,TXN00000978,379.87,NOT_INITIATED,RETURN,,,GW-63692266
REF00000070,ORD0000999,CUST000999,TXN00000999,184.48,NOT_INITIATED,RETURN,,,GW-39335391
REF00000071,ORD0001000,CUST001000,TXN00001000,731.23,NOT_INITIATED,RETURN,,,GW-61636375
REF00000072,ORD0001005,CUST001005,TXN00001005,121.92,NOT_INITIATED,RETURN,,,GW-49550251
REF00000073,ORD0001030,CUST001030,TXN00001030,583.64,NOT_INITIATED,ORDER_CANCELLED,,,GW-65823356
REF00000074,ORD0001031,CUST001031,TXN00001031,1982.97,NOT_INITIATED,ORDER_CANCELLED,,,GW-63810144
REF00000075,ORD0001034,CUST001034,TXN00001034,1087.27,NOT_INITIATED,ORDER_CANCELLED,,,GW-36393021
REF00000076,ORD0001048,CUST001048,TXN00001048,248.84,NOT_INITIATED,RETURN,,,GW-25527561
REF00000077,ORD0001061,CUST001061,TXN00001061,662.48,NOT_INITIATED,RETURN,,,GW-74620534
REF00000078,ORD0001068,CUST001068,TXN00001068,504.89,NOT_INITIATED,RETURN,,,GW-47463204
REF00000079,ORD0001072,CUST001072,TXN00001072,937.3,NOT_INITIATED,ORDER_CANCELLED,,,GW-92912595
REF00000080,ORD0001084,CUST001084,TXN00001084,940.72,NOT_INITIATED,ORDER_CANCELLED,,,GW-82506624
REF00000081,ORD0001105,CUST001105,TXN00001105,2030.08,NOT_INITIATED,ORDER_CANCELLED,,,GW-33028108
REF00000082,ORD0001114,CUST001114,TXN00001114,1028.82,NOT_INITIATED,ORDER_CANCELLED,,,GW-96723552
REF00000083,ORD0001167,CUST001167,TXN00001167,157.59,NOT_INITIATED,RETURN,,,GW-42568414
REF00000084,ORD0001198,CUST001198,TXN00001198,414.1,NOT_INITIATED,RETURN,,,GW-40524308
REF00000085,ORD0001229,CUST001229,TXN00001229,782.49,NOT_INITIATED,ORDER_CANCELLED,,,GW-61695587
REF00000086,ORD0001244,CUST001244,TXN00001244,13.36,NOT_INITIATED,RETURN,,,GW-56658690
REF00000087,ORD0001252,CUST001252,TXN00001252,1760.73,NOT_INITIATED,ORDER_CANCELLED,,,GW-36224842
REF00000088,ORD0001253,CUST001253,TXN00001253,1571.94,NOT_INITIATED,RETURN,,,GW-50305502
REF00000089,ORD0001266,CUST001266,TXN00001266,749.79,NOT_INITIATED,RETURN,,,GW-14853558
REF00000090,ORD0001279,CUST001279,TXN00001279,565.59,NOT_INITIATED,ORDER_CANCELLED,,,GW-92445886
REF00000091,ORD0001284,CUST001284,TXN00001284,737.31,NOT_INITIATED,RETURN,,,GW-80565645
REF00000092,ORD0001352,CUST001352,TXN00001352,1284.9,NOT_INITIATED,RETURN,,,GW-41768800
REF00000093,ORD0001371,CUST001371,TXN00001371,279.83,NOT_INITIATED,RETURN,,,GW-23226216
REF00000094,ORD0001379,CUST001379,TXN00001379,487.6,NOT_INITIATED,RETURN,,,GW-83152176
REF00000095,ORD0001397,CUST001397,TXN00001397,1653.16,NOT_INITIATED,ORDER_CANCELLED,,,GW-65095231
REF00000096,ORD0001399,CUST001399,TXN00001399,346.68,NOT_INITIATED,RETURN,,,GW-21109661
REF00000097,ORD0001433,CUST001433,TXN00001433,1923.59,NOT_INITIATED,RETURN,,,GW-24807223
REF00000098,ORD0001444,CUST001444,TXN00001444,563.26,NOT_INITIATED,RETURN,,,GW-98718942
REF00000099,ORD0001447,CUST001447,TXN00001447,1212.74,NOT_INITIATED,ORDER_CANCELLED,,,GW-96832664
REF00000100,ORD0001486,CUST001486,TXN00001486,29.79,NOT_INITIATED,RETURN,,,GW-10299433
REF00000101,ORD0001493,CUST001493,TXN00001493,1924.61,NOT_INITIATED,ORDER_CANCELLED,,,GW-16674244
REF00000102,ORD0001507,CUST001507,TXN00001507,1695.82,NOT_INITIATED,RETURN,,,GW-24508077
REF00000103,ORD0001537,CUST001537,TXN00001537,1218.13,NOT_INITIATED,RETURN,,,GW-16553093
REF00000104,ORD0001553,CUST001553,TXN00001553,213.71,NOT_INITIATED,ORDER_CANCELLED,,,GW-46203833
REF00000105,ORD0001555,CUST001555,TXN00001555,240.38,NOT_INITIATED,ORDER_CANCELLED,,,GW-80311766
REF00000106,ORD0001557,CUST001557,TXN00001557,813.04,NOT_INITIATED,RETURN,,,GW-30232567
REF00000107,ORD0001603,CUST001603,TXN00001603,289.93,NOT_INITIATED,RETURN,,,GW-96801406
REF00000108,ORD0001609,CUST001609,TXN00001609,288.67,NOT_INITIATED,ORDER_CANCELLED,,,GW-58268763
REF00000109,ORD0001650,CUST001650,TXN00001650,740.7,NOT_INITIATED,RETURN,,,GW-37188378
REF00000110,ORD0001655,CUST001655,TXN00001655,161.76,NOT_INITIATED,RETURN,,,GW-37120200
REF00000111,ORD0001680,CUST001680,TXN00001680,1914.15,NOT_INITIATED,RETURN,,,GW-82696344
REF00000112,ORD0001690,CUST001690,TXN00001690,967.09,NOT_INITIATED,ORDER_CANCELLED,,,GW-96929428
REF00000113,ORD0001692,CUST001692,TXN00001692,112.24,NOT_INITIATED,ORDER_CANCELLED,,,GW-68167933
REF00000114,ORD0001695,CUST001695,TXN00001695,1804.16,NOT_INITIATED,ORDER_CANCELLED,,,GW-96291169
REF00000115,ORD0001725,CUST001725,TXN00001725,2305.34,NOT_INITIATED,RETURN,,,GW-96255253
REF00000116,ORD0001729,CUST001729,TXN00001729,246.76,NOT_INITIATED,RETURN,,,GW-50473923
REF00000117,ORD0001740,CUST001740,TXN00001740,606.38,NOT_INITIATED,RETURN,,,GW-63222909
REF00000118,ORD0001748,CUST001748,TXN00001748,210.16,NOT_INITIATED,ORDER_CANCELLED,,,GW-75725729
REF00000119,ORD0001773,CUST001773,TXN00001773,1236.74,NOT_INITIATED,ORDER_CANCELLED,,,GW-16209252
REF00000120,ORD0001792,CUST001792,TXN00001792,332.09,NOT_INITIATED,RETURN,,,GW-53706803
REF00000121,ORD0001796,CUST001796,TXN00001796,105.14,NOT_INITIATED,ORDER_CANCELLED,,,GW-45602504
REF00000122,ORD0001825,CUST001825,TXN00001825,218.3,NOT_INITIATED,RETURN,,,GW-19329696
REF00000123,ORD0001832,CUST001832,TXN00001832,399.22,NOT_INITIATED,RETURN,,,GW-27591590
REF00000124,ORD0001841,CUST001841,TXN00001841,1240.04,NOT_INITIATED,RETURN,,,GW-16828135
REF00000125,ORD0001849,CUST001849,TXN00001849,1748.06,NOT_INITIATED,ORDER_CANCELLED,,,GW-60112542
REF00000126,ORD0001851,CUST001851,TXN00001851,148.52,NOT_INITIATED,ORDER_CANCELLED,,,GW-14413016
REF00000127,ORD0001860,CUST001860,TXN00001860,982.72,NOT_INITIATED,RETURN,,,GW-22935591
REF00000128,ORD0001883,CUST001883,TXN00001883,2181.96,NOT_INITIATED,ORDER_CANCELLED,,,GW-10462465
REF00000129,ORD0001914,CUST001914,TXN00001914,440.42,NOT_INITIATED,RETURN,,,GW-91007281
REF00000130,ORD0001922,CUST001922,TXN00001922,367.86,NOT_INITIATED,ORDER_CANCELLED,,,GW-19065327
REF00000131,ORD0001979,CUST001979,TXN00001979,472.34,NOT_INITIATED,RETURN,,,GW-63092105
REF00000132,ORD0001996,CUST001996,TXN00001996,512.89,NOT_INITIATED,ORDER_CANCELLED,,,GW-49471331
REF00000133,ORD0002000,CUST002000,TXN00002000,478.42,NOT_INITIATED,ORDER_CANCELLED,,,GW-80002754
REF00000134,ORD0002010,CUST002010,TXN00002010,1130.43,NOT_INITIATED,ORDER_CANCELLED,,,GW-96874484
REF00000135,ORD0002050,CUST002050,TXN00002050,2043.19,NOT_INITIATED,ORDER_CANCELLED,,,GW-94381679
REF00000136,ORD0002061,CUST002061,TXN00002061,1517.76,NOT_INITIATED,RETURN,,,GW-12668772
REF00000137,ORD0002087,CUST002087,TXN00002087,141.67,NOT_INITIATED,RETURN,,,GW-68500500
REF00000138,ORD0002115,CUST002115,TXN00002115,511.71,NOT_INITIATED,RETURN,,,GW-44052253
REF00000139,ORD0002123,CUST002123,TXN00002123,301.91,NOT_INITIATED,ORDER_CANCELLED,,,GW-13360434
REF00000140,ORD0002125,CUST002125,TXN00002125,1324.64,NOT_INITIATED,RETURN,,,GW-33750581
REF00000141,ORD0002150,CUST002150,TXN00002150,1441.92,NOT_INITIATED,RETURN,,,GW-27885257
REF00000142,ORD0002155,CUST002155,TXN00002155,335.46,NOT_INITIATED,RETURN,,,GW-18832998
REF00000143,ORD0002164,CUST002164,TXN00002164,340.66,NOT_INITIATED,ORDER_CANCELLED,,,GW-80079168
REF00000144,ORD0002194,CUST002194,TXN00002194,1542.68,NOT_INITIATED,ORDER_CANCELLED,,,GW-94297440
REF00000145,ORD0002203,CUST002203,TXN00002203,1757.35,NOT_INITIATED,ORDER_CANCELLED,,,GW-47032362
REF00000146,ORD0002254,CUST002254,TXN00002254,113.71,NOT_INITIATED,ORDER_CANCELLED,,,GW-52060866
REF00000147,ORD0002282,CUST002282,TXN00002282,1059.39,NOT_INITIATED,RETURN,,,GW-67814425
REF00000148,ORD0002289,CUST002289,TXN00002289,1263.46,NOT_INITIATED,ORDER_CANCELLED,,,GW-69259508
REF00000149,ORD0002313,CUST002313,TXN00002313,629.58,NOT_INITIATED,RETURN,,,GW-76201502
REF00000150,ORD0002322,CUST002322,TXN00002322,447.42,NOT_INITIATED,RETURN,,,GW-45049910
REF00000151,ORD0002346,CUST002346,TXN00002346,377.23,NOT_INITIATED,RETURN,,,GW-67966682
REF00000152,ORD0002366,CUST002366,TXN00002366,931.02,NOT_INITIATED,RETURN,,,GW-96101688
REF00000153,ORD0002368,CUST002368,TXN00002368,2791.77,NOT_INITIATED,RETURN,,,GW-33121583
REF00000154,ORD0002380,CUST002380,TXN00002380,683.17,NOT_INITIATED,RETURN,,,GW-63166708
REF00000155,ORD0002383,CUST002383,TXN00002383,1047.76,NOT_INITIATED,RETURN,,,GW-89219618
REF00000156,ORD0002402,CUST002402,TXN00002402,457.73,NOT_INITIATED,RETURN,,,GW-95670429
REF00000157,ORD0002411,CUST002411,TXN00002411,331.96,NOT_INITIATED,ORDER_CANCELLED,,,GW-32963858
REF00000158,ORD0002414,CUST002414,TXN00002414,1591.49,NOT_INITIATED,ORDER_CANCELLED,,,GW-53108364
REF00000159,ORD0002441,CUST002441,TXN00002441,1741.95,NOT_INITIATED,RETURN,,,GW-86867385
REF00000160,ORD0002443,CUST002443,TXN00002443,2504.13,NOT_INITIATED,ORDER_CANCELLED,,,GW-58427402
REF00000161,ORD0002446,CUST002446,TXN00002446,1118.46,NOT_INITIATED,ORDER_CANCELLED,,,GW-48160431
REF00000162,ORD0002463,CUST002463,TXN00002463,342.3,NOT_INITIATED,RETURN,,,GW-18587366
REF00000163,ORD0002478,CUST002478,TXN00002478,73.76,NOT_INITIATED,ORDER_CANCELLED,,,GW-66496959
REF00000164,ORD0002485,CUST002485,TXN00002485,804.97,NOT_INITIATED,RETURN,,,GW-55280766
REF00000165,ORD0002500,CUST002500,TXN00002500,211.05,NOT_INITIATED,ORDER_CANCELLED,,,GW-95233683
REF00000166,ORD0002514,CUST002514,TXN00002514,282.5,NOT_INITIATED,ORDER_CANCELLED,,,GW-18894013
REF00000167,ORD0002535,CUST002535,TXN00002535,766.72,NOT_INITIATED,ORDER_CANCELLED,,,GW-96671622
REF00000168,ORD0002541,CUST002541,TXN00002541,1000.89,NOT_INITIATED,ORDER_CANCELLED,,,GW-66045674
REF00000169,ORD0002574,CUST002574,TXN00002574,242.71,NOT_INITIATED,RETURN,,,GW-38770344
REF00000170,ORD0002590,CUST002590,TXN00002590,405.67,NOT_INITIATED,RETURN,,,GW-65619780
REF00000171,ORD0002614,CUST002614,TXN00002614,458.41,NOT_INITIATED,RETURN,,,GW-69527677
REF00000172,ORD0002646,CUST002646,TXN00002646,400.17,NOT_INITIATED,RETURN,,,GW-88297449
REF00000173,ORD0002671,CUST002671,TXN00002671,1135.06,NOT_INITIATED,RETURN,,,GW-46019197
REF00000174,ORD0002708,CUST002708,TXN00002708,292.4,NOT_INITIATED,RETURN,,,GW-55482383
REF00000175,ORD0002732,CUST002732,TXN00002732,469.49,NOT_INITIATED,RETURN,,,GW-45074590
REF00000176,ORD0002755,CUST002755,TXN00002755,236.42,NOT_INITIATED,RETURN,,,GW-92821969
REF00000177,ORD0002757,CUST002757,TXN00002757,682.8,NOT_INITIATED,ORDER_CANCELLED,,,GW-37446983
REF00000178,ORD0002781,CUST002781,TXN00002781,1684.38,NOT_INITIATED,ORDER_CANCELLED,,,GW-92046860
REF00000179,ORD0002785,CUST002785,TXN00002785,1487.15,NOT_INITIATED,ORDER_CANCELLED,,,GW-28868607
REF00000180,ORD0002789,CUST002789,TXN00002789,1312.55,NOT_INITIATED,RETURN,,,GW-47652400
REF00000181,ORD0002807,CUST002807,TXN00002807,1230.72,NOT_INITIATED,ORDER_CANCELLED,,,GW-74499456
REF00000182,ORD0002832,CUST002832,TXN00002832,283.87,NOT_INITIATED,ORDER_CANCELLED,,,GW-39904251
REF00000183,ORD0002840,CUST002840,TXN00002840,103.46,NOT_INITIATED,RETURN,,,GW-51491265
REF00000184,ORD0002843,CUST002843,TXN00002843,1627.05,NOT_INITIATED,ORDER_CANCELLED,,,GW-50239819
REF00000185,ORD0002845,CUST002845,TXN00002845,399.85,NOT_INITIATED,RETURN,,,GW-36421875
REF00000186,ORD0002856,CUST002856,TXN00002856,769.88,NOT_INITIATED,RETURN,,,GW-54820406
REF00000187,ORD0002858,CUST002858,TXN00002858,1808.33,NOT_INITIATED,RETURN,,,GW-47909634
REF00000188,ORD0002878,CUST002878,TXN00002878,595.77,NOT_INITIATED,ORDER_CANCELLED,,,GW-19309634
REF00000189,ORD0002879,CUST002879,TXN00002879,752.61,NOT_INITIATED,RETURN,,,GW-20487460
REF00000190,ORD0002884,CUST002884,TXN00002884,1046.32,NOT_INITIATED,ORDER_CANCELLED,,,GW-55546940
REF00000191,ORD0002890,CUST002890,TXN00002890,2535.69,NOT_INITIATED,RETURN,,,GW-33782157
REF00000192,ORD0002920,CUST002920,TXN00002920,133.74,NOT_INITIATED,ORDER_CANCELLED,,,GW-70329483
REF00000193,ORD0002923,CUST002923,TXN00002923,1177.15,NOT_INITIATED,RETURN,,,GW-37585804
REF00000194,ORD0002937,CUST002937,TXN00002937,257.37,NOT_INITIATED,RETURN,,,GW-79717582
REF00000195,ORD0003000,CUST003000,TXN00003000,560.02,NOT_INITIATED,ORDER_CANCELLED,,,GW-78520855
REF00000196,ORD0003004,CUST003004,TXN00003004,395.18,NOT_INITIATED,ORDER_CANCELLED,,,GW-80032420
REF00000197,ORD0003008,CUST003008,TXN00003008,226.67,NOT_INITIATED,ORDER_CANCELLED,,,GW-25241143
REF00000198,ORD0003011,CUST003011,TXN00003011,1626.73,NOT_INITIATED,ORDER_CANCELLED,,,GW-39221159
REF00000199,ORD0003022,CUST003022,TXN00003022,1787.25,NOT_INITIATED,RETURN,,,GW-56022566
REF00000200,ORD0003023,CUST003023,TXN00003023,1874.19,NOT_INITIATED,ORDER_CANCELLED,,,GW-73499528
REF00000201,ORD0003040,CUST003040,TXN00003040,1936.24,NOT_INITIATED,RETURN,,,GW-40366343
REF00000202,ORD0003049,CUST003049,TXN00003049,639.31,NOT_INITIATED,ORDER_CANCELLED,,,GW-40399197
REF00000203,ORD0003057,CUST003057,TXN00003057,388.57,NOT_INITIATED,RETURN,,,GW-16153226
REF00000204,ORD0003061,CUST003061,TXN00003061,1143.68,NOT_INITIATED,ORDER_CANCELLED,,,GW-31016038
REF00000205,ORD0003073,CUST003073,TXN00003073,146.14,NOT_INITIATED,RETURN,,,GW-96731829
REF00000206,ORD0003075,CUST003075,TXN00003075,1783.94,NOT_INITIATED,RETURN,,,GW-74992396
REF00000207,ORD0003083,CUST003083,TXN00003083,587.67,NOT_INITIATED,RETURN,,,GW-58794788
REF00000208,ORD0003094,CUST003094,TXN00003094,80.23,NOT_INITIATED,ORDER_CANCELLED,,,GW-31158894
REF00000209,ORD0003095,CUST003095,TXN00003095,1652.23,NOT_INITIATED,RETURN,,,GW-88888750
REF00000210,ORD0003105,CUST003105,TXN00003105,14.36,NOT_INITIATED,RETURN,,,GW-70166957
REF00000211,ORD0003136,CUST003136,TXN00003136,650.62,NOT_INITIATED,RETURN,,,GW-26827519
REF00000212,ORD0003150,CUST003150,TXN00003150,887.93,NOT_INITIATED,ORDER_CANCELLED,,,GW-45794540
REF00000213,ORD0003158,CUST003158,TXN00003158,497.21,NOT_INITIATED,RETURN,,,GW-99332643
REF00000214,ORD0003204,CUST003204,TXN00003204,1273.44,NOT_INITIATED,ORDER_CANCELLED,,,GW-72686295
REF00000215,ORD0003207,CUST003207,TXN00003207,291.72,NOT_INITIATED,ORDER_CANCELLED,,,GW-45187115
REF00000216,ORD0003212,CUST003212,TXN00003212,1739.38,NOT_INITIATED,RETURN,,,GW-70976618
REF00000217,ORD0003223,CUST003223,TXN00003223,638.99,NOT_INITIATED,ORDER_CANCELLED,,,GW-94412799
REF00000218,ORD0003224,CUST003224,TXN00003224,1436.71,NOT_INITIATED,RETURN,,,GW-53307511
REF00000219,ORD0003226,CUST003226,TXN00003226,830.51,NOT_INITIATED,RETURN,,,GW-53690329
REF00000220,ORD0003267,CUST003267,TXN00003267,963.57,NOT_INITIATED,ORDER_CANCELLED,,,GW-86123753
REF00000221,ORD0003269,CUST003269,TXN00003269,2227.63,NOT_INITIATED,ORDER_CANCELLED,,,GW-47440110
REF00000222,ORD0003280,CUST003280,TXN00003280,459.27,NOT_INITIATED,RETURN,,,GW-31580467
REF00000223,ORD0003296,CUST003296,TXN00003296,1775.34,NOT_INITIATED,RETURN,,,GW-76709826
REF00000224,ORD0003300,CUST003300,TXN00003300,2198.37,NOT_INITIATED,RETURN,,,GW-91263559
REF00000225,ORD0003364,CUST003364,TXN00003364,388.29,NOT_INITIATED,ORDER_CANCELLED,,,GW-76443495
REF00000226,ORD0003383,CUST003383,TXN00003383,52.9,NOT_INITIATED,RETURN,,,GW-41145165
REF00000227,ORD0003406,CUST003406,TXN00003406,1851.73,NOT_INITIATED,RETURN,,,GW-79083626
REF00000228,ORD0003419,CUST003419,TXN00003419,403.39,NOT_INITIATED,RETURN,,,GW-48183625
REF00000229,ORD0003445,CUST003445,TXN00003445,28.69,NOT_INITIATED,ORDER_CANCELLED,,,GW-77742761
REF00000230,ORD0003453,CUST003453,TXN00003453,24.29,NOT_INITIATED,ORDER_CANCELLED,,,GW-37553165
REF00000231,ORD0003461,CUST003461,TXN00003461,1130.09,NOT_INITIATED,ORDER_CANCELLED,,,GW-26968581
REF00000232,ORD0003467,CUST003467,TXN00003467,1146.0,NOT_INITIATED,ORDER_CANCELLED,,,GW-75636648
REF00000233,ORD0003481,CUST003481,TXN00003481,2323.45,NOT_INITIATED,ORDER_CANCELLED,,,GW-45268027
REF00000234,ORD0003482,CUST003482,TXN00003482,577.75,NOT_INITIATED,ORDER_CANCELLED,,,GW-51903747
REF00000235,ORD0003484,CUST003484,TXN00003484,2254.75,NOT_INITIATED,ORDER_CANCELLED,,,GW-35349138
REF00000236,ORD0003515,CUST003515,TXN00003515,67.83,NOT_INITIATED,RETURN,,,GW-43730945
REF00000237,ORD0003534,CUST003534,TXN00003534,1536.43,NOT_INITIATED,ORDER_CANCELLED,,,GW-46384488
REF00000238,ORD0003541,CUST003541,TXN00003541,448.22,NOT_INITIATED,RETURN,,,GW-55299832
REF00000239,ORD0003547,CUST003547,TXN00003547,3116.42,NOT_INITIATED,ORDER_CANCELLED,,,GW-28331233
REF00000240,ORD0003558,CUST003558,TXN00003558,2098.94,NOT_INITIATED,ORDER_CANCELLED,,,GW-15007397
REF00000241,ORD0003570,CUST003570,TXN00003570,625.38,NOT_INITIATED,RETURN,,,GW-43139761
REF00000242,ORD0003583,CUST003583,TXN00003583,1681.84,NOT_INITIATED,ORDER_CANCELLED,,,GW-85588247
REF00000243,ORD0003598,CUST003598,TXN00003598,759.44,NOT_INITIATED,ORDER_CANCELLED,,,GW-23665062
REF00000244,ORD0003607,CUST003607,TXN00003607,359.72,NOT_INITIATED,RETURN,,,GW-53906471
REF00000245,ORD0003608,CUST003608,TXN00003608,1533.11,NOT_INITIATED,RETURN,,,GW-45361088
REF00000246,ORD0003625,CUST003625,TXN00003625,879.09,NOT_INITIATED,ORDER_CANCELLED,,,GW-48083749
REF00000247,ORD0003630,CUST003630,TXN00003630,313.38,NOT_INITIATED,RETURN,,,GW-44262006
REF00000248,ORD0003690,CUST003690,TXN00003690,1948.32,NOT_INITIATED,ORDER_CANCELLED,,,GW-49528752
REF00000249,ORD0003702,CUST003702,TXN00003702,1594.71,NOT_INITIATED,ORDER_CANCELLED,,,GW-23337148
REF00000250,ORD0003704,CUST003704,TXN00003704,190.19,NOT_INITIATED,RETURN,,,GW-27024988
REF00000251,ORD0003718,CUST003718,TXN00003718,902.28,NOT_INITIATED,RETURN,,,GW-18022617
REF00000252,ORD0003728,CUST003728,TXN00003728,1239.35,NOT_INITIATED,RETURN,,,GW-11602448
REF00000253,ORD0003739,CUST003739,TXN00003739,1216.35,NOT_INITIATED,RETURN,,,GW-70724787
REF00000254,ORD0003765,CUST003765,TXN00003765,1661.93,NOT_INITIATED,ORDER_CANCELLED,,,GW-10672709
REF00000255,ORD0003782,CUST003782,TXN00003782,615.74,NOT_INITIATED,RETURN,,,GW-14889452
REF00000256,ORD0003793,CUST003793,TXN00003793,94.15,NOT_INITIATED,ORDER_CANCELLED,,,GW-65904093
REF00000257,ORD0003800,CUST003800,TXN00003800,844.3,NOT_INITIATED,ORDER_CANCELLED,,,GW-23287551
REF00000258,ORD0003809,CUST003809,TXN00003809,2447.21,NOT_INITIATED,ORDER_CANCELLED,,,GW-15410789
REF00000259,ORD0003823,CUST003823,TXN00003823,2715.11,NOT_INITIATED,ORDER_CANCELLED,,,GW-14991217
REF00000260,ORD0003886,CUST003886,TXN00003886,504.93,NOT_INITIATED,RETURN,,,GW-27167245
REF00000261,ORD0003897,CUST003897,TXN00003897,2850.38,NOT_INITIATED,ORDER_CANCELLED,,,GW-60783503
REF00000262,ORD0003899,CUST003899,TXN00003899,577.08,NOT_INITIATED,ORDER_CANCELLED,,,GW-10883181
REF00000263,ORD0003915,CUST003915,TXN00003915,434.03,NOT_INITIATED,RETURN,,,GW-97750401
REF00000264,ORD0003924,CUST003924,TXN00003924,246.39,NOT_INITIATED,RETURN,,,GW-35661706
REF00000265,ORD0003946,CUST003946,TXN00003946,2196.68,NOT_INITIATED,ORDER_CANCELLED,,,GW-30352015
REF00000266,ORD0003948,CUST003948,TXN00003948,1893.83,NOT_INITIATED,RETURN,,,GW-61539270
REF00000267,ORD0003949,CUST003949,TXN00003949,596.52,NOT_INITIATED,ORDER_CANCELLED,,,GW-20099097
REF00000268,ORD0003976,CUST003976,TXN00003976,944.19,NOT_INITIATED,ORDER_CANCELLED,,,GW-35221387
REF00000269,ORD0003981,CUST003981,TXN00003981,2276.05,NOT_INITIATED,ORDER_CANCELLED,,,GW-92895613
REF00000270,ORD0003988,CUST003988,TXN00003988,2217.08,NOT_INITIATED,ORDER_CANCELLED,,,GW-23905296
REF00000271,ORD0004006,CUST004006,TXN00004006,403.39,NOT_INITIATED,RETURN,,,GW-22059667
REF00000272,ORD0004008,CUST004008,TXN00004008,471.12,NOT_INITIATED,RETURN,,,GW-45255914
REF00000273,ORD0004032,CUST004032,TXN00004032,335.7,NOT_INITIATED,ORDER_CANCELLED,,,GW-53401285
REF00000274,ORD0004037,CUST004037,TXN00004037,696.84,NOT_INITIATED,ORDER_CANCELLED,,,GW-29322247
REF00000275,ORD0004045,CUST004045,TXN00004045,601.41,NOT_INITIATED,ORDER_CANCELLED,,,GW-34611107
REF00000276,ORD0004051,CUST004051,TXN00004051,372.13,NOT_INITIATED,RETURN,,,GW-50245213
REF00000277,ORD0004063,CUST004063,TXN00004063,182.66,NOT_INITIATED,ORDER_CANCELLED,,,GW-62100850
REF00000278,ORD0004067,CUST004067,TXN00004067,105.72,NOT_INITIATED,RETURN,,,GW-63783200
REF00000279,ORD0004082,CUST004082,TXN00004082,1266.68,NOT_INITIATED,ORDER_CANCELLED,,,GW-78625379
REF00000280,ORD0004084,CUST004084,TXN00004084,1712.39,NOT_INITIATED,ORDER_CANCELLED,,,GW-29856166
REF00000281,ORD0004087,CUST004087,TXN00004087,400.07,NOT_INITIATED,ORDER_CANCELLED,,,GW-26332849
REF00000282,ORD0004107,CUST004107,TXN00004107,451.97,NOT_INITIATED,ORDER_CANCELLED,,,GW-13642589
REF00000283,ORD0004164,CUST004164,TXN00004164,708.17,NOT_INITIATED,RETURN,,,GW-73033875
REF00000284,ORD0004180,CUST004180,TXN00004180,998.6,NOT_INITIATED,RETURN,,,GW-66486750
REF00000285,ORD0004188,CUST004188,TXN00004188,479.3,NOT_INITIATED,ORDER_CANCELLED,,,GW-27829458
REF00000286,ORD0004199,CUST004199,TXN00004199,663.39,NOT_INITIATED,ORDER_CANCELLED,,,GW-77449928
REF00000287,ORD0004252,CUST004252,TXN00004252,1232.46,NOT_INITIATED,ORDER_CANCELLED,,,GW-80141040
REF00000288,ORD0004291,CUST004291,TXN00004291,645.34,NOT_INITIATED,ORDER_CANCELLED,,,GW-14248640
REF00000289,ORD0004304,CUST004304,TXN00004304,100.8,NOT_INITIATED,RETURN,,,GW-41641111
REF00000290,ORD0004318,CUST004318,TXN00004318,1196.79,NOT_INITIATED,RETURN,,,GW-93853620
REF00000291,ORD0004332,CUST004332,TXN00004332,261.21,NOT_INITIATED,RETURN,,,GW-14971361
REF00000292,ORD0004350,CUST004350,TXN00004350,582.32,NOT_INITIATED,ORDER_CANCELLED,,,GW-40960608
REF00000293,ORD0004354,CUST004354,TXN00004354,146.7,NOT_INITIATED,ORDER_CANCELLED,,,GW-37288233
REF00000294,ORD0004381,CUST004381,TXN00004381,2629.39,NOT_INITIATED,ORDER_CANCELLED,,,GW-44162257
REF00000295,ORD0004398,CUST004398,TXN00004398,1036.77,NOT_INITIATED,ORDER_CANCELLED,,,GW-66559866
REF00000296,ORD0004403,CUST004403,TXN00004403,760.04,NOT_INITIATED,ORDER_CANCELLED,,,GW-29694888
REF00000297,ORD0004426,CUST004426,TXN00004426,607.37,NOT_INITIATED,RETURN,,,GW-60298215
REF00000298,ORD0004443,CUST004443,TXN00004443,1720.17,NOT_INITIATED,RETURN,,,GW-79187087
REF00000299,ORD0004450,CUST004450,TXN00004450,141.66,NOT_INITIATED,RETURN,,,GW-30082715
REF00000300,ORD0004472,CUST004472,TXN00004472,280.06,NOT_INITIATED,ORDER_CANCELLED,,,GW-25352167
REF00000301,ORD0004489,CUST004489,TXN00004489,75.88,NOT_INITIATED,ORDER_CANCELLED,,,GW-35211475
REF00000302,ORD0004490,CUST004490,TXN00004490,2813.05,NOT_INITIATED,ORDER_CANCELLED,,,GW-81251823
REF00000303,ORD0004494,CUST004494,TXN00004494,1075.6,NOT_INITIATED,ORDER_CANCELLED,,,GW-31651250
REF00000304,ORD0004506,CUST004506,TXN00004506,134.83,NOT_INITIATED,ORDER_CANCELLED,,,GW-77403022
REF00000305,ORD0004512,CUST004512,TXN00004512,325.9,NOT_INITIATED,RETURN,,,GW-88842688
REF00000306,ORD0004517,CUST004517,TXN00004517,1299.21,NOT_INITIATED,RETURN,,,GW-38328041
REF00000307,ORD0004567,CUST004567,TXN00004567,982.11,NOT_INITIATED,ORDER_CANCELLED,,,GW-62809693
REF00000308,ORD0004584,CUST004584,TXN00004584,1331.2,NOT_INITIATED,ORDER_CANCELLED,,,GW-16972389
REF00000309,ORD0004613,CUST004613,TXN00004613,193.65,NOT_INITIATED,ORDER_CANCELLED,,,GW-23522480
REF00000310,ORD0004621,CUST004621,TXN00004621,1282.34,NOT_INITIATED,ORDER_CANCELLED,,,GW-53625376
REF00000311,ORD0004637,CUST004637,TXN00004637,174.51,NOT_INITIATED,ORDER_CANCELLED,,,GW-44005414
REF00000312,ORD0004655,CUST004655,TXN00004655,1304.93,NOT_INITIATED,ORDER_CANCELLED,,,GW-30607548
REF00000313,ORD0004667,CUST004667,TXN00004667,1440.03,NOT_INITIATED,ORDER_CANCELLED,,,GW-56273016
REF00000314,ORD0004710,CUST004710,TXN00004710,394.4,NOT_INITIATED,ORDER_CANCELLED,,,GW-62804654
REF00000315,ORD0004716,CUST004716,TXN00004716,2076.87,NOT_INITIATED,RETURN,,,GW-41237587
REF00000316,ORD0004720,CUST004720,TXN00004720,1219.16,NOT_INITIATED,RETURN,,,GW-85109034
REF00000317,ORD0004721,CUST004721,TXN00004721,972.26,NOT_INITIATED,ORDER_CANCELLED,,,GW-26320291
REF00000318,ORD0004734,CUST004734,TXN00004734,608.79,NOT_INITIATED,RETURN,,,GW-60298027
REF00000319,ORD0004771,CUST004771,TXN00004771,1940.0,NOT_INITIATED,RETURN,,,GW-36971356
REF00000320,ORD0004781,CUST004781,TXN00004781,1463.16,NOT_INITIATED,RETURN,,,GW-21206461
REF00000321,ORD0004784,CUST004784,TXN00004784,1266.6,NOT_INITIATED,RETURN,,,GW-36566458
REF00000322,ORD0004797,CUST004797,TXN00004797,1154.29,NOT_INITIATED,RETURN,,,GW-64383965
REF00000323,ORD0004800,CUST004800,TXN00004800,803.27,NOT_INITIATED,ORDER_CANCELLED,,,GW-98997634
REF00000324,ORD0004801,CUST004801,TXN00004801,1030.57,NOT_INITIATED,RETURN,,,GW-52105060
REF00000325,ORD0004805,CUST004805,TXN00004805,38.78,NOT_INITIATED,ORDER_CANCELLED,,,GW-23212195
REF00000326,ORD0004812,CUST004812,TXN00004812,1677.01,NOT_INITIATED,ORDER_CANCELLED,,,GW-29226473
REF00000327,ORD0004816,CUST004816,TXN00004816,2322.95,NOT_INITIATED,ORDER_CANCELLED,,,GW-27182269
REF00000328,ORD0004854,CUST004854,TXN00004854,537.87,NOT_INITIATED,ORDER_CANCELLED,,,GW-68261004
REF00000329,ORD0004855,CUST004855,TXN00004855,2027.51,NOT_INITIATED,RETURN,,,GW-39865699
REF00000330,ORD0004885,CUST004885,TXN00004885,1236.04,NOT_INITIATED,ORDER_CANCELLED,,,GW-28053441
REF00000331,ORD0004900,CUST004900,TXN00004900,13.23,NOT_INITIATED,ORDER_CANCELLED,,,GW-96490438
REF00000332,ORD0004907,CUST004907,TXN00004907,42.29,NOT_INITIATED,ORDER_CANCELLED,,,GW-69321134
REF00000333,ORD0004946,CUST004946,TXN00004946,1185.61,NOT_INITIATED,ORDER_CANCELLED,,,GW-35282251
REF00000334,ORD0004969,CUST004969,TXN00004969,2410.68,NOT_INITIATED,ORDER_CANCELLED,,,GW-17311569
REF00000335,ORD0004971,CUST004971,TXN00004971,202.13,NOT_INITIATED,ORDER_CANCELLED,,,GW-32326322
REF00000336,ORD0004976,CUST004976,TXN00004976,441.98,NOT_INITIATED,RETURN,,,GW-72353424
REF00000337,ORD0004992,CUST004992,TXN00004992,293.01,NOT_INITIATED,ORDER_CANCELLED,,,GW-26593728
REF00000338,ORD0004996,CUST004996,TXN00004996,353.58,NOT_INITIATED,RETURN,,,GW-64813203
REF00000339,ORD0005007,CUST005007,TXN00005007,228.64,NOT_INITIATED,RETURN,,,GW-71843435
REF00000340,ORD0005023,CUST005023,TXN00005023,2037.84,NOT_INITIATED,ORDER_CANCELLED,,,GW-54759312
REF00000341,ORD0005036,CUST005036,TXN00005036,2422.0,NOT_INITIATED,ORDER_CANCELLED,,,GW-16137482
REF00000342,ORD0005043,CUST005043,TXN00005043,2298.29,NOT_INITIATED,ORDER_CANCELLED,,,GW-91406582
REF00000343,ORD0005047,CUST005047,TXN00005047,1658.44,NOT_INITIATED,RETURN,,,GW-93775433
REF00000344,ORD0005053,CUST005053,TXN00005053,1229.53,NOT_INITIATED,RETURN,,,GW-57318781
REF00000345,ORD0005059,CUST005059,TXN00005059,56.55,NOT_INITIATED,ORDER_CANCELLED,,,GW-59316559
REF00000346,ORD0005082,CUST005082,TXN00005082,54.46,NOT_INITIATED,RETURN,,,GW-72253485
REF00000347,ORD0005121,CUST005121,TXN00005121,1089.66,NOT_INITIATED,ORDER_CANCELLED,,,GW-22291712
REF00000348,ORD0005138,CUST005138,TXN00005138,637.51,NOT_INITIATED,RETURN,,,GW-71052648
REF00000349,ORD0005139,CUST005139,TXN00005139,2375.34,NOT_INITIATED,ORDER_CANCELLED,,,GW-64832083
REF00000350,ORD0005155,CUST005155,TXN00005155,1307.9,NOT_INITIATED,ORDER_CANCELLED,,,GW-64531958
REF00000351,ORD0005157,CUST005157,TXN00005157,1735.13,NOT_INITIATED,ORDER_CANCELLED,,,GW-44749361
REF00000352,ORD0005177,CUST005177,TXN00005177,2054.37,NOT_INITIATED,RETURN,,,GW-34500446
REF00000353,ORD0005183,CUST005183,TXN00005183,2207.19,NOT_INITIATED,RETURN,,,GW-49515084
REF00000354,ORD0005198,CUST005198,TXN00005198,514.21,NOT_INITIATED,ORDER_CANCELLED,,,GW-75831676
REF00000355,ORD0005201,CUST005201,TXN00005201,543.68,NOT_INITIATED,RETURN,,,GW-47493735
REF00000356,ORD0005289,CUST005289,TXN00005289,339.2,NOT_INITIATED,RETURN,,,GW-17942718
REF00000357,ORD0005317,CUST005317,TXN00005317,702.01,NOT_INITIATED,RETURN,,,GW-91495294
REF00000358,ORD0005358,CUST005358,TXN00005358,291.15,NOT_INITIATED,ORDER_CANCELLED,,,GW-20601171
REF00000359,ORD0005382,CUST005382,TXN00005382,760.18,NOT_INITIATED,RETURN,,,GW-79155233
REF00000360,ORD0005403,CUST005403,TXN00005403,1352.46,NOT_INITIATED,ORDER_CANCELLED,,,GW-47874330
REF00000361,ORD0005434,CUST005434,TXN00005434,607.4,NOT_INITIATED,RETURN,,,GW-67770998
REF00000362,ORD0005441,CUST005441,TXN00005441,916.75,NOT_INITIATED,RETURN,,,GW-56379272
REF00000363,ORD0005506,CUST005506,TXN00005506,1687.82,NOT_INITIATED,RETURN,,,GW-88308699
REF00000364,ORD0005527,CUST005527,TXN00005527,2411.25,NOT_INITIATED,ORDER_CANCELLED,,,GW-79029526
REF00000365,ORD0005577,CUST005577,TXN00005577,244.53,NOT_INITIATED,RETURN,,,GW-22724021
REF00000366,ORD0005579,CUST005579,TXN00005579,1329.51,NOT_INITIATED,ORDER_CANCELLED,,,GW-66431967
REF00000367,ORD0005592,CUST005592,TXN00005592,1037.62,NOT_INITIATED,ORDER_CANCELLED,,,GW-46222770
REF00000368,ORD0005612,CUST005612,TXN00005612,651.19,NOT_INITIATED,RETURN,,,GW-54089878
REF00000369,ORD0005617,CUST005617,TXN00005617,502.58,NOT_INITIATED,RETURN,,,GW-75457439
REF00000370,ORD0005645,CUST005645,TXN00005645,1394.94,NOT_INITIATED,RETURN,,,GW-26488748
REF00000371,ORD0005646,CUST005646,TXN00005646,277.8,NOT_INITIATED,RETURN,,,GW-95764148
REF00000372,ORD0005654,CUST005654,TXN00005654,32.76,NOT_INITIATED,RETURN,,,GW-69676643
REF00000373,ORD0005664,CUST005664,TXN00005664,1764.71,NOT_INITIATED,RETURN,,,GW-84011526
REF00000374,ORD0005693,CUST005693,TXN00005693,1568.46,NOT_INITIATED,RETURN,,,GW-12895039
REF00000375,ORD0005697,CUST005697,TXN00005697,219.04,NOT_INITIATED,RETURN,,,GW-88243301
REF00000376,ORD0005708,CUST005708,TXN00005708,155.52,NOT_INITIATED,ORDER_CANCELLED,,,GW-40819355
REF00000377,ORD0005718,CUST005718,TXN00005718,35.21,NOT_INITIATED,ORDER_CANCELLED,,,GW-98874654
REF00000378,ORD0005763,CUST005763,TXN00005763,392.4,NOT_INITIATED,ORDER_CANCELLED,,,GW-43844979
REF00000379,ORD0005765,CUST005765,TXN00005765,413.85,NOT_INITIATED,ORDER_CANCELLED,,,GW-44991341
REF00000380,ORD0005794,CUST005794,TXN00005794,81.14,NOT_INITIATED,RETURN,,,GW-43845872
REF00000381,ORD0005846,CUST005846,TXN00005846,916.41,NOT_INITIATED,RETURN,,,GW-30549075
REF00000382,ORD0005854,CUST005854,TXN00005854,1379.76,NOT_INITIATED,RETURN,,,GW-24934184
REF00000383,ORD0005890,CUST005890,TXN00005890,2422.0,NOT_INITIATED,ORDER_CANCELLED,,,GW-58081013
REF00000384,ORD0005891,CUST005891,TXN00005891,548.48,NOT_INITIATED,RETURN,,,GW-30771934
REF00000385,ORD0005906,CUST005906,TXN00005906,942.97,NOT_INITIATED,RETURN,,,GW-54109703
REF00000386,ORD0005910,CUST005910,TXN00005910,358.56,NOT_INITIATED,ORDER_CANCELLED,,,GW-91660252
REF00000387,ORD0005911,CUST005911,TXN00005911,206.14,NOT_INITIATED,RETURN,,,GW-20229843
REF00000388,ORD0005926,CUST005926,TXN00005926,410.25,NOT_INITIATED,ORDER_CANCELLED,,,GW-14122185
REF00000389,ORD0005948,CUST005948,TXN00005948,232.11,NOT_INITIATED,ORDER_CANCELLED,,,GW-26773396
REF00000390,ORD0005953,CUST005953,TXN00005953,1508.16,NOT_INITIATED,RETURN,,,GW-71068224
REF00000391,ORD0005969,CUST005969,TXN00005969,488.93,NOT_INITIATED,ORDER_CANCELLED,,,GW-77413442
REF00000392,ORD0005972,CUST005972,TXN00005972,299.03,NOT_INITIATED,RETURN,,,GW-96571599
REF00000393,ORD0005978,CUST005978,TXN00005978,553.33,NOT_INITIATED,ORDER_CANCELLED,,,GW-72446698
REF00000394,ORD0005981,CUST005981,TXN00005981,805.19,NOT_INITIATED,RETURN,,,GW-79518951
REF00000395,ORD0005988,CUST005988,TXN00005988,532.41,NOT_INITIATED,RETURN,,,GW-19488111
REF00000396,ORD0006002,CUST006002,TXN00006002,2171.96,NOT_INITIATED,RETURN,,,GW-48329189
REF00000397,ORD0006017,CUST006017,TXN00006017,37.83,NOT_INITIATED,ORDER_CANCELLED,,,GW-83881930
REF00000398,ORD0006024,CUST006024,TXN00006024,132.91,NOT_INITIATED,ORDER_CANCELLED,,,GW-83165132
REF00000399,ORD0006031,CUST006031,TXN00006031,1461.64,NOT_INITIATED,RETURN,,,GW-99620220
REF00000400,ORD0006036,CUST006036,TXN00006036,1696.27,NOT_INITIATED,RETURN,,,GW-31661546
REF00000401,ORD0006059,CUST006059,TXN00006059,272.85,NOT_INITIATED,RETURN,,,GW-55573981
REF00000402,ORD0006089,CUST006089,TXN00006089,1678.22,NOT_INITIATED,ORDER_CANCELLED,,,GW-15132005
REF00000403,ORD0006092,CUST006092,TXN00006092,928.25,NOT_INITIATED,ORDER_CANCELLED,,,GW-90426579
REF00000404,ORD0006104,CUST006104,TXN00006104,1318.58,NOT_INITIATED,RETURN,,,GW-67288022
REF00000405,ORD0006114,CUST006114,TXN00006114,579.88,NOT_INITIATED,ORDER_CANCELLED,,,GW-36347752
REF00000406,ORD0006115,CUST006115,TXN00006115,2754.87,NOT_INITIATED,ORDER_CANCELLED,,,GW-82259237
REF00000407,ORD0006119,CUST006119,TXN00006119,1806.08,NOT_INITIATED,RETURN,,,GW-26091792
REF00000408,ORD0006136,CUST006136,TXN00006136,2172.98,NOT_INITIATED,RETURN,,,GW-83561963
REF00000409,ORD0006150,CUST006150,TXN00006150,230.05,NOT_INITIATED,ORDER_CANCELLED,,,GW-97919543
REF00000410,ORD0006170,CUST006170,TXN00006170,114.68,NOT_INITIATED,ORDER_CANCELLED,,,GW-56634540
REF00000411,ORD0006177,CUST006177,TXN00006177,315.71,NOT_INITIATED,RETURN,,,GW-38364915
REF00000412,ORD0006181,CUST006181,TXN00006181,242.32,NOT_INITIATED,RETURN,,,GW-73897937
REF00000413,ORD0006197,CUST006197,TXN00006197,445.63,NOT_INITIATED,ORDER_CANCELLED,,,GW-79852469
REF00000414,ORD0006203,CUST006203,TXN00006203,260.06,NOT_INITIATED,ORDER_CANCELLED,,,GW-45667931
REF00000415,ORD0006204,CUST006204,TXN00006204,1387.06,NOT_INITIATED,RETURN,,,GW-56251770
REF00000416,ORD0006212,CUST006212,TXN00006212,657.6,NOT_INITIATED,RETURN,,,GW-99849170
REF00000417,ORD0006213,CUST006213,TXN00006213,1201.53,NOT_INITIATED,ORDER_CANCELLED,,,GW-14743386
REF00000418,ORD0006221,CUST006221,TXN00006221,489.65,NOT_INITIATED,RETURN,,,GW-79877981
REF00000419,ORD0006229,CUST006229,TXN00006229,977.62,NOT_INITIATED,RETURN,,,GW-29174361
REF00000420,ORD0006243,CUST006243,TXN00006243,1955.38,NOT_INITIATED,ORDER_CANCELLED,,,GW-14916734
REF00000421,ORD0006253,CUST006253,TXN00006253,1841.68,NOT_INITIATED,ORDER_CANCELLED,,,GW-95354167
REF00000422,ORD0006265,CUST006265,TXN00006265,470.53,NOT_INITIATED,RETURN,,,GW-17481008
REF00000423,ORD0006283,CUST006283,TXN00006283,854.38,NOT_INITIATED,RETURN,,,GW-10046601
REF00000424,ORD0006310,CUST006310,TXN00006310,514.94,NOT_INITIATED,RETURN,,,GW-50604110
REF00000425,ORD0006320,CUST006320,TXN00006320,717.86,NOT_INITIATED,RETURN,,,GW-26601451
REF00000426,ORD0006328,CUST006328,TXN00006328,602.27,NOT_INITIATED,ORDER_CANCELLED,,,GW-12971807
REF00000427,ORD0006330,CUST006330,TXN00006330,277.26,NOT_INITIATED,RETURN,,,GW-48808150
REF00000428,ORD0006348,CUST006348,TXN00006348,636.09,NOT_INITIATED,ORDER_CANCELLED,,,GW-75736422
REF00000429,ORD0006352,CUST006352,TXN00006352,1128.78,NOT_INITIATED,RETURN,,,GW-63988229
REF00000430,ORD0006354,CUST006354,TXN00006354,266.35,NOT_INITIATED,ORDER_CANCELLED,,,GW-50971863
REF00000431,ORD0006402,CUST006402,TXN00006402,605.92,NOT_INITIATED,RETURN,,,GW-22959724
REF00000432,ORD0006410,CUST006410,TXN00006410,2495.0,NOT_INITIATED,RETURN,,,GW-69658255
REF00000433,ORD0006452,CUST006452,TXN00006452,232.71,NOT_INITIATED,RETURN,,,GW-96943464
REF00000434,ORD0006467,CUST006467,TXN00006467,960.54,NOT_INITIATED,ORDER_CANCELLED,,,GW-41745614
REF00000435,ORD0006475,CUST006475,TXN00006475,283.38,NOT_INITIATED,RETURN,,,GW-31789249
REF00000436,ORD0006485,CUST006485,TXN00006485,498.42,NOT_INITIATED,RETURN,,,GW-16680266
REF00000437,ORD0006496,CUST006496,TXN00006496,2287.9,NOT_INITIATED,RETURN,,,GW-13766338
REF00000438,ORD0006499,CUST006499,TXN00006499,76.97,NOT_INITIATED,RETURN,,,GW-79722612
REF00000439,ORD0006522,CUST006522,TXN00006522,1826.72,NOT_INITIATED,ORDER_CANCELLED,,,GW-25702918
REF00000440,ORD0006523,CUST006523,TXN00006523,547.94,NOT_INITIATED,ORDER_CANCELLED,,,GW-25881053
REF00000441,ORD0006537,CUST006537,TXN00006537,340.47,NOT_INITIATED,RETURN,,,GW-18856409
REF00000442,ORD0006548,CUST006548,TXN00006548,494.72,NOT_INITIATED,RETURN,,,GW-13017871
REF00000443,ORD0006550,CUST006550,TXN00006550,193.68,NOT_INITIATED,ORDER_CANCELLED,,,GW-67571561
REF00000444,ORD0006556,CUST006556,TXN00006556,706.35,NOT_INITIATED,RETURN,,,GW-30829406
REF00000445,ORD0006564,CUST006564,TXN00006564,362.45,NOT_INITIATED,ORDER_CANCELLED,,,GW-12614166
REF00000446,ORD0006573,CUST006573,TXN00006573,963.16,NOT_INITIATED,RETURN,,,GW-94128383
REF00000447,ORD0006577,CUST006577,TXN00006577,1194.21,NOT_INITIATED,ORDER_CANCELLED,,,GW-78636099
REF00000448,ORD0006618,CUST006618,TXN00006618,1537.76,NOT_INITIATED,RETURN,,,GW-70881704
REF00000449,ORD0006634,CUST006634,TXN00006634,2249.53,NOT_INITIATED,ORDER_CANCELLED,,,GW-83344502
REF00000450,ORD0006643,CUST006643,TXN00006643,802.12,NOT_INITIATED,ORDER_CANCELLED,,,GW-10757434
REF00000451,ORD0006681,CUST006681,TXN00006681,289.51,NOT_INITIATED,ORDER_CANCELLED,,,GW-28729161
REF00000452,ORD0006709,CUST006709,TXN00006709,376.89,NOT_INITIATED,ORDER_CANCELLED,,,GW-94383163
REF00000453,ORD0006730,CUST006730,TXN00006730,88.02,NOT_INITIATED,RETURN,,,GW-58604310
REF00000454,ORD0006740,CUST006740,TXN00006740,3009.78,NOT_INITIATED,RETURN,,,GW-64105636
REF00000455,ORD0006753,CUST006753,TXN00006753,2471.92,NOT_INITIATED,ORDER_CANCELLED,,,GW-26160055
REF00000456,ORD0006781,CUST006781,TXN00006781,256.6,NOT_INITIATED,ORDER_CANCELLED,,,GW-49650590
REF00000457,ORD0006782,CUST006782,TXN00006782,1088.12,NOT_INITIATED,RETURN,,,GW-74974505
REF00000458,ORD0006809,CUST006809,TXN00006809,473.85,NOT_INITIATED,RETURN,,,GW-65119178
REF00000459,ORD0006838,CUST006838,TXN00006838,1399.44,NOT_INITIATED,RETURN,,,GW-16561914
REF00000460,ORD0006844,CUST006844,TXN00006844,917.07,NOT_INITIATED,ORDER_CANCELLED,,,GW-21790948
REF00000461,ORD0006863,CUST006863,TXN00006863,115.61,NOT_INITIATED,RETURN,,,GW-69503681
REF00000462,ORD0006873,CUST006873,TXN00006873,67.65,NOT_INITIATED,ORDER_CANCELLED,,,GW-77350644
REF00000463,ORD0006899,CUST006899,TXN00006899,2541.83,NOT_INITIATED,RETURN,,,GW-14364388
REF00000464,ORD0006903,CUST006903,TXN00006903,1297.65,NOT_INITIATED,RETURN,,,GW-34385829
REF00000465,ORD0006918,CUST006918,TXN00006918,242.3,NOT_INITIATED,RETURN,,,GW-27293448
REF00000466,ORD0006930,CUST006930,TXN00006930,1088.27,NOT_INITIATED,RETURN,,,GW-34120183
REF00000467,ORD0006934,CUST006934,TXN00006934,789.11,NOT_INITIATED,RETURN,,,GW-98146136
REF00000468,ORD0006936,CUST006936,TXN00006936,996.46,NOT_INITIATED,RETURN,,,GW-58071601
REF00000469,ORD0006947,CUST006947,TXN00006947,2240.96,NOT_INITIATED,RETURN,,,GW-67698689
REF00000470,ORD0006964,CUST006964,TXN00006964,76.71,NOT_INITIATED,ORDER_CANCELLED,,,GW-79294779
REF00000471,ORD0006992,CUST006992,TXN00006992,1666.72,NOT_INITIATED,ORDER_CANCELLED,,,GW-65587774
REF00000472,ORD0007007,CUST007007,TXN00007007,1678.57,NOT_INITIATED,ORDER_CANCELLED,,,GW-50852937
REF00000473,ORD0007009,CUST007009,TXN00007009,515.0,NOT_INITIATED,ORDER_CANCELLED,,,GW-39290148
REF00000474,ORD0007024,CUST007024,TXN00007024,2040.11,NOT_INITIATED,ORDER_CANCELLED,,,GW-59893911
REF00000475,ORD0007030,CUST007030,TXN00007030,582.53,NOT_INITIATED,ORDER_CANCELLED,,,GW-58183561
REF00000476,ORD0007050,CUST007050,TXN00007050,219.61,NOT_INITIATED,RETURN,,,GW-26012184
REF00000477,ORD0007067,CUST007067,TXN00007067,679.39,NOT_INITIATED,ORDER_CANCELLED,,,GW-98063071
REF00000478,ORD0007071,CUST007071,TXN00007071,1123.07,NOT_INITIATED,ORDER_CANCELLED,,,GW-22391582
REF00000479,ORD0007073,CUST007073,TXN00007073,237.14,NOT_INITIATED,RETURN,,,GW-71364895
REF00000480,ORD0007108,CUST007108,TXN00007108,1210.93,NOT_INITIATED,RETURN,,,GW-98018697
REF00000481,ORD0007113,CUST007113,TXN00007113,1190.08,NOT_INITIATED,ORDER_CANCELLED,,,GW-38378395
REF00000482,ORD0007126,CUST007126,TXN00007126,753.49,NOT_INITIATED,ORDER_CANCELLED,,,GW-76059531
REF00000483,ORD0007140,CUST007140,TXN00007140,859.33,NOT_INITIATED,ORDER_CANCELLED,,,GW-45164429
REF00000484,ORD0007141,CUST007141,TXN00007141,2442.6,NOT_INITIATED,ORDER_CANCELLED,,,GW-22930500
REF00000485,ORD0007142,CUST007142,TXN00007142,1443.39,NOT_INITIATED,RETURN,,,GW-96883778
REF00000486,ORD0007153,CUST007153,TXN00007153,881.56,NOT_INITIATED,RETURN,,,GW-90748486
REF00000487,ORD0007163,CUST007163,TXN00007163,502.39,NOT_INITIATED,ORDER_CANCELLED,,,GW-30934921
REF00000488,ORD0007167,CUST007167,TXN00007167,160.63,NOT_INITIATED,ORDER_CANCELLED,,,GW-57992137
REF00000489,ORD0007196,CUST007196,TXN00007196,758.23,NOT_INITIATED,ORDER_CANCELLED,,,GW-41238774
REF00000490,ORD0007211,CUST007211,TXN00007211,945.78,NOT_INITIATED,ORDER_CANCELLED,,,GW-63217887
REF00000491,ORD0007217,CUST007217,TXN00007217,1156.98,NOT_INITIATED,ORDER_CANCELLED,,,GW-39515062
REF00000492,ORD0007220,CUST007220,TXN00007220,626.86,NOT_INITIATED,ORDER_CANCELLED,,,GW-47705663
REF00000493,ORD0007233,CUST007233,TXN00007233,1717.36,NOT_INITIATED,ORDER_CANCELLED,,,GW-76839854
REF00000494,ORD0007249,CUST007249,TXN00007249,775.11,NOT_INITIATED,RETURN,,,GW-60679370
REF00000495,ORD0007255,CUST007255,TXN00007255,2074.42,NOT_INITIATED,ORDER_CANCELLED,,,GW-18741755
REF00000496,ORD0007259,CUST007259,TXN00007259,49.16,NOT_INITIATED,RETURN,,,GW-18849760
REF00000497,ORD0007260,CUST007260,TXN00007260,421.41,NOT_INITIATED,ORDER_CANCELLED,,,GW-82482890
REF00000498,ORD0007265,CUST007265,TXN00007265,1529.76,NOT_INITIATED,RETURN,,,GW-30306267
REF00000499,ORD0007307,CUST007307,TXN00007307,440.34,NOT_INITIATED,ORDER_CANCELLED,,,GW-34685812
REF00000500,ORD0007331,CUST007331,TXN00007331,601.35,NOT_INITIATED,ORDER_CANCELLED,,,GW-97622142
REF00000501,ORD0007346,CUST007346,TXN00007346,481.02,NOT_INITIATED,RETURN,,,GW-40076170
REF00000502,ORD0007377,CUST007377,TXN00007377,1546.49,NOT_INITIATED,ORDER_CANCELLED,,,GW-63250796
REF00000503,ORD0007384,CUST007384,TXN00007384,1259.36,NOT_INITIATED,ORDER_CANCELLED,,,GW-99902537
REF00000504,ORD0007433,CUST007433,TXN00007433,177.15,NOT_INITIATED,RETURN,,,GW-45046147
REF00000505,ORD0007464,CUST007464,TXN00007464,202.66,NOT_INITIATED,RETURN,,,GW-51399997
REF00000506,ORD0007498,CUST007498,TXN00007498,2485.58,NOT_INITIATED,ORDER_CANCELLED,,,GW-59391327
REF00000507,ORD0007511,CUST007511,TXN00007511,1301.8,NOT_INITIATED,RETURN,,,GW-45173466
REF00000508,ORD0007575,CUST007575,TXN00007575,280.51,NOT_INITIATED,ORDER_CANCELLED,,,GW-78401892
REF00000509,ORD0007609,CUST007609,TXN00007609,286.86,NOT_INITIATED,ORDER_CANCELLED,,,GW-38114010
REF00000510,ORD0007639,CUST007639,TXN00007639,1114.06,NOT_INITIATED,RETURN,,,GW-18848283
REF00000511,ORD0007663,CUST007663,TXN00007663,425.88,NOT_INITIATED,RETURN,,,GW-23322732
REF00000512,ORD0007688,CUST007688,TXN00007688,2575.61,NOT_INITIATED,ORDER_CANCELLED,,,GW-22658000
REF00000513,ORD0007709,CUST007709,TXN00007709,1765.42,NOT_INITIATED,ORDER_CANCELLED,,,GW-51740166
REF00000514,ORD0007730,CUST007730,TXN00007730,1586.7,NOT_INITIATED,RETURN,,,GW-23634434
REF00000515,ORD0007740,CUST007740,TXN00007740,1221.93,NOT_INITIATED,ORDER_CANCELLED,,,GW-95761639
REF00000516,ORD0007774,CUST007774,TXN00007774,282.53,NOT_INITIATED,RETURN,,,GW-76126911
REF00000517,ORD0007792,CUST007792,TXN00007792,991.03,NOT_INITIATED,ORDER_CANCELLED,,,GW-41036249
REF00000518,ORD0007807,CUST007807,TXN00007807,166.4,NOT_INITIATED,RETURN,,,GW-34599185
REF00000519,ORD0007815,CUST007815,TXN00007815,514.41,NOT_INITIATED,ORDER_CANCELLED,,,GW-88379876
REF00000520,ORD0007817,CUST007817,TXN00007817,2683.35,NOT_INITIATED,RETURN,,,GW-49725492
REF00000521,ORD0007820,CUST007820,TXN00007820,1045.87,NOT_INITIATED,RETURN,,,GW-57294859
REF00000522,ORD0007867,CUST007867,TXN00007867,488.91,NOT_INITIATED,RETURN,,,GW-45387293
REF00000523,ORD0007871,CUST007871,TXN00007871,816.36,NOT_INITIATED,ORDER_CANCELLED,,,GW-27105425
REF00000524,ORD0007899,CUST007899,TXN00007899,881.64,NOT_INITIATED,ORDER_CANCELLED,,,GW-84136929
REF00000525,ORD0007905,CUST007905,TXN00007905,222.27,NOT_INITIATED,ORDER_CANCELLED,,,GW-17225711
REF00000526,ORD0007907,CUST007907,TXN00007907,1926.19,NOT_INITIATED,ORDER_CANCELLED,,,GW-98398867
REF00000527,ORD0007910,CUST007910,TXN00007910,2045.36,NOT_INITIATED,RETURN,,,GW-60112508
REF00000528,ORD0007913,CUST007913,TXN00007913,1295.35,NOT_INITIATED,RETURN,,,GW-65874914
REF00000529,ORD0007954,CUST007954,TXN00007954,935.77,NOT_INITIATED,ORDER_CANCELLED,,,GW-59108991
REF00000530,ORD0007955,CUST007955,TXN00007955,888.17,NOT_INITIATED,RETURN,,,GW-29187238
REF00000531,ORD0007958,CUST007958,TXN00007958,1040.5,NOT_INITIATED,RETURN,,,GW-50472776
REF00000532,ORD0007978,CUST007978,TXN00007978,973.52,NOT_INITIATED,RETURN,,,GW-77285083
REF00000533,ORD0007989,CUST007989,TXN00007989,443.78,NOT_INITIATED,RETURN,,,GW-18648640
REF00000534,ORD0008007,CUST008007,TXN00008007,147.87,NOT_INITIATED,ORDER_CANCELLED,,,GW-70726709
REF00000535,ORD0008009,CUST008009,TXN00008009,229.28,NOT_INITIATED,ORDER_CANCELLED,,,GW-59205659
REF00000536,ORD0008010,CUST008010,TXN00008010,1360.44,NOT_INITIATED,RETURN,,,GW-95670489
REF00000537,ORD0008013,CUST008013,TXN00008013,2191.24,NOT_INITIATED,RETURN,,,GW-96804151
REF00000538,ORD0008029,CUST008029,TXN00008029,551.58,NOT_INITIATED,ORDER_CANCELLED,,,GW-82163723
REF00000539,ORD0008035,CUST008035,TXN00008035,113.55,NOT_INITIATED,RETURN,,,GW-94887274
REF00000540,ORD0008076,CUST008076,TXN00008076,624.42,NOT_INITIATED,ORDER_CANCELLED,,,GW-65687628
REF00000541,ORD0008078,CUST008078,TXN00008078,579.9,NOT_INITIATED,RETURN,,,GW-63411135
REF00000542,ORD0008090,CUST008090,TXN00008090,422.8,NOT_INITIATED,RETURN,,,GW-69863532
REF00000543,ORD0008091,CUST008091,TXN00008091,396.8,NOT_INITIATED,ORDER_CANCELLED,,,GW-10615364
REF00000544,ORD0008098,CUST008098,TXN00008098,1104.04,NOT_INITIATED,RETURN,,,GW-82251636
REF00000545,ORD0008158,CUST008158,TXN00008158,23.46,NOT_INITIATED,ORDER_CANCELLED,,,GW-34488527
REF00000546,ORD0008172,CUST008172,TXN00008172,352.63,NOT_INITIATED,ORDER_CANCELLED,,,GW-49081538
REF00000547,ORD0008213,CUST008213,TXN00008213,3013.66,NOT_INITIATED,ORDER_CANCELLED,,,GW-42603418
REF00000548,ORD0008242,CUST008242,TXN00008242,2833.87,NOT_INITIATED,ORDER_CANCELLED,,,GW-30256931
REF00000549,ORD0008249,CUST008249,TXN00008249,2528.07,NOT_INITIATED,ORDER_CANCELLED,,,GW-69067212
REF00000550,ORD0008253,CUST008253,TXN00008253,786.41,NOT_INITIATED,RETURN,,,GW-19053160
REF00000551,ORD0008256,CUST008256,TXN00008256,2379.6,NOT_INITIATED,RETURN,,,GW-10828371
REF00000552,ORD0008270,CUST008270,TXN00008270,344.45,NOT_INITIATED,RETURN,,,GW-82368071
REF00000553,ORD0008305,CUST008305,TXN00008305,768.93,NOT_INITIATED,RETURN,,,GW-49800533
REF00000554,ORD0008343,CUST008343,TXN00008343,939.23,NOT_INITIATED,RETURN,,,GW-70091731
REF00000555,ORD0008349,CUST008349,TXN00008349,546.14,NOT_INITIATED,ORDER_CANCELLED,,,GW-38936706
REF00000556,ORD0008353,CUST008353,TXN00008353,1295.4,NOT_INITIATED,RETURN,,,GW-85689019
REF00000557,ORD0008367,CUST008367,TXN00008367,606.01,NOT_INITIATED,ORDER_CANCELLED,,,GW-11904572
REF00000558,ORD0008372,CUST008372,TXN00008372,77.5,NOT_INITIATED,ORDER_CANCELLED,,,GW-52802439
REF00000559,ORD0008381,CUST008381,TXN00008381,931.19,NOT_INITIATED,RETURN,,,GW-49984620
REF00000560,ORD0008395,CUST008395,TXN00008395,1387.89,NOT_INITIATED,RETURN,,,GW-30223820
REF00000561,ORD0008402,CUST008402,TXN00008402,1498.78,NOT_INITIATED,RETURN,,,GW-12518729
REF00000562,ORD0008455,CUST008455,TXN00008455,3177.41,NOT_INITIATED,RETURN,,,GW-12165373
REF00000563,ORD0008488,CUST008488,TXN00008488,2079.53,NOT_INITIATED,ORDER_CANCELLED,,,GW-41534399
REF00000564,ORD0008510,CUST008510,TXN00008510,25.72,NOT_INITIATED,ORDER_CANCELLED,,,GW-33432145
REF00000565,ORD0008530,CUST008530,TXN00008530,1414.92,NOT_INITIATED,RETURN,,,GW-17199921
REF00000566,ORD0008534,CUST008534,TXN00008534,646.08,NOT_INITIATED,RETURN,,,GW-82560562
REF00000567,ORD0008569,CUST008569,TXN00008569,450.96,NOT_INITIATED,RETURN,,,GW-95875016
REF00000568,ORD0008600,CUST008600,TXN00008600,67.37,NOT_INITIATED,ORDER_CANCELLED,,,GW-91871824
REF00000569,ORD0008629,CUST008629,TXN00008629,1887.92,NOT_INITIATED,ORDER_CANCELLED,,,GW-32020914
REF00000570,ORD0008640,CUST008640,TXN00008640,185.82,NOT_INITIATED,RETURN,,,GW-52546809
REF00000571,ORD0008641,CUST008641,TXN00008641,1835.84,NOT_INITIATED,ORDER_CANCELLED,,,GW-81526963
REF00000572,ORD0008654,CUST008654,TXN00008654,125.84,NOT_INITIATED,RETURN,,,GW-43071124
REF00000573,ORD0008670,CUST008670,TXN00008670,1227.69,NOT_INITIATED,ORDER_CANCELLED,,,GW-93945910
REF00000574,ORD0008698,CUST008698,TXN00008698,1568.03,NOT_INITIATED,ORDER_CANCELLED,,,GW-85837293
REF00000575,ORD0008699,CUST008699,TXN00008699,2186.46,NOT_INITIATED,ORDER_CANCELLED,,,GW-73595236
REF00000576,ORD0008708,CUST008708,TXN00008708,2206.24,NOT_INITIATED,RETURN,,,GW-82326906
REF00000577,ORD0008714,CUST008714,TXN00008714,898.75,NOT_INITIATED,RETURN,,,GW-64190263
REF00000578,ORD0008736,CUST008736,TXN00008736,1285.98,NOT_INITIATED,ORDER_CANCELLED,,,GW-93385230
REF00000579,ORD0008746,CUST008746,TXN00008746,476.22,NOT_INITIATED,ORDER_CANCELLED,,,GW-32646516
REF00000580,ORD0008750,CUST008750,TXN00008750,109.12,NOT_INITIATED,ORDER_CANCELLED,,,GW-32330133
REF00000581,ORD0008778,CUST008778,TXN00008778,2204.96,NOT_INITIATED,RETURN,,,GW-89593864
REF00000582,ORD0008787,CUST008787,TXN00008787,156.25,NOT_INITIATED,ORDER_CANCELLED,,,GW-52621975
REF00000583,ORD0008807,CUST008807,TXN00008807,676.74,NOT_INITIATED,ORDER_CANCELLED,,,GW-90212201
REF00000584,ORD0008829,CUST008829,TXN00008829,1129.26,NOT_INITIATED,RETURN,,,GW-26483515
REF00000585,ORD0008847,CUST008847,TXN00008847,225.67,NOT_INITIATED,ORDER_CANCELLED,,,GW-86011466
REF00000586,ORD0008863,CUST008863,TXN00008863,433.77,NOT_INITIATED,ORDER_CANCELLED,,,GW-42399879
REF00000587,ORD0008886,CUST008886,TXN00008886,413.67,NOT_INITIATED,RETURN,,,GW-12669503
REF00000588,ORD0008903,CUST008903,TXN00008903,1335.68,NOT_INITIATED,ORDER_CANCELLED,,,GW-23257206
REF00000589,ORD0008914,CUST008914,TXN00008914,48.46,NOT_INITIATED,ORDER_CANCELLED,,,GW-54969585
REF00000590,ORD0008939,CUST008939,TXN00008939,1238.32,NOT_INITIATED,ORDER_CANCELLED,,,GW-28550552
REF00000591,ORD0008962,CUST008962,TXN00008962,2052.21,NOT_INITIATED,ORDER_CANCELLED,,,GW-49712278
REF00000592,ORD0008994,CUST008994,TXN00008994,883.43,NOT_INITIATED,RETURN,,,GW-80925361
REF00000593,ORD0008995,CUST008995,TXN00008995,170.73,NOT_INITIATED,RETURN,,,GW-39933422
REF00000594,ORD0008996,CUST008996,TXN00008996,2404.21,NOT_INITIATED,ORDER_CANCELLED,,,GW-99886368
REF00000595,ORD0009013,CUST009013,TXN00009013,1247.11,NOT_INITIATED,ORDER_CANCELLED,,,GW-75240565
REF00000596,ORD0009029,CUST009029,TXN00009029,2250.98,NOT_INITIATED,ORDER_CANCELLED,,,GW-27203284
REF00000597,ORD0009035,CUST009035,TXN00009035,380.02,NOT_INITIATED,RETURN,,,GW-14410089
REF00000598,ORD0009064,CUST009064,TXN00009064,554.27,NOT_INITIATED,RETURN,,,GW-15531979
REF00000599,ORD0009102,CUST009102,TXN00009102,482.57,NOT_INITIATED,ORDER_CANCELLED,,,GW-90087018
REF00000600,ORD0009126,CUST009126,TXN00009126,908.43,NOT_INITIATED,RETURN,,,GW-99519270
REF00000601,ORD0009129,CUST009129,TXN00009129,1509.93,NOT_INITIATED,ORDER_CANCELLED,,,GW-17988209
REF00000602,ORD0009148,CUST009148,TXN00009148,64.26,NOT_INITIATED,RETURN,,,GW-33834390
REF00000603,ORD0009165,CUST009165,TXN00009165,1245.09,NOT_INITIATED,RETURN,,,GW-23850880
REF00000604,ORD0009184,CUST009184,TXN00009184,3128.16,NOT_INITIATED,RETURN,,,GW-77197410
REF00000605,ORD0009191,CUST009191,TXN00009191,228.86,NOT_INITIATED,RETURN,,,GW-28696776
REF00000606,ORD0009208,CUST009208,TXN00009208,1737.39,NOT_INITIATED,RETURN,,,GW-16005301
REF00000607,ORD0009242,CUST009242,TXN00009242,2029.04,NOT_INITIATED,RETURN,,,GW-66321527
REF00000608,ORD0009252,CUST009252,TXN00009252,408.82,NOT_INITIATED,ORDER_CANCELLED,,,GW-68285037
REF00000609,ORD0009261,CUST009261,TXN00009261,802.32,NOT_INITIATED,ORDER_CANCELLED,,,GW-26198503
REF00000610,ORD0009271,CUST009271,TXN00009271,232.8,NOT_INITIATED,RETURN,,,GW-86044311
REF00000611,ORD0009282,CUST009282,TXN00009282,1094.5,NOT_INITIATED,ORDER_CANCELLED,,,GW-82888517
REF00000612,ORD0009302,CUST009302,TXN00009302,29.2,NOT_INITIATED,ORDER_CANCELLED,,,GW-44933386
REF00000613,ORD0009330,CUST009330,TXN00009330,67.97,NOT_INITIATED,ORDER_CANCELLED,,,GW-75534258
REF00000614,ORD0009361,CUST009361,TXN00009361,2508.61,NOT_INITIATED,RETURN,,,GW-65628694
REF00000615,ORD0009382,CUST009382,TXN00009382,2673.89,NOT_INITIATED,RETURN,,,GW-48268531
REF00000616,ORD0009420,CUST009420,TXN00009420,384.24,NOT_INITIATED,ORDER_CANCELLED,,,GW-29786478
REF00000617,ORD0009432,CUST009432,TXN00009432,199.68,NOT_INITIATED,ORDER_CANCELLED,,,GW-52467497
REF00000618,ORD0009467,CUST009467,TXN00009467,520.74,NOT_INITIATED,RETURN,,,GW-82331411
REF00000619,ORD0009471,CUST009471,TXN00009471,972.52,NOT_INITIATED,ORDER_CANCELLED,,,GW-42171356
REF00000620,ORD0009476,CUST009476,TXN00009476,471.3,NOT_INITIATED,ORDER_CANCELLED,,,GW-48300065
REF00000621,ORD0009511,CUST009511,TXN00009511,1131.26,NOT_INITIATED,ORDER_CANCELLED,,,GW-65371485
REF00000622,ORD0009512,CUST009512,TXN00009512,2542.2,NOT_INITIATED,RETURN,,,GW-63956529
REF00000623,ORD0009513,CUST009513,TXN00009513,1195.51,NOT_INITIATED,ORDER_CANCELLED,,,GW-47054305
REF00000624,ORD0009518,CUST009518,TXN00009518,656.22,NOT_INITIATED,RETURN,,,GW-58225353
REF00000625,ORD0009521,CUST009521,TXN00009521,587.92,NOT_INITIATED,RETURN,,,GW-98182285
REF00000626,ORD0009523,CUST009523,TXN00009523,70.45,NOT_INITIATED,ORDER_CANCELLED,,,GW-41650931
REF00000627,ORD0009536,CUST009536,TXN00009536,846.7,NOT_INITIATED,RETURN,,,GW-63633159
REF00000628,ORD0009558,CUST009558,TXN00009558,1320.47,NOT_INITIATED,RETURN,,,GW-52066530
REF00000629,ORD0009575,CUST009575,TXN00009575,496.63,NOT_INITIATED,RETURN,,,GW-58730774
REF00000630,ORD0009577,CUST009577,TXN00009577,584.23,NOT_INITIATED,RETURN,,,GW-36270772
REF00000631,ORD0009634,CUST009634,TXN00009634,637.4,NOT_INITIATED,RETURN,,,GW-22046785
REF00000632,ORD0009638,CUST009638,TXN00009638,93.51,NOT_INITIATED,RETURN,,,GW-12391289
REF00000633,ORD0009669,CUST009669,TXN00009669,1173.37,NOT_INITIATED,ORDER_CANCELLED,,,GW-96350163
REF00000634,ORD0009674,CUST009674,TXN00009674,1194.59,NOT_INITIATED,RETURN,,,GW-84993288
REF00000635,ORD0009703,CUST009703,TXN00009703,1128.09,NOT_INITIATED,RETURN,,,GW-66005251
REF00000636,ORD0009778,CUST009778,TXN00009778,608.24,NOT_INITIATED,ORDER_CANCELLED,,,GW-62119175
REF00000637,ORD0009790,CUST009790,TXN00009790,694.86,NOT_INITIATED,ORDER_CANCELLED,,,GW-34175672
REF00000638,ORD0009796,CUST009796,TXN00009796,1717.8,NOT_INITIATED,ORDER_CANCELLED,,,GW-31039278
REF00000639,ORD0009797,CUST009797,TXN00009797,1089.07,NOT_INITIATED,RETURN,,,GW-53739465
REF00000640,ORD0009816,CUST009816,TXN00009816,1695.28,NOT_INITIATED,RETURN,,,GW-47946310
REF00000641,ORD0009822,CUST009822,TXN00009822,504.01,NOT_INITIATED,ORDER_CANCELLED,,,GW-18723554
REF00000642,ORD0009830,CUST009830,TXN00009830,359.44,NOT_INITIATED,ORDER_CANCELLED,,,GW-25444918
REF00000643,ORD0009849,CUST009849,TXN00009849,2076.99,NOT_INITIATED,RETURN,,,GW-34916012
REF00000644,ORD0009851,CUST009851,TXN00009851,201.61,NOT_INITIATED,RETURN,,,GW-31814589
REF00000645,ORD0009858,CUST009858,TXN00009858,1169.55,NOT_INITIATED,RETURN,,,GW-71252759
REF00000646,ORD0009905,CUST009905,TXN00009905,335.07,NOT_INITIATED,RETURN,,,GW-81780797
REF00000647,ORD0009928,CUST009928,TXN00009928,776.38,NOT_INITIATED,RETURN,,,GW-92222948
REF00000648,ORD0009952,CUST009952,TXN00009952,164.48,NOT_INITIATED,RETURN,,,GW-35870432
REF00000649,ORD0009978,CUST009978,TXN00009978,2024.35,NOT_INITIATED,RETURN,,,GW-81032292
REF00000650,ORD0010019,CUST010019,TXN00010019,1025.43,NOT_INITIATED,RETURN,,,GW-10254833
REF00000651,ORD0010037,CUST010037,TXN00010037,979.35,NOT_INITIATED,ORDER_CANCELLED,,,GW-24206018
REF00000652,ORD0010064,CUST010064,TXN00010064,408.19,NOT_INITIATED,RETURN,,,GW-29420483
REF00000653,ORD0010075,CUST010075,TXN00010075,443.07,NOT_INITIATED,ORDER_CANCELLED,,,GW-82520212
REF00000654,ORD0010090,CUST010090,TXN00010090,409.17,NOT_INITIATED,RETURN,,,GW-93531770
REF00000655,ORD0010120,CUST010120,TXN00010120,654.03,NOT_INITIATED,RETURN,,,GW-71826268
REF00000656,ORD0010139,CUST010139,TXN00010139,1858.5,NOT_INITIATED,ORDER_CANCELLED,,,GW-90408750
REF00000657,ORD0010147,CUST010147,TXN00010147,914.4,NOT_INITIATED,RETURN,,,GW-47596378
REF00000658,ORD0010156,CUST010156,TXN00010156,360.19,NOT_INITIATED,RETURN,,,GW-18117400
REF00000659,ORD0010161,CUST010161,TXN00010161,1477.74,NOT_INITIATED,RETURN,,,GW-95327877
REF00000660,ORD0010191,CUST010191,TXN00010191,3086.91,NOT_INITIATED,ORDER_CANCELLED,,,GW-54941361
REF00000661,ORD0010197,CUST010197,TXN00010197,33.27,NOT_INITIATED,RETURN,,,GW-51087625
REF00000662,ORD0010226,CUST010226,TXN00010226,259.42,NOT_INITIATED,ORDER_CANCELLED,,,GW-64092734
REF00000663,ORD0010232,CUST010232,TXN00010232,969.31,NOT_INITIATED,RETURN,,,GW-39105946
REF00000664,ORD0010246,CUST010246,TXN00010246,999.45,NOT_INITIATED,RETURN,,,GW-96715410
REF00000665,ORD0010254,CUST010254,TXN00010254,1360.56,NOT_INITIATED,RETURN,,,GW-34808362
REF00000666,ORD0010306,CUST010306,TXN00010306,1896.62,NOT_INITIATED,RETURN,,,GW-81401915
REF00000667,ORD0010307,CUST010307,TXN00010307,525.45,NOT_INITIATED,ORDER_CANCELLED,,,GW-31284258
REF00000668,ORD0010350,CUST010350,TXN00010350,84.52,NOT_INITIATED,ORDER_CANCELLED,,,GW-10713513
REF00000669,ORD0010353,CUST010353,TXN00010353,1785.4,NOT_INITIATED,ORDER_CANCELLED,,,GW-22418599
REF00000670,ORD0010374,CUST010374,TXN00010374,361.2,NOT_INITIATED,ORDER_CANCELLED,,,GW-87036256
REF00000671,ORD0010383,CUST010383,TXN00010383,32.17,NOT_INITIATED,ORDER_CANCELLED,,,GW-76582216
REF00000672,ORD0010405,CUST010405,TXN00010405,712.26,NOT_INITIATED,ORDER_CANCELLED,,,GW-13969703
REF00000673,ORD0010408,CUST010408,TXN00010408,2250.77,NOT_INITIATED,RETURN,,,GW-57655218
REF00000674,ORD0010412,CUST010412,TXN00010412,990.01,NOT_INITIATED,ORDER_CANCELLED,,,GW-74379675
REF00000675,ORD0010414,CUST010414,TXN00010414,884.79,NOT_INITIATED,ORDER_CANCELLED,,,GW-51268202
REF00000676,ORD0010420,CUST010420,TXN00010420,850.88,NOT_INITIATED,ORDER_CANCELLED,,,GW-17175727
REF00000677,ORD0010432,CUST010432,TXN00010432,645.15,NOT_INITIATED,ORDER_CANCELLED,,,GW-24916201
REF00000678,ORD0010437,CUST010437,TXN00010437,487.65,NOT_INITIATED,ORDER_CANCELLED,,,GW-56071617
REF00000679,ORD0010457,CUST010457,TXN00010457,1927.26,NOT_INITIATED,RETURN,,,GW-85234452
REF00000680,ORD0010465,CUST010465,TXN00010465,433.13,NOT_INITIATED,RETURN,,,GW-20665403
REF00000681,ORD0010466,CUST010466,TXN00010466,102.68,NOT_INITIATED,RETURN,,,GW-97999508
REF00000682,ORD0010504,CUST010504,TXN00010504,1313.33,NOT_INITIATED,ORDER_CANCELLED,,,GW-93330064
REF00000683,ORD0010534,CUST010534,TXN00010534,158.71,NOT_INITIATED,RETURN,,,GW-75768271
REF00000684,ORD0010545,CUST010545,TXN00010545,2129.83,NOT_INITIATED,RETURN,,,GW-18824000
REF00000685,ORD0010559,CUST010559,TXN00010559,471.74,NOT_INITIATED,RETURN,,,GW-57755378
REF00000686,ORD0010615,CUST010615,TXN00010615,693.47,NOT_INITIATED,RETURN,,,GW-61535257
REF00000687,ORD0010668,CUST010668,TXN00010668,1255.45,NOT_INITIATED,RETURN,,,GW-56473748
REF00000688,ORD0010671,CUST010671,TXN00010671,1733.55,NOT_INITIATED,ORDER_CANCELLED,,,GW-62205374
REF00000689,ORD0010687,CUST010687,TXN00010687,603.91,NOT_INITIATED,RETURN,,,GW-48927093
REF00000690,ORD0010693,CUST010693,TXN00010693,57.54,NOT_INITIATED,RETURN,,,GW-20954787
REF00000691,ORD0010763,CUST010763,TXN00010763,690.68,NOT_INITIATED,RETURN,,,GW-62723979
REF00000692,ORD0010784,CUST010784,TXN00010784,1794.48,NOT_INITIATED,ORDER_CANCELLED,,,GW-75043237
REF00000693,ORD0010824,CUST010824,TXN00010824,1013.91,NOT_INITIATED,RETURN,,,GW-31706111
REF00000694,ORD0010838,CUST010838,TXN00010838,399.82,NOT_INITIATED,RETURN,,,GW-33355679
REF00000695,ORD0010888,CUST010888,TXN00010888,1821.81,NOT_INITIATED,ORDER_CANCELLED,,,GW-58920482
REF00000696,ORD0010899,CUST010899,TXN00010899,496.28,NOT_INITIATED,ORDER_CANCELLED,,,GW-91184956
REF00000697,ORD0010909,CUST010909,TXN00010909,333.03,NOT_INITIATED,ORDER_CANCELLED,,,GW-63912983
REF00000698,ORD0010917,CUST010917,TXN00010917,61.11,NOT_INITIATED,RETURN,,,GW-51627415
REF00000699,ORD0010927,CUST010927,TXN00010927,1921.66,NOT_INITIATED,ORDER_CANCELLED,,,GW-11208598
REF00000700,ORD0010935,CUST010935,TXN00010935,118.13,NOT_INITIATED,RETURN,,,GW-12615192
REF00000701,ORD0010959,CUST010959,TXN00010959,390.53,NOT_INITIATED,RETURN,,,GW-66776803
REF00000702,ORD0010967,CUST010967,TXN00010967,268.24,NOT_INITIATED,RETURN,,,GW-19229029
REF00000703,ORD0011006,CUST011006,TXN00011006,553.0,NOT_INITIATED,RETURN,,,GW-55102789
REF00000704,ORD0011026,CUST011026,TXN00011026,686.22,NOT_INITIATED,RETURN,,,GW-86439726
REF00000705,ORD0011031,CUST011031,TXN00011031,372.06,NOT_INITIATED,ORDER_CANCELLED,,,GW-60240671
REF00000706,ORD0011076,CUST011076,TXN00011076,349.91,NOT_INITIATED,ORDER_CANCELLED,,,GW-99329904
REF00000707,ORD0011090,CUST011090,TXN00011090,1015.17,NOT_INITIATED,RETURN,,,GW-14930186
REF00000708,ORD0011113,CUST011113,TXN00011113,803.84,NOT_INITIATED,RETURN,,,GW-16876522
REF00000709,ORD0011134,CUST011134,TXN00011134,1118.32,NOT_INITIATED,RETURN,,,GW-20723900
REF00000710,ORD0011145,CUST011145,TXN00011145,290.63,NOT_INITIATED,ORDER_CANCELLED,,,GW-54191692
REF00000711,ORD0011151,CUST011151,TXN00011151,347.47,NOT_INITIATED,ORDER_CANCELLED,,,GW-18176693
REF00000712,ORD0011153,CUST011153,TXN00011153,724.67,NOT_INITIATED,RETURN,,,GW-97246408
REF00000713,ORD0011168,CUST011168,TXN00011168,351.98,NOT_INITIATED,RETURN,,,GW-10875487
REF00000714,ORD0011169,CUST011169,TXN00011169,1025.77,NOT_INITIATED,RETURN,,,GW-27133370
REF00000715,ORD0011200,CUST011200,TXN00011200,1192.13,NOT_INITIATED,ORDER_CANCELLED,,,GW-37924009
REF00000716,ORD0011202,CUST011202,TXN00011202,185.9,NOT_INITIATED,RETURN,,,GW-91589605
REF00000717,ORD0011220,CUST011220,TXN00011220,525.25,NOT_INITIATED,ORDER_CANCELLED,,,GW-65894313
REF00000718,ORD0011247,CUST011247,TXN00011247,2069.09,NOT_INITIATED,RETURN,,,GW-58112949
REF00000719,ORD0011256,CUST011256,TXN00011256,2284.13,NOT_INITIATED,RETURN,,,GW-97591658
REF00000720,ORD0011284,CUST011284,TXN00011284,711.4,NOT_INITIATED,ORDER_CANCELLED,,,GW-66391744
REF00000721,ORD0011299,CUST011299,TXN00011299,169.59,NOT_INITIATED,RETURN,,,GW-80304173
REF00000722,ORD0011316,CUST011316,TXN00011316,1112.06,NOT_INITIATED,RETURN,,,GW-70626864
REF00000723,ORD0011329,CUST011329,TXN00011329,860.31,NOT_INITIATED,ORDER_CANCELLED,,,GW-58368604
REF00000724,ORD0011337,CUST011337,TXN00011337,1131.41,NOT_INITIATED,ORDER_CANCELLED,,,GW-40892882
REF00000725,ORD0011361,CUST011361,TXN00011361,617.82,NOT_INITIATED,ORDER_CANCELLED,,,GW-36631128
REF00000726,ORD0011375,CUST011375,TXN00011375,144.35,NOT_INITIATED,RETURN,,,GW-38437700
REF00000727,ORD0011378,CUST011378,TXN00011378,1133.84,NOT_INITIATED,ORDER_CANCELLED,,,GW-43818517
REF00000728,ORD0011385,CUST011385,TXN00011385,538.89,NOT_INITIATED,RETURN,,,GW-67407079
REF00000729,ORD0011392,CUST011392,TXN00011392,1549.77,NOT_INITIATED,RETURN,,,GW-17655059
REF00000730,ORD0011404,CUST011404,TXN00011404,1831.99,NOT_INITIATED,RETURN,,,GW-98474913
REF00000731,ORD0011416,CUST011416,TXN00011416,624.43,NOT_INITIATED,RETURN,,,GW-62496819
REF00000732,ORD0011423,CUST011423,TXN00011423,153.48,NOT_INITIATED,ORDER_CANCELLED,,,GW-18324072
REF00000733,ORD0011424,CUST011424,TXN00011424,899.11,NOT_INITIATED,RETURN,,,GW-87575929
REF00000734,ORD0011430,CUST011430,TXN00011430,1876.93,NOT_INITIATED,ORDER_CANCELLED,,,GW-20655599
REF00000735,ORD0011433,CUST011433,TXN00011433,24.57,NOT_INITIATED,RETURN,,,GW-66494162
REF00000736,ORD0011441,CUST011441,TXN00011441,869.9,NOT_INITIATED,RETURN,,,GW-98873431
REF00000737,ORD0011447,CUST011447,TXN00011447,217.85,NOT_INITIATED,ORDER_CANCELLED,,,GW-61073629
REF00000738,ORD0011474,CUST011474,TXN00011474,538.87,NOT_INITIATED,ORDER_CANCELLED,,,GW-12794220
REF00000739,ORD0011478,CUST011478,TXN00011478,1015.68,NOT_INITIATED,ORDER_CANCELLED,,,GW-98753228
REF00000740,ORD0011520,CUST011520,TXN00011520,1595.34,NOT_INITIATED,ORDER_CANCELLED,,,GW-99492600
REF00000741,ORD0011526,CUST011526,TXN00011526,1004.29,NOT_INITIATED,ORDER_CANCELLED,,,GW-85149345
REF00000742,ORD0011533,CUST011533,TXN00011533,235.58,NOT_INITIATED,RETURN,,,GW-37743510
REF00000743,ORD0011539,CUST011539,TXN00011539,905.29,NOT_INITIATED,ORDER_CANCELLED,,,GW-86514276
REF00000744,ORD0011550,CUST011550,TXN00011550,256.99,NOT_INITIATED,ORDER_CANCELLED,,,GW-84196809
REF00000745,ORD0011555,CUST011555,TXN00011555,1699.79,NOT_INITIATED,ORDER_CANCELLED,,,GW-49777737
REF00000746,ORD0011572,CUST011572,TXN00011572,945.92,NOT_INITIATED,RETURN,,,GW-20580267
REF00000747,ORD0011612,CUST011612,TXN00011612,1567.47,NOT_INITIATED,RETURN,,,GW-44746128
REF00000748,ORD0011622,CUST011622,TXN00011622,1706.95,NOT_INITIATED,ORDER_CANCELLED,,,GW-36314626
REF00000749,ORD0011639,CUST011639,TXN00011639,176.42,NOT_INITIATED,ORDER_CANCELLED,,,GW-30613022
REF00000750,ORD0011654,CUST011654,TXN00011654,554.83,NOT_INITIATED,RETURN,,,GW-39973947
REF00000751,ORD0011655,CUST011655,TXN00011655,1300.31,NOT_INITIATED,RETURN,,,GW-38143068
REF00000752,ORD0011690,CUST011690,TXN00011690,983.18,NOT_INITIATED,ORDER_CANCELLED,,,GW-34579839
REF00000753,ORD0011704,CUST011704,TXN00011704,1547.82,NOT_INITIATED,ORDER_CANCELLED,,,GW-29242541
REF00000754,ORD0011716,CUST011716,TXN00011716,1639.11,NOT_INITIATED,ORDER_CANCELLED,,,GW-92321079
REF00000755,ORD0011721,CUST011721,TXN00011721,240.89,NOT_INITIATED,ORDER_CANCELLED,,,GW-85376172
REF00000756,ORD0011759,CUST011759,TXN00011759,1508.74,NOT_INITIATED,ORDER_CANCELLED,,,GW-53232916
REF00000757,ORD0011776,CUST011776,TXN00011776,873.4,NOT_INITIATED,RETURN,,,GW-25017960
REF00000758,ORD0011798,CUST011798,TXN00011798,191.18,NOT_INITIATED,RETURN,,,GW-25060680
REF00000759,ORD0011802,CUST011802,TXN00011802,557.44,NOT_INITIATED,RETURN,,,GW-50291046
REF00000760,ORD0011805,CUST011805,TXN00011805,1047.1,NOT_INITIATED,RETURN,,,GW-46642548
REF00000761,ORD0011815,CUST011815,TXN00011815,1038.25,NOT_INITIATED,ORDER_CANCELLED,,,GW-71182063
REF00000762,ORD0011849,CUST011849,TXN00011849,2056.86,NOT_INITIATED,ORDER_CANCELLED,,,GW-52161102
REF00000763,ORD0011854,CUST011854,TXN00011854,1176.44,NOT_INITIATED,RETURN,,,GW-43504762
REF00000764,ORD0011866,CUST011866,TXN00011866,1895.31,NOT_INITIATED,ORDER_CANCELLED,,,GW-78660524
REF00000765,ORD0011870,CUST011870,TXN00011870,103.39,NOT_INITIATED,RETURN,,,GW-55043146
REF00000766,ORD0011902,CUST011902,TXN00011902,1323.97,NOT_INITIATED,ORDER_CANCELLED,,,GW-90113711
REF00000767,ORD0011911,CUST011911,TXN00011911,184.26,NOT_INITIATED,RETURN,,,GW-18987987
REF00000768,ORD0011916,CUST011916,TXN00011916,1025.12,NOT_INITIATED,ORDER_CANCELLED,,,GW-62368069
REF00000769,ORD0011920,CUST011920,TXN00011920,242.38,NOT_INITIATED,RETURN,,,GW-97163195
REF00000770,ORD0011930,CUST011930,TXN00011930,325.94,NOT_INITIATED,ORDER_CANCELLED,,,GW-33436949
REF00000771,ORD0011937,CUST011937,TXN00011937,1371.76,NOT_INITIATED,RETURN,,,GW-94527023
REF00000772,ORD0011963,CUST011963,TXN00011963,467.47,NOT_INITIATED,RETURN,,,GW-21202166
REF00000773,ORD0011974,CUST011974,TXN00011974,125.22,NOT_INITIATED,RETURN,,,GW-51847639
REF00000774,ORD0011987,CUST011987,TXN00011987,2733.0,NOT_INITIATED,ORDER_CANCELLED,,,GW-75446784
REF00000775,ORD0012003,CUST012003,TXN00012003,1488.54,NOT_INITIATED,ORDER_CANCELLED,,,GW-63404887
REF00000776,ORD0012042,CUST012042,TXN00012042,728.34,NOT_INITIATED,ORDER_CANCELLED,,,GW-32773366
REF00000777,ORD0012046,CUST012046,TXN00012046,192.43,NOT_INITIATED,RETURN,,,GW-76210072
REF00000778,ORD0012061,CUST012061,TXN00012061,487.19,NOT_INITIATED,ORDER_CANCELLED,,,GW-62315090
REF00000779,ORD0012064,CUST012064,TXN00012064,534.56,NOT_INITIATED,RETURN,,,GW-45465839
REF00000780,ORD0012074,CUST012074,TXN00012074,2228.5,NOT_INITIATED,RETURN,,,GW-12037033
REF00000781,ORD0012082,CUST012082,TXN00012082,19.64,NOT_INITIATED,ORDER_CANCELLED,,,GW-36697052
REF00000782,ORD0012087,CUST012087,TXN00012087,1890.21,NOT_INITIATED,ORDER_CANCELLED,,,GW-92456615
REF00000783,ORD0012113,CUST012113,TXN00012113,2417.28,NOT_INITIATED,RETURN,,,GW-37845763
REF00000784,ORD0012115,CUST012115,TXN00012115,127.4,NOT_INITIATED,RETURN,,,GW-72450724
REF00000785,ORD0012150,CUST012150,TXN00012150,2117.56,NOT_INITIATED,ORDER_CANCELLED,,,GW-99928459
REF00000786,ORD0012159,CUST012159,TXN00012159,1150.89,NOT_INITIATED,RETURN,,,GW-48363179
REF00000787,ORD0012191,CUST012191,TXN00012191,11.9,NOT_INITIATED,RETURN,,,GW-78640420
REF00000788,ORD0012192,CUST012192,TXN00012192,338.6,NOT_INITIATED,RETURN,,,GW-51638834
REF00000789,ORD0012209,CUST012209,TXN00012209,69.06,NOT_INITIATED,RETURN,,,GW-77883107
REF00000790,ORD0012213,CUST012213,TXN00012213,955.23,NOT_INITIATED,RETURN,,,GW-29895874
REF00000791,ORD0012259,CUST012259,TXN00012259,703.21,NOT_INITIATED,RETURN,,,GW-60815318
REF00000792,ORD0012262,CUST012262,TXN00012262,562.09,NOT_INITIATED,ORDER_CANCELLED,,,GW-41793501
REF00000793,ORD0012265,CUST012265,TXN00012265,715.48,NOT_INITIATED,ORDER_CANCELLED,,,GW-69293561
REF00000794,ORD0012266,CUST012266,TXN00012266,295.39,NOT_INITIATED,ORDER_CANCELLED,,,GW-11393336
REF00000795,ORD0012269,CUST012269,TXN00012269,83.64,NOT_INITIATED,ORDER_CANCELLED,,,GW-59987762
REF00000796,ORD0012306,CUST012306,TXN00012306,310.33,NOT_INITIATED,RETURN,,,GW-20025711
REF00000797,ORD0012331,CUST012331,TXN00012331,1669.89,NOT_INITIATED,RETURN,,,GW-40517615
REF00000798,ORD0012336,CUST012336,TXN00012336,404.07,NOT_INITIATED,ORDER_CANCELLED,,,GW-16864930
REF00000799,ORD0012345,CUST012345,TXN00012345,401.33,NOT_INITIATED,RETURN,,,GW-67507233
REF00000800,ORD0012357,CUST012357,TXN00012357,526.33,NOT_INITIATED,RETURN,,,GW-63213972
REF00000801,ORD0012374,CUST012374,TXN00012374,143.31,NOT_INITIATED,RETURN,,,GW-93166878
REF00000802,ORD0012380,CUST012380,TXN00012380,201.3,NOT_INITIATED,ORDER_CANCELLED,,,GW-52182487
REF00000803,ORD0012428,CUST012428,TXN00012428,1129.32,NOT_INITIATED,ORDER_CANCELLED,,,GW-17401636
REF00000804,ORD0012431,CUST012431,TXN00012431,220.68,NOT_INITIATED,RETURN,,,GW-53020501
REF00000805,ORD0012434,CUST012434,TXN00012434,1319.0,NOT_INITIATED,ORDER_CANCELLED,,,GW-99862416
REF00000806,ORD0012444,CUST012444,TXN00012444,659.71,NOT_INITIATED,ORDER_CANCELLED,,,GW-61326915
REF00000807,ORD0012474,CUST012474,TXN00012474,1732.46,NOT_INITIATED,RETURN,,,GW-75214601
REF00000808,ORD0012487,CUST012487,TXN00012487,819.9,NOT_INITIATED,ORDER_CANCELLED,,,GW-87808828
REF00000809,ORD0012489,CUST012489,TXN00012489,2335.71,NOT_INITIATED,ORDER_CANCELLED,,,GW-56845887
REF00000810,ORD0012516,CUST012516,TXN00012516,356.79,NOT_INITIATED,RETURN,,,GW-59897325
REF00000811,ORD0012532,CUST012532,TXN00012532,412.81,NOT_INITIATED,RETURN,,,GW-44667182
REF00000812,ORD0012534,CUST012534,TXN00012534,603.17,NOT_INITIATED,ORDER_CANCELLED,,,GW-33179724
REF00000813,ORD0012537,CUST012537,TXN00012537,1888.48,NOT_INITIATED,RETURN,,,GW-63536138
REF00000814,ORD0012547,CUST012547,TXN00012547,2085.1,NOT_INITIATED,RETURN,,,GW-59293481
REF00000815,ORD0012553,CUST012553,TXN00012553,1614.91,NOT_INITIATED,ORDER_CANCELLED,,,GW-47861060
REF00000816,ORD0012575,CUST012575,TXN00012575,759.27,NOT_INITIATED,RETURN,,,GW-10750796
REF00000817,ORD0012601,CUST012601,TXN00012601,76.28,NOT_INITIATED,ORDER_CANCELLED,,,GW-74706120
REF00000818,ORD0012602,CUST012602,TXN00012602,1333.43,NOT_INITIATED,ORDER_CANCELLED,,,GW-32655525
REF00000819,ORD0012615,CUST012615,TXN00012615,826.14,NOT_INITIATED,ORDER_CANCELLED,,,GW-84163800
REF00000820,ORD0012619,CUST012619,TXN00012619,285.02,NOT_INITIATED,ORDER_CANCELLED,,,GW-36164349
REF00000821,ORD0012625,CUST012625,TXN00012625,2078.92,NOT_INITIATED,RETURN,,,GW-86690160
REF00000822,ORD0012675,CUST012675,TXN00012675,64.38,NOT_INITIATED,ORDER_CANCELLED,,,GW-67715529
REF00000823,ORD0012683,CUST012683,TXN00012683,2756.52,NOT_INITIATED,ORDER_CANCELLED,,,GW-78727040
REF00000824,ORD0012780,CUST012780,TXN00012780,775.56,NOT_INITIATED,ORDER_CANCELLED,,,GW-59322561
REF00000825,ORD0012834,CUST012834,TXN00012834,230.88,NOT_INITIATED,ORDER_CANCELLED,,,GW-87744677
REF00000826,ORD0012858,CUST012858,TXN00012858,682.79,NOT_INITIATED,ORDER_CANCELLED,,,GW-45568474
REF00000827,ORD0012860,CUST012860,TXN00012860,611.89,NOT_INITIATED,RETURN,,,GW-64870010
REF00000828,ORD0012875,CUST012875,TXN00012875,2373.72,NOT_INITIATED,ORDER_CANCELLED,,,GW-44276032
REF00000829,ORD0012878,CUST012878,TXN00012878,1679.24,NOT_INITIATED,ORDER_CANCELLED,,,GW-27682289
REF00000830,ORD0012880,CUST012880,TXN00012880,1677.5,NOT_INITIATED,RETURN,,,GW-56851145
REF00000831,ORD0012889,CUST012889,TXN00012889,1848.03,NOT_INITIATED,ORDER_CANCELLED,,,GW-26260715
REF00000832,ORD0012896,CUST012896,TXN00012896,1231.13,NOT_INITIATED,ORDER_CANCELLED,,,GW-45493100
REF00000833,ORD0012971,CUST012971,TXN00012971,1486.57,NOT_INITIATED,ORDER_CANCELLED,,,GW-87915144
REF00000834,ORD0012981,CUST012981,TXN00012981,722.83,NOT_INITIATED,ORDER_CANCELLED,,,GW-41130148
REF00000835,ORD0012986,CUST012986,TXN00012986,1587.91,NOT_INITIATED,RETURN,,,GW-86191119
REF00000836,ORD0013003,CUST013003,TXN00013003,123.24,NOT_INITIATED,ORDER_CANCELLED,,,GW-57544693
REF00000837,ORD0013011,CUST013011,TXN00013011,551.17,NOT_INITIATED,RETURN,,,GW-94009648
REF00000838,ORD0013017,CUST013017,TXN00013017,208.7,NOT_INITIATED,ORDER_CANCELLED,,,GW-93264494
REF00000839,ORD0013034,CUST013034,TXN00013034,1605.17,NOT_INITIATED,RETURN,,,GW-49478474
REF00000840,ORD0013054,CUST013054,TXN00013054,2437.96,NOT_INITIATED,RETURN,,,GW-49937595
REF00000841,ORD0013069,CUST013069,TXN00013069,176.41,NOT_INITIATED,RETURN,,,GW-87592037
REF00000842,ORD0013079,CUST013079,TXN00013079,958.0,NOT_INITIATED,ORDER_CANCELLED,,,GW-80085402
REF00000843,ORD0013120,CUST013120,TXN00013120,1055.81,NOT_INITIATED,RETURN,,,GW-51192595
REF00000844,ORD0013123,CUST013123,TXN00013123,310.13,NOT_INITIATED,ORDER_CANCELLED,,,GW-59374781
REF00000845,ORD0013126,CUST013126,TXN00013126,376.2,NOT_INITIATED,RETURN,,,GW-70453476
REF00000846,ORD0013129,CUST013129,TXN00013129,488.22,NOT_INITIATED,ORDER_CANCELLED,,,GW-34908784
REF00000847,ORD0013157,CUST013157,TXN00013157,2739.35,NOT_INITIATED,ORDER_CANCELLED,,,GW-39991536
REF00000848,ORD0013159,CUST013159,TXN00013159,508.88,NOT_INITIATED,ORDER_CANCELLED,,,GW-21860177
REF00000849,ORD0013191,CUST013191,TXN00013191,2796.54,NOT_INITIATED,RETURN,,,GW-28881260
REF00000850,ORD0013198,CUST013198,TXN00013198,922.22,NOT_INITIATED,ORDER_CANCELLED,,,GW-95168457
REF00000851,ORD0013200,CUST013200,TXN00013200,1105.72,NOT_INITIATED,ORDER_CANCELLED,,,GW-95502401
REF00000852,ORD0013214,CUST013214,TXN00013214,723.82,NOT_INITIATED,RETURN,,,GW-50995711
REF00000853,ORD0013226,CUST013226,TXN00013226,2110.01,NOT_INITIATED,RETURN,,,GW-95444521
REF00000854,ORD0013263,CUST013263,TXN00013263,361.87,NOT_INITIATED,ORDER_CANCELLED,,,GW-43760413
REF00000855,ORD0013276,CUST013276,TXN00013276,1085.32,NOT_INITIATED,RETURN,,,GW-30165317
REF00000856,ORD0013331,CUST013331,TXN00013331,2213.07,NOT_INITIATED,RETURN,,,GW-43115686
REF00000857,ORD0013354,CUST013354,TXN00013354,346.27,NOT_INITIATED,RETURN,,,GW-86356424
REF00000858,ORD0013416,CUST013416,TXN00013416,2494.37,NOT_INITIATED,ORDER_CANCELLED,,,GW-26133467
REF00000859,ORD0013427,CUST013427,TXN00013427,2154.48,NOT_INITIATED,ORDER_CANCELLED,,,GW-77397344
REF00000860,ORD0013450,CUST013450,TXN00013450,336.72,NOT_INITIATED,RETURN,,,GW-88531856
REF00000861,ORD0013476,CUST013476,TXN00013476,1682.75,NOT_INITIATED,RETURN,,,GW-20500441
REF00000862,ORD0013479,CUST013479,TXN00013479,387.07,NOT_INITIATED,ORDER_CANCELLED,,,GW-95322997
REF00000863,ORD0013482,CUST013482,TXN00013482,310.49,NOT_INITIATED,RETURN,,,GW-81760798
REF00000864,ORD0013490,CUST013490,TXN00013490,1304.66,NOT_INITIATED,ORDER_CANCELLED,,,GW-69080987
REF00000865,ORD0013505,CUST013505,TXN00013505,2129.93,NOT_INITIATED,RETURN,,,GW-63991127
REF00000866,ORD0013535,CUST013535,TXN00013535,1130.02,NOT_INITIATED,RETURN,,,GW-46416695
REF00000867,ORD0013541,CUST013541,TXN00013541,236.73,NOT_INITIATED,ORDER_CANCELLED,,,GW-99127733
REF00000868,ORD0013548,CUST013548,TXN00013548,664.71,NOT_INITIATED,ORDER_CANCELLED,,,GW-84067010
REF00000869,ORD0013550,CUST013550,TXN00013550,761.02,NOT_INITIATED,ORDER_CANCELLED,,,GW-94938648
REF00000870,ORD0013564,CUST013564,TXN00013564,1327.63,NOT_INITIATED,RETURN,,,GW-46114233
REF00000871,ORD0013574,CUST013574,TXN00013574,48.97,NOT_INITIATED,RETURN,,,GW-70270313
REF00000872,ORD0013598,CUST013598,TXN00013598,2856.53,NOT_INITIATED,ORDER_CANCELLED,,,GW-52703473
REF00000873,ORD0013618,CUST013618,TXN00013618,665.22,NOT_INITIATED,ORDER_CANCELLED,,,GW-95410417
REF00000874,ORD0013622,CUST013622,TXN00013622,2369.52,NOT_INITIATED,RETURN,,,GW-97750399
REF00000875,ORD0013656,CUST013656,TXN00013656,286.47,NOT_INITIATED,RETURN,,,GW-39407505
REF00000876,ORD0013657,CUST013657,TXN00013657,229.51,NOT_INITIATED,RETURN,,,GW-80600733
REF00000877,ORD0013692,CUST013692,TXN00013692,171.56,NOT_INITIATED,RETURN,,,GW-51670773
REF00000878,ORD0013710,CUST013710,TXN00013710,324.5,NOT_INITIATED,RETURN,,,GW-58375246
REF00000879,ORD0013746,CUST013746,TXN00013746,549.42,NOT_INITIATED,RETURN,,,GW-33461316
REF00000880,ORD0013756,CUST013756,TXN00013756,465.33,NOT_INITIATED,RETURN,,,GW-99063202
REF00000881,ORD0013760,CUST013760,TXN00013760,578.69,NOT_INITIATED,ORDER_CANCELLED,,,GW-13804443
REF00000882,ORD0013774,CUST013774,TXN00013774,109.03,NOT_INITIATED,ORDER_CANCELLED,,,GW-18207929
REF00000883,ORD0013811,CUST013811,TXN00013811,801.4,NOT_INITIATED,ORDER_CANCELLED,,,GW-82037589
REF00000884,ORD0013817,CUST013817,TXN00013817,54.11,NOT_INITIATED,RETURN,,,GW-13144352
REF00000885,ORD0013856,CUST013856,TXN00013856,1179.94,NOT_INITIATED,ORDER_CANCELLED,,,GW-54841151
REF00000886,ORD0013881,CUST013881,TXN00013881,431.49,NOT_INITIATED,ORDER_CANCELLED,,,GW-61893255
REF00000887,ORD0013887,CUST013887,TXN00013887,2514.29,NOT_INITIATED,RETURN,,,GW-94160266
REF00000888,ORD0013904,CUST013904,TXN00013904,375.78,NOT_INITIATED,ORDER_CANCELLED,,,GW-82669837
REF00000889,ORD0013937,CUST013937,TXN00013937,222.69,NOT_INITIATED,ORDER_CANCELLED,,,GW-16113027
REF00000890,ORD0013940,CUST013940,TXN00013940,76.14,NOT_INITIATED,ORDER_CANCELLED,,,GW-56182342
REF00000891,ORD0013971,CUST013971,TXN00013971,1407.39,NOT_INITIATED,ORDER_CANCELLED,,,GW-99635502
REF00000892,ORD0013978,CUST013978,TXN00013978,1494.77,NOT_INITIATED,ORDER_CANCELLED,,,GW-93555194
REF00000893,ORD0014000,CUST014000,TXN00014000,1741.23,NOT_INITIATED,ORDER_CANCELLED,,,GW-79991791
REF00000894,ORD0014001,CUST014001,TXN00014001,2643.09,NOT_INITIATED,ORDER_CANCELLED,,,GW-22271777
REF00000895,ORD0014002,CUST014002,TXN00014002,637.94,NOT_INITIATED,ORDER_CANCELLED,,,GW-66263635
REF00000896,ORD0014014,CUST014014,TXN00014014,1831.15,NOT_INITIATED,ORDER_CANCELLED,,,GW-31590606
REF00000897,ORD0014016,CUST014016,TXN00014016,1126.11,NOT_INITIATED,ORDER_CANCELLED,,,GW-49833473
REF00000898,ORD0014019,CUST014019,TXN00014019,247.51,NOT_INITIATED,RETURN,,,GW-14383837
REF00000899,ORD0014029,CUST014029,TXN00014029,2351.08,NOT_INITIATED,RETURN,,,GW-69418001
REF00000900,ORD0014046,CUST014046,TXN00014046,163.04,NOT_INITIATED,RETURN,,,GW-11332736
REF00000901,ORD0014097,CUST014097,TXN00014097,649.56,NOT_INITIATED,RETURN,,,GW-52845458
REF00000902,ORD0014120,CUST014120,TXN00014120,1902.57,NOT_INITIATED,RETURN,,,GW-61028463
REF00000903,ORD0014140,CUST014140,TXN00014140,715.73,NOT_INITIATED,ORDER_CANCELLED,,,GW-64921069
REF00000904,ORD0014171,CUST014171,TXN00014171,783.22,NOT_INITIATED,RETURN,,,GW-58930717
REF00000905,ORD0014181,CUST014181,TXN00014181,1329.32,NOT_INITIATED,RETURN,,,GW-88283289
REF00000906,ORD0014206,CUST014206,TXN00014206,1339.43,NOT_INITIATED,RETURN,,,GW-14573769
REF00000907,ORD0014215,CUST014215,TXN00014215,1183.91,NOT_INITIATED,RETURN,,,GW-17605610
REF00000908,ORD0014258,CUST014258,TXN00014258,362.56,NOT_INITIATED,RETURN,,,GW-15518631
REF00000909,ORD0014274,CUST014274,TXN00014274,366.78,NOT_INITIATED,ORDER_CANCELLED,,,GW-29129799
REF00000910,ORD0014310,CUST014310,TXN00014310,429.06,NOT_INITIATED,RETURN,,,GW-89563347
REF00000911,ORD0014312,CUST014312,TXN00014312,1054.12,NOT_INITIATED,RETURN,,,GW-45787222
REF00000912,ORD0014328,CUST014328,TXN00014328,1258.66,NOT_INITIATED,RETURN,,,GW-50516856
REF00000913,ORD0014336,CUST014336,TXN00014336,1150.1,NOT_INITIATED,RETURN,,,GW-50852692
REF00000914,ORD0014350,CUST014350,TXN00014350,637.51,NOT_INITIATED,RETURN,,,GW-60560974
REF00000915,ORD0014382,CUST014382,TXN00014382,119.47,NOT_INITIATED,RETURN,,,GW-32114993
REF00000916,ORD0014394,CUST014394,TXN00014394,474.07,NOT_INITIATED,RETURN,,,GW-32215688
REF00000917,ORD0014395,CUST014395,TXN00014395,656.73,NOT_INITIATED,RETURN,,,GW-83910970
REF00000918,ORD0014411,CUST014411,TXN00014411,1574.07,NOT_INITIATED,RETURN,,,GW-27615329
REF00000919,ORD0014473,CUST014473,TXN00014473,232.02,NOT_INITIATED,ORDER_CANCELLED,,,GW-65725469
REF00000920,ORD0014496,CUST014496,TXN00014496,587.89,NOT_INITIATED,ORDER_CANCELLED,,,GW-52555480
REF00000921,ORD0014572,CUST014572,TXN00014572,63.76,NOT_INITIATED,ORDER_CANCELLED,,,GW-96370985
REF00000922,ORD0014608,CUST014608,TXN00014608,1155.15,NOT_INITIATED,ORDER_CANCELLED,,,GW-22723527
REF00000923,ORD0014627,CUST014627,TXN00014627,301.31,NOT_INITIATED,RETURN,,,GW-64600826
REF00000924,ORD0014634,CUST014634,TXN00014634,66.06,NOT_INITIATED,ORDER_CANCELLED,,,GW-59223719
REF00000925,ORD0014640,CUST014640,TXN00014640,829.2,NOT_INITIATED,ORDER_CANCELLED,,,GW-16195157
REF00000926,ORD0014647,CUST014647,TXN00014647,642.86,NOT_INITIATED,RETURN,,,GW-90181900
REF00000927,ORD0014648,CUST014648,TXN00014648,568.67,NOT_INITIATED,RETURN,,,GW-71118072
REF00000928,ORD0014663,CUST014663,TXN00014663,203.04,NOT_INITIATED,RETURN,,,GW-88937180
REF00000929,ORD0014669,CUST014669,TXN00014669,1524.39,NOT_INITIATED,RETURN,,,GW-91674300
REF00000930,ORD0014686,CUST014686,TXN00014686,154.65,NOT_INITIATED,ORDER_CANCELLED,,,GW-31509730
REF00000931,ORD0014694,CUST014694,TXN00014694,2937.89,NOT_INITIATED,ORDER_CANCELLED,,,GW-42597560
REF00000932,ORD0014703,CUST014703,TXN00014703,111.66,NOT_INITIATED,ORDER_CANCELLED,,,GW-29249326
REF00000933,ORD0014706,CUST014706,TXN00014706,866.25,NOT_INITIATED,RETURN,,,GW-73180319
REF00000934,ORD0014708,CUST014708,TXN00014708,53.42,NOT_INITIATED,RETURN,,,GW-52630696
REF00000935,ORD0014731,CUST014731,TXN00014731,402.71,NOT_INITIATED,RETURN,,,GW-87125987
REF00000936,ORD0014750,CUST014750,TXN00014750,65.57,NOT_INITIATED,RETURN,,,GW-14799511
REF00000937,ORD0014751,CUST014751,TXN00014751,1399.03,NOT_INITIATED,RETURN,,,GW-46268655
REF00000938,ORD0014753,CUST014753,TXN00014753,877.69,NOT_INITIATED,RETURN,,,GW-66535755
REF00000939,ORD0014773,CUST014773,TXN00014773,201.02,NOT_INITIATED,ORDER_CANCELLED,,,GW-48862398
REF00000940,ORD0014783,CUST014783,TXN00014783,1779.28,NOT_INITIATED,RETURN,,,GW-98569687
REF00000941,ORD0014784,CUST014784,TXN00014784,801.77,NOT_INITIATED,ORDER_CANCELLED,,,GW-28087163
REF00000942,ORD0014795,CUST014795,TXN00014795,166.37,NOT_INITIATED,ORDER_CANCELLED,,,GW-34933843
REF00000943,ORD0014862,CUST014862,TXN00014862,2078.15,NOT_INITIATED,RETURN,,,GW-22952019
REF00000944,ORD0014892,CUST014892,TXN00014892,2170.91,NOT_INITIATED,ORDER_CANCELLED,,,GW-83011427
REF00000945,ORD0014965,CUST014965,TXN00014965,1607.85,NOT_INITIATED,ORDER_CANCELLED,,,GW-10643159
REF00000946,ORD0014973,CUST014973,TXN00014973,738.76,NOT_INITIATED,RETURN,,,GW-93818273
REF00000947,ORD0014998,CUST014998,TXN00014998,1330.2,NOT_INITIATED,RETURN,,,GW-16586557
REF00000948,ORD0015009,CUST015009,TXN00015009,1548.88,NOT_INITIATED,RETURN,,,GW-23003989
REF00000949,ORD0015035,CUST015035,TXN00015035,163.24,NOT_INITIATED,RETURN,,,GW-41123038
REF00000950,ORD0015057,CUST015057,TXN00015057,580.33,NOT_INITIATED,RETURN,,,GW-21227269
REF00000951,ORD0015060,CUST015060,TXN00015060,575.79,NOT_INITIATED,ORDER_CANCELLED,,,GW-65510568
REF00000952,ORD0015063,CUST015063,TXN00015063,482.3,NOT_INITIATED,RETURN,,,GW-16318525
REF00000953,ORD0015094,CUST015094,TXN00015094,82.05,NOT_INITIATED,RETURN,,,GW-87169231
REF00000954,ORD0015130,CUST015130,TXN00015130,1848.47,NOT_INITIATED,RETURN,,,GW-68492097
REF00000955,ORD0015141,CUST015141,TXN00015141,729.71,NOT_INITIATED,ORDER_CANCELLED,,,GW-28199514
REF00000956,ORD0015144,CUST015144,TXN00015144,2648.62,NOT_INITIATED,ORDER_CANCELLED,,,GW-52439628
REF00000957,ORD0015145,CUST015145,TXN00015145,1645.15,NOT_INITIATED,ORDER_CANCELLED,,,GW-54144940
REF00000958,ORD0015153,CUST015153,TXN00015153,102.67,NOT_INITIATED,ORDER_CANCELLED,,,GW-11053503
REF00000959,ORD0015169,CUST015169,TXN00015169,519.42,NOT_INITIATED,ORDER_CANCELLED,,,GW-14798957
REF00000960,ORD0015184,CUST015184,TXN00015184,84.91,NOT_INITIATED,ORDER_CANCELLED,,,GW-39953419
REF00000961,ORD0015191,CUST015191,TXN00015191,568.92,NOT_INITIATED,RETURN,,,GW-92890104
REF00000962,ORD0015220,CUST015220,TXN00015220,331.49,NOT_INITIATED,ORDER_CANCELLED,,,GW-52855265
REF00000963,ORD0015221,CUST015221,TXN00015221,852.51,NOT_INITIATED,RETURN,,,GW-72526528
REF00000964,ORD0015222,CUST015222,TXN00015222,268.55,NOT_INITIATED,RETURN,,,GW-93615985
REF00000965,ORD0015246,CUST015246,TXN00015246,1720.83,NOT_INITIATED,ORDER_CANCELLED,,,GW-27781550
REF00000966,ORD0015265,CUST015265,TXN00015265,393.57,NOT_INITIATED,ORDER_CANCELLED,,,GW-75681463
REF00000967,ORD0015274,CUST015274,TXN00015274,1745.93,NOT_INITIATED,RETURN,,,GW-16677560
REF00000968,ORD0015295,CUST015295,TXN00015295,958.47,NOT_INITIATED,ORDER_CANCELLED,,,GW-12624774
REF00000969,ORD0015299,CUST015299,TXN00015299,1553.74,NOT_INITIATED,RETURN,,,GW-63915488
REF00000970,ORD0015327,CUST015327,TXN00015327,1197.86,NOT_INITIATED,ORDER_CANCELLED,,,GW-98010361
REF00000971,ORD0015328,CUST015328,TXN00015328,592.68,NOT_INITIATED,RETURN,,,GW-15186842
REF00000972,ORD0015334,CUST015334,TXN00015334,773.93,NOT_INITIATED,ORDER_CANCELLED,,,GW-11352555
REF00000973,ORD0015346,CUST015346,TXN00015346,1079.96,NOT_INITIATED,ORDER_CANCELLED,,,GW-25477903
REF00000974,ORD0015348,CUST015348,TXN00015348,355.98,NOT_INITIATED,ORDER_CANCELLED,,,GW-54265316
REF00000975,ORD0015353,CUST015353,TXN00015353,208.7,NOT_INITIATED,ORDER_CANCELLED,,,GW-46633982
REF00000976,ORD0015357,CUST015357,TXN00015357,1942.61,NOT_INITIATED,ORDER_CANCELLED,,,GW-81899011
REF00000977,ORD0015359,CUST015359,TXN00015359,366.73,NOT_INITIATED,ORDER_CANCELLED,,,GW-35834150
REF00000978,ORD0015366,CUST015366,TXN00015366,1071.27,NOT_INITIATED,RETURN,,,GW-36102724
REF00000979,ORD0015367,CUST015367,TXN00015367,730.89,NOT_INITIATED,ORDER_CANCELLED,,,GW-50910169
REF00000980,ORD0015372,CUST015372,TXN00015372,1819.46,NOT_INITIATED,ORDER_CANCELLED,,,GW-35285594
REF00000981,ORD0015402,CUST015402,TXN00015402,410.45,NOT_INITIATED,ORDER_CANCELLED,,,GW-46048267
REF00000982,ORD0015405,CUST015405,TXN00015405,83.33,NOT_INITIATED,RETURN,,,GW-16875541
REF00000983,ORD0015420,CUST015420,TXN00015420,1027.38,NOT_INITIATED,ORDER_CANCELLED,,,GW-86401418
REF00000984,ORD0015428,CUST015428,TXN00015428,1170.33,NOT_INITIATED,RETURN,,,GW-92548300
REF00000985,ORD0015429,CUST015429,TXN00015429,2310.64,NOT_INITIATED,RETURN,,,GW-53184917
REF00000986,ORD0015455,CUST015455,TXN00015455,128.63,NOT_INITIATED,ORDER_CANCELLED,,,GW-57508939
REF00000987,ORD0015468,CUST015468,TXN00015468,2152.5,NOT_INITIATED,ORDER_CANCELLED,,,GW-42379582
REF00000988,ORD0015470,CUST015470,TXN00015470,203.53,NOT_INITIATED,ORDER_CANCELLED,,,GW-27490431
REF00000989,ORD0015483,CUST015483,TXN00015483,361.5,NOT_INITIATED,RETURN,,,GW-49879286
REF00000990,ORD0015487,CUST015487,TXN00015487,172.42,NOT_INITIATED,RETURN,,,GW-83595920
REF00000991,ORD0015499,CUST015499,TXN00015499,741.56,NOT_INITIATED,RETURN,,,GW-79964351
REF00000992,ORD0015533,CUST015533,TXN00015533,1374.57,NOT_INITIATED,ORDER_CANCELLED,,,GW-16723328
REF00000993,ORD0015540,CUST015540,TXN00015540,2256.84,NOT_INITIATED,ORDER_CANCELLED,,,GW-78710976
REF00000994,ORD0015569,CUST015569,TXN00015569,1791.42,NOT_INITIATED,ORDER_CANCELLED,,,GW-19109524
REF00000995,ORD0015574,CUST015574,TXN00015574,809.12,NOT_INITIATED,RETURN,,,GW-14064450
REF00000996,ORD0015588,CUST015588,TXN00015588,140.53,NOT_INITIATED,RETURN,,,GW-30610105
REF00000997,ORD0015594,CUST015594,TXN00015594,320.98,NOT_INITIATED,ORDER_CANCELLED,,,GW-88282848
REF00000998,ORD0015599,CUST015599,TXN00015599,1037.19,NOT_INITIATED,ORDER_CANCELLED,,,GW-27720951
REF00000999,ORD0015620,CUST015620,TXN00015620,397.71,NOT_INITIATED,RETURN,,,GW-49214139
REF00001000,ORD0015664,CUST015664,TXN00015664,1635.94,NOT_INITIATED,RETURN,,,GW-99912587
REF00001001,ORD0015678,CUST015678,TXN00015678,171.76,NOT_INITIATED,RETURN,,,GW-77328455
REF00001002,ORD0015687,CUST015687,TXN00015687,577.83,NOT_INITIATED,RETURN,,,GW-46719599
REF00001003,ORD0015691,CUST015691,TXN00015691,143.13,NOT_INITIATED,RETURN,,,GW-33075918
REF00001004,ORD0015701,CUST015701,TXN00015701,1868.77,NOT_INITIATED,ORDER_CANCELLED,,,GW-30719578
REF00001005,ORD0015710,CUST015710,TXN00015710,941.01,NOT_INITIATED,ORDER_CANCELLED,,,GW-12436891
REF00001006,ORD0015718,CUST015718,TXN00015718,431.57,NOT_INITIATED,RETURN,,,GW-80590060
REF00001007,ORD0015764,CUST015764,TXN00015764,887.73,NOT_INITIATED,ORDER_CANCELLED,,,GW-36576978
REF00001008,ORD0015778,CUST015778,TXN00015778,2284.68,NOT_INITIATED,RETURN,,,GW-93964591
REF00001009,ORD0015798,CUST015798,TXN00015798,641.47,NOT_INITIATED,ORDER_CANCELLED,,,GW-48419886
REF00001010,ORD0015834,CUST015834,TXN00015834,41.12,NOT_INITIATED,ORDER_CANCELLED,,,GW-78235006
REF00001011,ORD0015855,CUST015855,TXN00015855,610.55,NOT_INITIATED,RETURN,,,GW-52444164
REF00001012,ORD0015861,CUST015861,TXN00015861,482.85,NOT_INITIATED,RETURN,,,GW-93688043
REF00001013,ORD0015873,CUST015873,TXN00015873,2063.54,NOT_INITIATED,RETURN,,,GW-15640184
REF00001014,ORD0015874,CUST015874,TXN00015874,441.22,NOT_INITIATED,RETURN,,,GW-29161629
REF00001015,ORD0015908,CUST015908,TXN00015908,907.25,NOT_INITIATED,ORDER_CANCELLED,,,GW-71270154
REF00001016,ORD0015916,CUST015916,TXN00015916,60.21,NOT_INITIATED,ORDER_CANCELLED,,,GW-32225727
REF00001017,ORD0015940,CUST015940,TXN00015940,818.44,NOT_INITIATED,RETURN,,,GW-99596927
REF00001018,ORD0015975,CUST015975,TXN00015975,1074.43,NOT_INITIATED,RETURN,,,GW-25793388
REF00001019,ORD0015991,CUST015991,TXN00015991,1671.84,NOT_INITIATED,RETURN,,,GW-97549122
REF00001020,ORD0015997,CUST015997,TXN00015997,977.44,NOT_INITIATED,RETURN,,,GW-59462268
REF00001021,ORD0016008,CUST016008,TXN00016008,1325.0,NOT_INITIATED,RETURN,,,GW-26684124
REF00001022,ORD0016011,CUST016011,TXN00016011,895.47,NOT_INITIATED,RETURN,,,GW-22800654
REF00001023,ORD0016019,CUST016019,TXN00016019,2774.12,NOT_INITIATED,ORDER_CANCELLED,,,GW-47345246
REF00001024,ORD0016040,CUST016040,TXN00016040,269.42,NOT_INITIATED,RETURN,,,GW-75295528
REF00001025,ORD0016053,CUST016053,TXN00016053,581.55,NOT_INITIATED,ORDER_CANCELLED,,,GW-71984454
REF00001026,ORD0016055,CUST016055,TXN00016055,1230.37,NOT_INITIATED,ORDER_CANCELLED,,,GW-99739567
REF00001027,ORD0016068,CUST016068,TXN00016068,870.22,NOT_INITIATED,RETURN,,,GW-16175066
REF00001028,ORD0016069,CUST016069,TXN00016069,2138.38,NOT_INITIATED,RETURN,,,GW-44510663
REF00001029,ORD0016094,CUST016094,TXN00016094,826.96,NOT_INITIATED,ORDER_CANCELLED,,,GW-85176774
REF00001030,ORD0016104,CUST016104,TXN00016104,231.85,NOT_INITIATED,RETURN,,,GW-96725738
REF00001031,ORD0016113,CUST016113,TXN00016113,1891.44,NOT_INITIATED,ORDER_CANCELLED,,,GW-48478377
REF00001032,ORD0016129,CUST016129,TXN00016129,1948.71,NOT_INITIATED,ORDER_CANCELLED,,,GW-31347854
REF00001033,ORD0016149,CUST016149,TXN00016149,1341.77,NOT_INITIATED,RETURN,,,GW-25082259
REF00001034,ORD0016152,CUST016152,TXN00016152,603.18,NOT_INITIATED,RETURN,,,GW-71915917
REF00001035,ORD0016194,CUST016194,TXN00016194,512.14,NOT_INITIATED,ORDER_CANCELLED,,,GW-28848429
REF00001036,ORD0016199,CUST016199,TXN00016199,860.49,NOT_INITIATED,RETURN,,,GW-67605837
REF00001037,ORD0016203,CUST016203,TXN00016203,325.98,NOT_INITIATED,RETURN,,,GW-13852052
REF00001038,ORD0016211,CUST016211,TXN00016211,234.98,NOT_INITIATED,ORDER_CANCELLED,,,GW-71032780
REF00001039,ORD0016297,CUST016297,TXN00016297,685.46,NOT_INITIATED,ORDER_CANCELLED,,,GW-65468586
REF00001040,ORD0016300,CUST016300,TXN00016300,1830.81,NOT_INITIATED,RETURN,,,GW-70175614
REF00001041,ORD0016318,CUST016318,TXN00016318,570.49,NOT_INITIATED,ORDER_CANCELLED,,,GW-42366529
REF00001042,ORD0016329,CUST016329,TXN00016329,1129.69,NOT_INITIATED,ORDER_CANCELLED,,,GW-47592896
REF00001043,ORD0016330,CUST016330,TXN00016330,113.11,NOT_INITIATED,ORDER_CANCELLED,,,GW-96850041
REF00001044,ORD0016370,CUST016370,TXN00016370,3278.16,NOT_INITIATED,ORDER_CANCELLED,,,GW-75794024
REF00001045,ORD0016446,CUST016446,TXN00016446,1824.74,NOT_INITIATED,RETURN,,,GW-43367550
REF00001046,ORD0016451,CUST016451,TXN00016451,2116.45,NOT_INITIATED,RETURN,,,GW-85467879
REF00001047,ORD0016462,CUST016462,TXN00016462,924.04,NOT_INITIATED,ORDER_CANCELLED,,,GW-96586639
REF00001048,ORD0016465,CUST016465,TXN00016465,313.21,NOT_INITIATED,RETURN,,,GW-74679903
REF00001049,ORD0016496,CUST016496,TXN00016496,270.54,NOT_INITIATED,ORDER_CANCELLED,,,GW-62671983
REF00001050,ORD0016510,CUST016510,TXN00016510,186.58,NOT_INITIATED,ORDER_CANCELLED,,,GW-97430451
REF00001051,ORD0016536,CUST016536,TXN00016536,1018.64,NOT_INITIATED,ORDER_CANCELLED,,,GW-49043386
REF00001052,ORD0016539,CUST016539,TXN00016539,296.2,NOT_INITIATED,ORDER_CANCELLED,,,GW-40958264
REF00001053,ORD0016554,CUST016554,TXN00016554,39.81,NOT_INITIATED,RETURN,,,GW-84455110
REF00001054,ORD0016568,CUST016568,TXN00016568,834.42,NOT_INITIATED,RETURN,,,GW-98703678
REF00001055,ORD0016585,CUST016585,TXN00016585,452.78,NOT_INITIATED,ORDER_CANCELLED,,,GW-63395543
REF00001056,ORD0016604,CUST016604,TXN00016604,278.1,NOT_INITIATED,ORDER_CANCELLED,,,GW-59615948
REF00001057,ORD0016649,CUST016649,TXN00016649,2944.71,NOT_INITIATED,RETURN,,,GW-16709007
REF00001058,ORD0016657,CUST016657,TXN00016657,548.57,NOT_INITIATED,RETURN,,,GW-14854684
REF00001059,ORD0016677,CUST016677,TXN00016677,2372.8,NOT_INITIATED,ORDER_CANCELLED,,,GW-20989833
REF00001060,ORD0016698,CUST016698,TXN00016698,912.04,NOT_INITIATED,ORDER_CANCELLED,,,GW-14494864
REF00001061,ORD0016704,CUST016704,TXN00016704,1072.64,NOT_INITIATED,RETURN,,,GW-93307027
REF00001062,ORD0016713,CUST016713,TXN00016713,1655.5,NOT_INITIATED,ORDER_CANCELLED,,,GW-99152823
REF00001063,ORD0016743,CUST016743,TXN00016743,1222.63,NOT_INITIATED,RETURN,,,GW-52389432
REF00001064,ORD0016756,CUST016756,TXN00016756,518.79,NOT_INITIATED,ORDER_CANCELLED,,,GW-68955544
REF00001065,ORD0016758,CUST016758,TXN00016758,191.15,NOT_INITIATED,ORDER_CANCELLED,,,GW-12376323
REF00001066,ORD0016765,CUST016765,TXN00016765,98.06,NOT_INITIATED,RETURN,,,GW-53388125
REF00001067,ORD0016800,CUST016800,TXN00016800,67.99,NOT_INITIATED,RETURN,,,GW-78584310
REF00001068,ORD0016816,CUST016816,TXN00016816,486.85,NOT_INITIATED,RETURN,,,GW-60047745
REF00001069,ORD0016819,CUST016819,TXN00016819,1560.44,NOT_INITIATED,RETURN,,,GW-35674340
REF00001070,ORD0016865,CUST016865,TXN00016865,2638.25,NOT_INITIATED,ORDER_CANCELLED,,,GW-28549222
REF00001071,ORD0016910,CUST016910,TXN00016910,3316.71,NOT_INITIATED,ORDER_CANCELLED,,,GW-27489063
REF00001072,ORD0016912,CUST016912,TXN00016912,1208.07,NOT_INITIATED,ORDER_CANCELLED,,,GW-51521114
REF00001073,ORD0016927,CUST016927,TXN00016927,576.96,NOT_INITIATED,ORDER_CANCELLED,,,GW-61248806
REF00001074,ORD0017004,CUST017004,TXN00017004,682.78,NOT_INITIATED,ORDER_CANCELLED,,,GW-98394320
REF00001075,ORD0017006,CUST017006,TXN00017006,127.97,NOT_INITIATED,RETURN,,,GW-61216147
REF00001076,ORD0017022,CUST017022,TXN00017022,1923.98,NOT_INITIATED,RETURN,,,GW-75937174
REF00001077,ORD0017024,CUST017024,TXN00017024,622.63,NOT_INITIATED,RETURN,,,GW-31561189
REF00001078,ORD0017141,CUST017141,TXN00017141,1660.94,NOT_INITIATED,RETURN,,,GW-35200533
REF00001079,ORD0017148,CUST017148,TXN00017148,1772.2,NOT_INITIATED,ORDER_CANCELLED,,,GW-87214190
REF00001080,ORD0017153,CUST017153,TXN00017153,363.64,NOT_INITIATED,ORDER_CANCELLED,,,GW-82605182
REF00001081,ORD0017166,CUST017166,TXN00017166,1275.77,NOT_INITIATED,ORDER_CANCELLED,,,GW-89611930
REF00001082,ORD0017171,CUST017171,TXN00017171,1438.68,NOT_INITIATED,RETURN,,,GW-18443006
REF00001083,ORD0017181,CUST017181,TXN00017181,26.25,NOT_INITIATED,ORDER_CANCELLED,,,GW-44455397
REF00001084,ORD0017217,CUST017217,TXN00017217,1908.72,NOT_INITIATED,ORDER_CANCELLED,,,GW-87361579
REF00001085,ORD0017218,CUST017218,TXN00017218,484.88,NOT_INITIATED,RETURN,,,GW-81898937
REF00001086,ORD0017228,CUST017228,TXN00017228,640.75,NOT_INITIATED,RETURN,,,GW-98994999
REF00001087,ORD0017236,CUST017236,TXN00017236,967.07,NOT_INITIATED,ORDER_CANCELLED,,,GW-83610552
REF00001088,ORD0017246,CUST017246,TXN00017246,458.59,NOT_INITIATED,ORDER_CANCELLED,,,GW-60790381
REF00001089,ORD0017250,CUST017250,TXN00017250,2774.82,NOT_INITIATED,RETURN,,,GW-18290947
REF00001090,ORD0017263,CUST017263,TXN00017263,842.74,NOT_INITIATED,RETURN,,,GW-94861952
REF00001091,ORD0017277,CUST017277,TXN00017277,462.64,NOT_INITIATED,ORDER_CANCELLED,,,GW-31313011
REF00001092,ORD0017315,CUST017315,TXN00017315,1852.37,NOT_INITIATED,RETURN,,,GW-42424044
REF00001093,ORD0017318,CUST017318,TXN00017318,2772.1,NOT_INITIATED,RETURN,,,GW-27839210
REF00001094,ORD0017321,CUST017321,TXN00017321,75.61,NOT_INITIATED,RETURN,,,GW-65267193
REF00001095,ORD0017329,CUST017329,TXN00017329,682.81,NOT_INITIATED,ORDER_CANCELLED,,,GW-17955599
REF00001096,ORD0017336,CUST017336,TXN00017336,150.54,NOT_INITIATED,ORDER_CANCELLED,,,GW-43531461
REF00001097,ORD0017345,CUST017345,TXN00017345,61.42,NOT_INITIATED,ORDER_CANCELLED,,,GW-42851116
REF00001098,ORD0017390,CUST017390,TXN00017390,289.94,NOT_INITIATED,RETURN,,,GW-11715465
REF00001099,ORD0017391,CUST017391,TXN00017391,1525.9,NOT_INITIATED,ORDER_CANCELLED,,,GW-66870017
REF00001100,ORD0017393,CUST017393,TXN00017393,844.3,NOT_INITIATED,RETURN,,,GW-39317860
REF00001101,ORD0017427,CUST017427,TXN00017427,641.96,NOT_INITIATED,RETURN,,,GW-19499907
REF00001102,ORD0017429,CUST017429,TXN00017429,2955.98,NOT_INITIATED,ORDER_CANCELLED,,,GW-25805698
REF00001103,ORD0017452,CUST017452,TXN00017452,708.08,NOT_INITIATED,RETURN,,,GW-29087591
REF00001104,ORD0017489,CUST017489,TXN00017489,1395.72,NOT_INITIATED,RETURN,,,GW-55808611
REF00001105,ORD0017495,CUST017495,TXN00017495,805.47,NOT_INITIATED,ORDER_CANCELLED,,,GW-93809065
REF00001106,ORD0017500,CUST017500,TXN00017500,135.24,NOT_INITIATED,RETURN,,,GW-57133810
REF00001107,ORD0017546,CUST017546,TXN00017546,1176.14,NOT_INITIATED,RETURN,,,GW-61273708
REF00001108,ORD0017555,CUST017555,TXN00017555,2014.09,NOT_INITIATED,RETURN,,,GW-18380877
REF00001109,ORD0017602,CUST017602,TXN00017602,2362.38,NOT_INITIATED,ORDER_CANCELLED,,,GW-82192187
REF00001110,ORD0017614,CUST017614,TXN00017614,131.75,NOT_INITIATED,ORDER_CANCELLED,,,GW-52174497
REF00001111,ORD0017642,CUST017642,TXN00017642,631.99,NOT_INITIATED,RETURN,,,GW-27210012
REF00001112,ORD0017643,CUST017643,TXN00017643,266.09,NOT_INITIATED,ORDER_CANCELLED,,,GW-35702074
REF00001113,ORD0017656,CUST017656,TXN00017656,725.85,NOT_INITIATED,ORDER_CANCELLED,,,GW-97508294
REF00001114,ORD0017663,CUST017663,TXN00017663,210.39,NOT_INITIATED,ORDER_CANCELLED,,,GW-85684922
REF00001115,ORD0017668,CUST017668,TXN00017668,2009.63,NOT_INITIATED,RETURN,,,GW-17460987
REF00001116,ORD0017669,CUST017669,TXN00017669,1568.91,NOT_INITIATED,RETURN,,,GW-80034864
REF00001117,ORD0017688,CUST017688,TXN00017688,1254.01,NOT_INITIATED,RETURN,,,GW-47826620
REF00001118,ORD0017711,CUST017711,TXN00017711,366.36,NOT_INITIATED,ORDER_CANCELLED,,,GW-45298479
REF00001119,ORD0017713,CUST017713,TXN00017713,1744.39,NOT_INITIATED,ORDER_CANCELLED,,,GW-30192327
REF00001120,ORD0017725,CUST017725,TXN00017725,200.19,NOT_INITIATED,RETURN,,,GW-20877171
REF00001121,ORD0017740,CUST017740,TXN00017740,809.89,NOT_INITIATED,RETURN,,,GW-63839484
REF00001122,ORD0017746,CUST017746,TXN00017746,1640.19,NOT_INITIATED,ORDER_CANCELLED,,,GW-13137192
REF00001123,ORD0017749,CUST017749,TXN00017749,559.88,NOT_INITIATED,RETURN,,,GW-61115406
REF00001124,ORD0017751,CUST017751,TXN00017751,493.54,NOT_INITIATED,ORDER_CANCELLED,,,GW-25622685
REF00001125,ORD0017752,CUST017752,TXN00017752,373.26,NOT_INITIATED,ORDER_CANCELLED,,,GW-53977697
REF00001126,ORD0017772,CUST017772,TXN00017772,325.58,NOT_INITIATED,RETURN,,,GW-83225679
REF00001127,ORD0017780,CUST017780,TXN00017780,2343.66,NOT_INITIATED,ORDER_CANCELLED,,,GW-49315831
REF00001128,ORD0017800,CUST017800,TXN00017800,1379.87,NOT_INITIATED,RETURN,,,GW-24673811
REF00001129,ORD0017801,CUST017801,TXN00017801,540.02,NOT_INITIATED,ORDER_CANCELLED,,,GW-32888464
REF00001130,ORD0017809,CUST017809,TXN00017809,800.58,NOT_INITIATED,RETURN,,,GW-12943700
REF00001131,ORD0017856,CUST017856,TXN00017856,633.07,NOT_INITIATED,ORDER_CANCELLED,,,GW-82067476
REF00001132,ORD0017862,CUST017862,TXN00017862,1722.59,NOT_INITIATED,ORDER_CANCELLED,,,GW-35356057
REF00001133,ORD0017893,CUST017893,TXN00017893,2532.95,NOT_INITIATED,ORDER_CANCELLED,,,GW-87773701
REF00001134,ORD0017901,CUST017901,TXN00017901,319.34,NOT_INITIATED,ORDER_CANCELLED,,,GW-27563213
REF00001135,ORD0017950,CUST017950,TXN00017950,54.02,NOT_INITIATED,ORDER_CANCELLED,,,GW-67772577
REF00001136,ORD0017961,CUST017961,TXN00017961,558.58,NOT_INITIATED,ORDER_CANCELLED,,,GW-77248400
REF00001137,ORD0017985,CUST017985,TXN00017985,86.15,NOT_INITIATED,ORDER_CANCELLED,,,GW-94476724
REF00001138,ORD0018005,CUST018005,TXN00018005,790.17,NOT_INITIATED,RETURN,,,GW-56986982
REF00001139,ORD0018026,CUST018026,TXN00018026,640.17,NOT_INITIATED,ORDER_CANCELLED,,,GW-80504543
REF00001140,ORD0018029,CUST018029,TXN00018029,76.17,NOT_INITIATED,RETURN,,,GW-41333908
REF00001141,ORD0018064,CUST018064,TXN00018064,52.05,NOT_INITIATED,ORDER_CANCELLED,,,GW-44787780
REF00001142,ORD0018074,CUST018074,TXN00018074,523.86,NOT_INITIATED,RETURN,,,GW-45934539
REF00001143,ORD0018078,CUST018078,TXN00018078,118.36,NOT_INITIATED,ORDER_CANCELLED,,,GW-45143089
REF00001144,ORD0018082,CUST018082,TXN00018082,536.04,NOT_INITIATED,ORDER_CANCELLED,,,GW-56044800
REF00001145,ORD0018099,CUST018099,TXN00018099,1093.24,NOT_INITIATED,RETURN,,,GW-28321421
REF00001146,ORD0018112,CUST018112,TXN00018112,1113.33,NOT_INITIATED,ORDER_CANCELLED,,,GW-77057189
REF00001147,ORD0018131,CUST018131,TXN00018131,946.71,NOT_INITIATED,RETURN,,,GW-45326942
REF00001148,ORD0018170,CUST018170,TXN00018170,792.22,NOT_INITIATED,ORDER_CANCELLED,,,GW-90886164
REF00001149,ORD0018172,CUST018172,TXN00018172,1330.85,NOT_INITIATED,RETURN,,,GW-56216577
REF00001150,ORD0018203,CUST018203,TXN00018203,1251.07,NOT_INITIATED,RETURN,,,GW-78541278
REF00001151,ORD0018214,CUST018214,TXN00018214,364.72,NOT_INITIATED,ORDER_CANCELLED,,,GW-69211030
REF00001152,ORD0018249,CUST018249,TXN00018249,1697.58,NOT_INITIATED,RETURN,,,GW-78486448
REF00001153,ORD0018251,CUST018251,TXN00018251,2640.23,NOT_INITIATED,RETURN,,,GW-31681970
REF00001154,ORD0018261,CUST018261,TXN00018261,733.14,NOT_INITIATED,RETURN,,,GW-13305255
REF00001155,ORD0018284,CUST018284,TXN00018284,340.81,NOT_INITIATED,RETURN,,,GW-55412385
REF00001156,ORD0018306,CUST018306,TXN00018306,615.81,NOT_INITIATED,RETURN,,,GW-20974184
REF00001157,ORD0018316,CUST018316,TXN00018316,1141.44,NOT_INITIATED,RETURN,,,GW-82856965
REF00001158,ORD0018336,CUST018336,TXN00018336,452.48,NOT_INITIATED,RETURN,,,GW-18848368
REF00001159,ORD0018355,CUST018355,TXN00018355,1487.73,NOT_INITIATED,RETURN,,,GW-63162232
REF00001160,ORD0018362,CUST018362,TXN00018362,1022.8,NOT_INITIATED,ORDER_CANCELLED,,,GW-44963209
REF00001161,ORD0018371,CUST018371,TXN00018371,204.87,NOT_INITIATED,RETURN,,,GW-35526875
REF00001162,ORD0018396,CUST018396,TXN00018396,1802.58,NOT_INITIATED,RETURN,,,GW-53409827
REF00001163,ORD0018407,CUST018407,TXN00018407,256.68,NOT_INITIATED,RETURN,,,GW-94731190
REF00001164,ORD0018440,CUST018440,TXN00018440,67.79,NOT_INITIATED,RETURN,,,GW-22163585
REF00001165,ORD0018442,CUST018442,TXN00018442,216.86,NOT_INITIATED,RETURN,,,GW-27547494
REF00001166,ORD0018450,CUST018450,TXN00018450,80.84,NOT_INITIATED,ORDER_CANCELLED,,,GW-26681065
REF00001167,ORD0018510,CUST018510,TXN00018510,1099.99,NOT_INITIATED,RETURN,,,GW-15801256
REF00001168,ORD0018514,CUST018514,TXN00018514,971.76,NOT_INITIATED,ORDER_CANCELLED,,,GW-92735171
REF00001169,ORD0018516,CUST018516,TXN00018516,1900.9,NOT_INITIATED,RETURN,,,GW-73454182
REF00001170,ORD0018530,CUST018530,TXN00018530,352.1,NOT_INITIATED,RETURN,,,GW-83880081
REF00001171,ORD0018531,CUST018531,TXN00018531,808.14,NOT_INITIATED,ORDER_CANCELLED,,,GW-65231451
REF00001172,ORD0018560,CUST018560,TXN00018560,295.62,NOT_INITIATED,ORDER_CANCELLED,,,GW-46212781
REF00001173,ORD0018571,CUST018571,TXN00018571,65.25,NOT_INITIATED,ORDER_CANCELLED,,,GW-58432055
REF00001174,ORD0018588,CUST018588,TXN00018588,473.62,NOT_INITIATED,RETURN,,,GW-93084868
REF00001175,ORD0018594,CUST018594,TXN00018594,2835.41,NOT_INITIATED,ORDER_CANCELLED,,,GW-56012290
REF00001176,ORD0018604,CUST018604,TXN00018604,1115.4,NOT_INITIATED,RETURN,,,GW-42285014
REF00001177,ORD0018611,CUST018611,TXN00018611,1311.11,NOT_INITIATED,RETURN,,,GW-81962851
REF00001178,ORD0018616,CUST018616,TXN00018616,92.47,NOT_INITIATED,RETURN,,,GW-55459082
REF00001179,ORD0018617,CUST018617,TXN00018617,579.38,NOT_INITIATED,ORDER_CANCELLED,,,GW-43497157
REF00001180,ORD0018623,CUST018623,TXN00018623,463.56,NOT_INITIATED,RETURN,,,GW-31697965
REF00001181,ORD0018646,CUST018646,TXN00018646,554.53,NOT_INITIATED,RETURN,,,GW-96139406
REF00001182,ORD0018654,CUST018654,TXN00018654,337.74,NOT_INITIATED,RETURN,,,GW-89230932
REF00001183,ORD0018669,CUST018669,TXN00018669,387.36,NOT_INITIATED,ORDER_CANCELLED,,,GW-30689118
REF00001184,ORD0018676,CUST018676,TXN00018676,33.87,NOT_INITIATED,RETURN,,,GW-97602175
REF00001185,ORD0018681,CUST018681,TXN00018681,112.77,NOT_INITIATED,RETURN,,,GW-89534945
REF00001186,ORD0018695,CUST018695,TXN00018695,527.65,NOT_INITIATED,ORDER_CANCELLED,,,GW-97603558
REF00001187,ORD0018724,CUST018724,TXN00018724,857.39,NOT_INITIATED,ORDER_CANCELLED,,,GW-73247705
REF00001188,ORD0018725,CUST018725,TXN00018725,97.32,NOT_INITIATED,ORDER_CANCELLED,,,GW-34503796
REF00001189,ORD0018757,CUST018757,TXN00018757,528.6,NOT_INITIATED,ORDER_CANCELLED,,,GW-46766374
REF00001190,ORD0018773,CUST018773,TXN00018773,1261.26,NOT_INITIATED,ORDER_CANCELLED,,,GW-72478270
REF00001191,ORD0018776,CUST018776,TXN00018776,80.57,NOT_INITIATED,RETURN,,,GW-76087891
REF00001192,ORD0018777,CUST018777,TXN00018777,115.89,NOT_INITIATED,RETURN,,,GW-62413213
REF00001193,ORD0018784,CUST018784,TXN00018784,1044.8,NOT_INITIATED,ORDER_CANCELLED,,,GW-40142900
REF00001194,ORD0018808,CUST018808,TXN00018808,740.96,NOT_INITIATED,RETURN,,,GW-38515774
REF00001195,ORD0018850,CUST018850,TXN00018850,601.34,NOT_INITIATED,ORDER_CANCELLED,,,GW-74151031
REF00001196,ORD0018886,CUST018886,TXN00018886,377.89,NOT_INITIATED,ORDER_CANCELLED,,,GW-46618097
REF00001197,ORD0018904,CUST018904,TXN00018904,375.03,NOT_INITIATED,ORDER_CANCELLED,,,GW-16865287
REF00001198,ORD0018924,CUST018924,TXN00018924,1273.65,NOT_INITIATED,ORDER_CANCELLED,,,GW-20099380
REF00001199,ORD0018941,CUST018941,TXN00018941,290.61,NOT_INITIATED,RETURN,,,GW-29792240
REF00001200,ORD0018955,CUST018955,TXN00018955,2392.85,NOT_INITIATED,RETURN,,,GW-66466885
REF00001201,ORD0018967,CUST018967,TXN00018967,2252.14,NOT_INITIATED,ORDER_CANCELLED,,,GW-41214549
REF00001202,ORD0018974,CUST018974,TXN00018974,627.32,NOT_INITIATED,ORDER_CANCELLED,,,GW-89108232
REF00001203,ORD0018983,CUST018983,TXN00018983,1691.89,NOT_INITIATED,ORDER_CANCELLED,,,GW-40185223
REF00001204,ORD0018992,CUST018992,TXN00018992,424.98,NOT_INITIATED,RETURN,,,GW-10289710
REF00001205,ORD0019002,CUST019002,TXN00019002,1225.8,NOT_INITIATED,ORDER_CANCELLED,,,GW-56507847
REF00001206,ORD0019016,CUST019016,TXN00019016,619.48,NOT_INITIATED,RETURN,,,GW-22914044
REF00001207,ORD0019034,CUST019034,TXN00019034,221.59,NOT_INITIATED,ORDER_CANCELLED,,,GW-56870163
REF00001208,ORD0019039,CUST019039,TXN00019039,771.36,NOT_INITIATED,RETURN,,,GW-95753905
REF00001209,ORD0019047,CUST019047,TXN00019047,1239.12,NOT_INITIATED,RETURN,,,GW-14535738
REF00001210,ORD0019140,CUST019140,TXN00019140,303.96,NOT_INITIATED,ORDER_CANCELLED,,,GW-82921886
REF00001211,ORD0019148,CUST019148,TXN00019148,1613.78,NOT_INITIATED,ORDER_CANCELLED,,,GW-95709614
REF00001212,ORD0019151,CUST019151,TXN00019151,794.43,NOT_INITIATED,ORDER_CANCELLED,,,GW-64109801
REF00001213,ORD0019189,CUST019189,TXN00019189,731.59,NOT_INITIATED,ORDER_CANCELLED,,,GW-15074548
REF00001214,ORD0019194,CUST019194,TXN00019194,1318.94,NOT_INITIATED,RETURN,,,GW-53399041
REF00001215,ORD0019223,CUST019223,TXN00019223,1038.09,NOT_INITIATED,RETURN,,,GW-89039799
REF00001216,ORD0019225,CUST019225,TXN00019225,2402.76,NOT_INITIATED,RETURN,,,GW-56542418
REF00001217,ORD0019226,CUST019226,TXN00019226,2493.68,NOT_INITIATED,ORDER_CANCELLED,,,GW-83857754
REF00001218,ORD0019231,CUST019231,TXN00019231,714.32,NOT_INITIATED,RETURN,,,GW-67234644
REF00001219,ORD0019237,CUST019237,TXN00019237,1073.81,NOT_INITIATED,ORDER_CANCELLED,,,GW-92298353
REF00001220,ORD0019239,CUST019239,TXN00019239,693.29,NOT_INITIATED,RETURN,,,GW-83462976
REF00001221,ORD0019306,CUST019306,TXN00019306,358.51,NOT_INITIATED,RETURN,,,GW-93341573
REF00001222,ORD0019380,CUST019380,TXN00019380,167.72,NOT_INITIATED,RETURN,,,GW-37682739
REF00001223,ORD0019390,CUST019390,TXN00019390,1324.58,NOT_INITIATED,ORDER_CANCELLED,,,GW-50414910
REF00001224,ORD0019418,CUST019418,TXN00019418,1118.29,NOT_INITIATED,ORDER_CANCELLED,,,GW-97592133
REF00001225,ORD0019427,CUST019427,TXN00019427,303.95,NOT_INITIATED,ORDER_CANCELLED,,,GW-18410801
REF00001226,ORD0019437,CUST019437,TXN00019437,1130.18,NOT_INITIATED,ORDER_CANCELLED,,,GW-57335804
REF00001227,ORD0019438,CUST019438,TXN00019438,765.83,NOT_INITIATED,RETURN,,,GW-91076374
REF00001228,ORD0019445,CUST019445,TXN00019445,763.54,NOT_INITIATED,RETURN,,,GW-65659957
REF00001229,ORD0019484,CUST019484,TXN00019484,340.58,NOT_INITIATED,RETURN,,,GW-47483055
REF00001230,ORD0019493,CUST019493,TXN00019493,1726.53,NOT_INITIATED,ORDER_CANCELLED,,,GW-65777496
REF00001231,ORD0019515,CUST019515,TXN00019515,404.3,NOT_INITIATED,RETURN,,,GW-16456296
REF00001232,ORD0019521,CUST019521,TXN00019521,969.52,NOT_INITIATED,RETURN,,,GW-86874975
REF00001233,ORD0019540,CUST019540,TXN00019540,1231.82,NOT_INITIATED,RETURN,,,GW-32870167
REF00001234,ORD0019563,CUST019563,TXN00019563,648.28,NOT_INITIATED,ORDER_CANCELLED,,,GW-54798941
REF00001235,ORD0019596,CUST019596,TXN00019596,2140.56,NOT_INITIATED,ORDER_CANCELLED,,,GW-99540085
REF00001236,ORD0019615,CUST019615,TXN00019615,531.46,NOT_INITIATED,ORDER_CANCELLED,,,GW-55602086
REF00001237,ORD0019626,CUST019626,TXN00019626,327.07,NOT_INITIATED,ORDER_CANCELLED,,,GW-63971015
REF00001238,ORD0019654,CUST019654,TXN00019654,516.78,NOT_INITIATED,RETURN,,,GW-55380734
REF00001239,ORD0019662,CUST019662,TXN00019662,1137.56,NOT_INITIATED,ORDER_CANCELLED,,,GW-41140371
REF00001240,ORD0019678,CUST019678,TXN00019678,452.15,NOT_INITIATED,RETURN,,,GW-57159013
REF00001241,ORD0019694,CUST019694,TXN00019694,79.39,NOT_INITIATED,ORDER_CANCELLED,,,GW-88657193
REF00001242,ORD0019720,CUST019720,TXN00019720,1260.84,NOT_INITIATED,ORDER_CANCELLED,,,GW-78147664
REF00001243,ORD0019721,CUST019721,TXN00019721,2678.57,NOT_INITIATED,RETURN,,,GW-79793887
REF00001244,ORD0019725,CUST019725,TXN00019725,2082.62,NOT_INITIATED,ORDER_CANCELLED,,,GW-24822680
REF00001245,ORD0019754,CUST019754,TXN00019754,1188.11,NOT_INITIATED,ORDER_CANCELLED,,,GW-95805270
REF00001246,ORD0019767,CUST019767,TXN00019767,1691.71,NOT_INITIATED,ORDER_CANCELLED,,,GW-40538815
REF00001247,ORD0019775,CUST019775,TXN00019775,2240.34,NOT_INITIATED,ORDER_CANCELLED,,,GW-27730640
REF00001248,ORD0019779,CUST019779,TXN00019779,1010.4,NOT_INITIATED,ORDER_CANCELLED,,,GW-44361967
REF00001249,ORD0019785,CUST019785,TXN00019785,1598.39,NOT_INITIATED,ORDER_CANCELLED,,,GW-36109030
REF00001250,ORD0019804,CUST019804,TXN00019804,552.63,NOT_INITIATED,ORDER_CANCELLED,,,GW-87319440
REF00001251,ORD0019814,CUST019814,TXN00019814,994.13,NOT_INITIATED,ORDER_CANCELLED,,,GW-22953388
REF00001252,ORD0019828,CUST019828,TXN00019828,1924.53,NOT_INITIATED,ORDER_CANCELLED,,,GW-54252026
REF00001253,ORD0019831,CUST019831,TXN00019831,1778.39,NOT_INITIATED,RETURN,,,GW-54143460
REF00001254,ORD0019869,CUST019869,TXN00019869,310.34,NOT_INITIATED,RETURN,,,GW-36587590
REF00001255,ORD0019879,CUST019879,TXN00019879,2065.36,NOT_INITIATED,ORDER_CANCELLED,,,GW-45342055
REF00001256,ORD0019909,CUST019909,TXN00019909,108.57,NOT_INITIATED,ORDER_CANCELLED,,,GW-50276223
REF00001257,ORD0019965,CUST019965,TXN00019965,3300.47,NOT_INITIATED,RETURN,,,GW-69905943
REF00001258,ORD0019984,CUST019984,TXN00019984,1045.08,NOT_INITIATED,ORDER_CANCELLED,,,GW-29235033
REF00001259,ORD0020001,CUST020001,TXN00020001,452.45,NOT_INITIATED,ORDER_CANCELLED,,,GW-42048940
REF00001260,ORD0020015,CUST020015,TXN00020015,128.42,NOT_INITIATED,RETURN,,,GW-16508219
REF00001261,ORD0020018,CUST020018,TXN00020018,1771.78,NOT_INITIATED,ORDER_CANCELLED,,,GW-26607996
REF00001262,ORD0020027,CUST020027,TXN00020027,600.34,NOT_INITIATED,RETURN,,,GW-83530746
REF00001263,ORD0020045,CUST020045,TXN00020045,1314.67,NOT_INITIATED,RETURN,,,GW-73706295
REF00001264,ORD0020060,CUST020060,TXN00020060,431.17,NOT_INITIATED,ORDER_CANCELLED,,,GW-69482114
REF00001265,ORD0020061,CUST020061,TXN00020061,418.99,NOT_INITIATED,RETURN,,,GW-23116052
REF00001266,ORD0020069,CUST020069,TXN00020069,1473.85,NOT_INITIATED,ORDER_CANCELLED,,,GW-46240993
REF00001267,ORD0020091,CUST020091,TXN00020091,249.02,NOT_INITIATED,ORDER_CANCELLED,,,GW-35549285
REF00001268,ORD0020106,CUST020106,TXN00020106,898.52,NOT_INITIATED,RETURN,,,GW-50801038
REF00001269,ORD0020137,CUST020137,TXN00020137,928.04,NOT_INITIATED,RETURN,,,GW-80351891
REF00001270,ORD0020143,CUST020143,TXN00020143,836.75,NOT_INITIATED,ORDER_CANCELLED,,,GW-98009104
REF00001271,ORD0020153,CUST020153,TXN00020153,819.8,NOT_INITIATED,RETURN,,,GW-65715825
REF00001272,ORD0020161,CUST020161,TXN00020161,128.33,NOT_INITIATED,ORDER_CANCELLED,,,GW-62657396
REF00001273,ORD0020207,CUST020207,TXN00020207,1235.24,NOT_INITIATED,ORDER_CANCELLED,,,GW-65080827
REF00001274,ORD0020222,CUST020222,TXN00020222,202.06,NOT_INITIATED,RETURN,,,GW-29562281
REF00001275,ORD0020231,CUST020231,TXN00020231,2191.38,NOT_INITIATED,ORDER_CANCELLED,,,GW-45900751
REF00001276,ORD0020233,CUST020233,TXN00020233,351.49,NOT_INITIATED,ORDER_CANCELLED,,,GW-39791538
REF00001277,ORD0020248,CUST020248,TXN00020248,605.99,NOT_INITIATED,RETURN,,,GW-94094536
REF00001278,ORD0020272,CUST020272,TXN00020272,214.55,NOT_INITIATED,ORDER_CANCELLED,,,GW-54926886
REF00001279,ORD0020276,CUST020276,TXN00020276,1180.22,NOT_INITIATED,RETURN,,,GW-38221653
REF00001280,ORD0020296,CUST020296,TXN00020296,887.05,NOT_INITIATED,ORDER_CANCELLED,,,GW-49565986
REF00001281,ORD0020297,CUST020297,TXN00020297,586.41,NOT_INITIATED,ORDER_CANCELLED,,,GW-12190664
REF00001282,ORD0020348,CUST020348,TXN00020348,633.48,NOT_INITIATED,ORDER_CANCELLED,,,GW-49560171
REF00001283,ORD0020370,CUST020370,TXN00020370,806.34,NOT_INITIATED,RETURN,,,GW-76617844
REF00001284,ORD0020379,CUST020379,TXN00020379,1060.84,NOT_INITIATED,RETURN,,,GW-34908904
REF00001285,ORD0020395,CUST020395,TXN00020395,428.62,NOT_INITIATED,RETURN,,,GW-54676107
REF00001286,ORD0020404,CUST020404,TXN00020404,178.54,NOT_INITIATED,RETURN,,,GW-14535816
REF00001287,ORD0020419,CUST020419,TXN00020419,462.81,NOT_INITIATED,RETURN,,,GW-26736594
REF00001288,ORD0020447,CUST020447,TXN00020447,1723.1,NOT_INITIATED,RETURN,,,GW-94138674
REF00001289,ORD0020473,CUST020473,TXN00020473,563.66,NOT_INITIATED,ORDER_CANCELLED,,,GW-76729684
REF00001290,ORD0020474,CUST020474,TXN00020474,748.37,NOT_INITIATED,ORDER_CANCELLED,,,GW-75819369
REF00001291,ORD0020484,CUST020484,TXN00020484,892.37,NOT_INITIATED,RETURN,,,GW-18045901
REF00001292,ORD0020494,CUST020494,TXN00020494,124.24,NOT_INITIATED,RETURN,,,GW-82180242
REF00001293,ORD0020530,CUST020530,TXN00020530,1137.35,NOT_INITIATED,RETURN,,,GW-86553609
REF00001294,ORD0020553,CUST020553,TXN00020553,719.47,NOT_INITIATED,ORDER_CANCELLED,,,GW-34985940
REF00001295,ORD0020580,CUST020580,TXN00020580,1836.07,NOT_INITIATED,ORDER_CANCELLED,,,GW-77333169
REF00001296,ORD0020602,CUST020602,TXN00020602,1375.41,NOT_INITIATED,RETURN,,,GW-57892141
REF00001297,ORD0020603,CUST020603,TXN00020603,595.38,NOT_INITIATED,ORDER_CANCELLED,,,GW-50536707
REF00001298,ORD0020611,CUST020611,TXN00020611,494.73,NOT_INITIATED,RETURN,,,GW-16334644
REF00001299,ORD0020612,CUST020612,TXN00020612,1248.71,NOT_INITIATED,RETURN,,,GW-57563967
REF00001300,ORD0020614,CUST020614,TXN00020614,149.73,NOT_INITIATED,ORDER_CANCELLED,,,GW-80603058
REF00001301,ORD0020623,CUST020623,TXN00020623,583.58,NOT_INITIATED,RETURN,,,GW-32893653
REF00001302,ORD0020641,CUST020641,TXN00020641,512.81,NOT_INITIATED,RETURN,,,GW-29586660
REF00001303,ORD0020661,CUST020661,TXN00020661,217.12,NOT_INITIATED,ORDER_CANCELLED,,,GW-72481866
REF00001304,ORD0020664,CUST020664,TXN00020664,577.9,NOT_INITIATED,ORDER_CANCELLED,,,GW-35074535
REF00001305,ORD0020690,CUST020690,TXN00020690,2429.77,NOT_INITIATED,ORDER_CANCELLED,,,GW-87887593
REF00001306,ORD0020725,CUST020725,TXN00020725,379.26,NOT_INITIATED,ORDER_CANCELLED,,,GW-97343939
REF00001307,ORD0020727,CUST020727,TXN00020727,618.2,NOT_INITIATED,RETURN,,,GW-26058666
REF00001308,ORD0020732,CUST020732,TXN00020732,598.02,NOT_INITIATED,ORDER_CANCELLED,,,GW-99133839
REF00001309,ORD0020778,CUST020778,TXN00020778,2132.34,NOT_INITIATED,ORDER_CANCELLED,,,GW-87825794
REF00001310,ORD0020800,CUST020800,TXN00020800,1767.7,NOT_INITIATED,ORDER_CANCELLED,,,GW-19732609
REF00001311,ORD0020843,CUST020843,TXN00020843,1897.76,NOT_INITIATED,RETURN,,,GW-39718517
REF00001312,ORD0020844,CUST020844,TXN00020844,1774.07,NOT_INITIATED,RETURN,,,GW-14843927
REF00001313,ORD0020858,CUST020858,TXN00020858,1067.01,NOT_INITIATED,RETURN,,,GW-56606387
REF00001314,ORD0020861,CUST020861,TXN00020861,465.49,NOT_INITIATED,RETURN,,,GW-89228495
REF00001315,ORD0020863,CUST020863,TXN00020863,118.52,NOT_INITIATED,ORDER_CANCELLED,,,GW-29035137
REF00001316,ORD0020877,CUST020877,TXN00020877,1520.26,NOT_INITIATED,ORDER_CANCELLED,,,GW-25905295
REF00001317,ORD0020878,CUST020878,TXN00020878,618.02,NOT_INITIATED,ORDER_CANCELLED,,,GW-50706871
REF00001318,ORD0020890,CUST020890,TXN00020890,430.07,NOT_INITIATED,RETURN,,,GW-68066613
REF00001319,ORD0020904,CUST020904,TXN00020904,30.63,NOT_INITIATED,ORDER_CANCELLED,,,GW-17863471
REF00001320,ORD0020981,CUST020981,TXN00020981,707.82,NOT_INITIATED,ORDER_CANCELLED,,,GW-68018918
REF00001321,ORD0020994,CUST020994,TXN00020994,1187.0,NOT_INITIATED,RETURN,,,GW-56584862
REF00001322,ORD0021035,CUST021035,TXN00021035,1132.96,NOT_INITIATED,ORDER_CANCELLED,,,GW-40499589
REF00001323,ORD0021057,CUST021057,TXN00021057,603.11,NOT_INITIATED,ORDER_CANCELLED,,,GW-27774753
REF00001324,ORD0021069,CUST021069,TXN00021069,1943.91,NOT_INITIATED,RETURN,,,GW-78022731
REF00001325,ORD0021073,CUST021073,TXN00021073,466.3,NOT_INITIATED,ORDER_CANCELLED,,,GW-45352142
REF00001326,ORD0021082,CUST021082,TXN00021082,1187.68,NOT_INITIATED,ORDER_CANCELLED,,,GW-27680579
REF00001327,ORD0021104,CUST021104,TXN00021104,154.89,NOT_INITIATED,RETURN,,,GW-83359876
REF00001328,ORD0021129,CUST021129,TXN00021129,131.85,NOT_INITIATED,ORDER_CANCELLED,,,GW-55035982
REF00001329,ORD0021146,CUST021146,TXN00021146,298.32,NOT_INITIATED,ORDER_CANCELLED,,,GW-51663402
REF00001330,ORD0021152,CUST021152,TXN00021152,43.09,NOT_INITIATED,ORDER_CANCELLED,,,GW-26564708
REF00001331,ORD0021175,CUST021175,TXN00021175,34.69,NOT_INITIATED,RETURN,,,GW-79463994
REF00001332,ORD0021179,CUST021179,TXN00021179,1460.71,NOT_INITIATED,ORDER_CANCELLED,,,GW-83183656
REF00001333,ORD0021211,CUST021211,TXN00021211,926.7,NOT_INITIATED,RETURN,,,GW-19575470
REF00001334,ORD0021227,CUST021227,TXN00021227,181.29,NOT_INITIATED,ORDER_CANCELLED,,,GW-64904896
REF00001335,ORD0021230,CUST021230,TXN00021230,1752.11,NOT_INITIATED,RETURN,,,GW-41912707
REF00001336,ORD0021231,CUST021231,TXN00021231,374.07,NOT_INITIATED,ORDER_CANCELLED,,,GW-83154175
REF00001337,ORD0021243,CUST021243,TXN00021243,666.15,NOT_INITIATED,ORDER_CANCELLED,,,GW-11790370
REF00001338,ORD0021287,CUST021287,TXN00021287,1706.82,NOT_INITIATED,RETURN,,,GW-41624959
REF00001339,ORD0021305,CUST021305,TXN00021305,502.38,NOT_INITIATED,ORDER_CANCELLED,,,GW-32016105
REF00001340,ORD0021309,CUST021309,TXN00021309,253.9,NOT_INITIATED,ORDER_CANCELLED,,,GW-67262617
REF00001341,ORD0021311,CUST021311,TXN00021311,886.79,NOT_INITIATED,RETURN,,,GW-26016947
REF00001342,ORD0021334,CUST021334,TXN00021334,69.5,NOT_INITIATED,ORDER_CANCELLED,,,GW-12013623
REF00001343,ORD0021337,CUST021337,TXN00021337,253.63,NOT_INITIATED,ORDER_CANCELLED,,,GW-29907667
REF00001344,ORD0021352,CUST021352,TXN00021352,897.2,NOT_INITIATED,ORDER_CANCELLED,,,GW-39373701
REF00001345,ORD0021362,CUST021362,TXN00021362,2721.38,NOT_INITIATED,RETURN,,,GW-44867017
REF00001346,ORD0021385,CUST021385,TXN00021385,2647.12,NOT_INITIATED,ORDER_CANCELLED,,,GW-27059527
REF00001347,ORD0021389,CUST021389,TXN00021389,1111.67,NOT_INITIATED,ORDER_CANCELLED,,,GW-15628834
REF00001348,ORD0021399,CUST021399,TXN00021399,367.65,NOT_INITIATED,RETURN,,,GW-67602629
REF00001349,ORD0021412,CUST021412,TXN00021412,1812.39,NOT_INITIATED,ORDER_CANCELLED,,,GW-81927169
REF00001350,ORD0021461,CUST021461,TXN00021461,2345.34,NOT_INITIATED,RETURN,,,GW-27040043
REF00001351,ORD0021465,CUST021465,TXN00021465,1460.31,NOT_INITIATED,RETURN,,,GW-62767585
REF00001352,ORD0021478,CUST021478,TXN00021478,445.15,NOT_INITIATED,RETURN,,,GW-89063490
REF00001353,ORD0021548,CUST021548,TXN00021548,184.05,NOT_INITIATED,ORDER_CANCELLED,,,GW-73281334
REF00001354,ORD0021647,CUST021647,TXN00021647,299.09,NOT_INITIATED,RETURN,,,GW-19686487
REF00001355,ORD0021651,CUST021651,TXN00021651,463.23,NOT_INITIATED,RETURN,,,GW-32723175
REF00001356,ORD0021690,CUST021690,TXN00021690,533.13,NOT_INITIATED,ORDER_CANCELLED,,,GW-35864118
REF00001357,ORD0021700,CUST021700,TXN00021700,579.74,NOT_INITIATED,RETURN,,,GW-11236132
REF00001358,ORD0021703,CUST021703,TXN00021703,423.92,NOT_INITIATED,ORDER_CANCELLED,,,GW-81812187
REF00001359,ORD0021723,CUST021723,TXN00021723,714.77,NOT_INITIATED,RETURN,,,GW-12089704
REF00001360,ORD0021741,CUST021741,TXN00021741,322.11,NOT_INITIATED,RETURN,,,GW-15707375
REF00001361,ORD0021753,CUST021753,TXN00021753,1399.98,NOT_INITIATED,RETURN,,,GW-54705807
REF00001362,ORD0021761,CUST021761,TXN00021761,157.68,NOT_INITIATED,ORDER_CANCELLED,,,GW-30213561
REF00001363,ORD0021778,CUST021778,TXN00021778,1962.28,NOT_INITIATED,ORDER_CANCELLED,,,GW-81036155
REF00001364,ORD0021787,CUST021787,TXN00021787,436.77,NOT_INITIATED,ORDER_CANCELLED,,,GW-16935096
REF00001365,ORD0021800,CUST021800,TXN00021800,405.55,NOT_INITIATED,ORDER_CANCELLED,,,GW-74187248
REF00001366,ORD0021813,CUST021813,TXN00021813,121.0,NOT_INITIATED,ORDER_CANCELLED,,,GW-89843463
REF00001367,ORD0021815,CUST021815,TXN00021815,1947.97,NOT_INITIATED,RETURN,,,GW-20501444
REF00001368,ORD0021833,CUST021833,TXN00021833,569.47,NOT_INITIATED,RETURN,,,GW-41954371
REF00001369,ORD0021879,CUST021879,TXN00021879,1629.9,NOT_INITIATED,RETURN,,,GW-67715686
REF00001370,ORD0021888,CUST021888,TXN00021888,51.12,NOT_INITIATED,RETURN,,,GW-39496512
REF00001371,ORD0021901,CUST021901,TXN00021901,676.05,NOT_INITIATED,RETURN,,,GW-53594277
REF00001372,ORD0021902,CUST021902,TXN00021902,187.01,NOT_INITIATED,ORDER_CANCELLED,,,GW-26780758
REF00001373,ORD0021919,CUST021919,TXN00021919,207.59,NOT_INITIATED,ORDER_CANCELLED,,,GW-42018619
REF00001374,ORD0021921,CUST021921,TXN00021921,78.13,NOT_INITIATED,ORDER_CANCELLED,,,GW-60050850
REF00001375,ORD0021926,CUST021926,TXN00021926,588.15,NOT_INITIATED,RETURN,,,GW-54671369
REF00001376,ORD0021966,CUST021966,TXN00021966,403.53,NOT_INITIATED,ORDER_CANCELLED,,,GW-99142633
REF00001377,ORD0022011,CUST022011,TXN00022011,84.3,NOT_INITIATED,RETURN,,,GW-74428663
REF00001378,ORD0022031,CUST022031,TXN00022031,825.55,NOT_INITIATED,ORDER_CANCELLED,,,GW-15316494
REF00001379,ORD0022034,CUST022034,TXN00022034,1054.71,NOT_INITIATED,ORDER_CANCELLED,,,GW-18822555
REF00001380,ORD0022052,CUST022052,TXN00022052,492.99,NOT_INITIATED,ORDER_CANCELLED,,,GW-65286992
REF00001381,ORD0022064,CUST022064,TXN00022064,700.47,NOT_INITIATED,ORDER_CANCELLED,,,GW-29080511
REF00001382,ORD0022094,CUST022094,TXN00022094,879.1,NOT_INITIATED,ORDER_CANCELLED,,,GW-56365652
REF00001383,ORD0022113,CUST022113,TXN00022113,1444.16,NOT_INITIATED,ORDER_CANCELLED,,,GW-49468983
REF00001384,ORD0022115,CUST022115,TXN00022115,1063.14,NOT_INITIATED,RETURN,,,GW-88163179
REF00001385,ORD0022125,CUST022125,TXN00022125,437.99,NOT_INITIATED,RETURN,,,GW-60128073
REF00001386,ORD0022131,CUST022131,TXN00022131,772.52,NOT_INITIATED,ORDER_CANCELLED,,,GW-87914733
REF00001387,ORD0022153,CUST022153,TXN00022153,237.0,NOT_INITIATED,ORDER_CANCELLED,,,GW-37607440
REF00001388,ORD0022161,CUST022161,TXN00022161,487.96,NOT_INITIATED,RETURN,,,GW-25137933
REF00001389,ORD0022247,CUST022247,TXN00022247,1847.44,NOT_INITIATED,ORDER_CANCELLED,,,GW-61671268
REF00001390,ORD0022282,CUST022282,TXN00022282,185.46,NOT_INITIATED,ORDER_CANCELLED,,,GW-78364134
REF00001391,ORD0022293,CUST022293,TXN00022293,211.39,NOT_INITIATED,RETURN,,,GW-93074037
REF00001392,ORD0022304,CUST022304,TXN00022304,2769.3,NOT_INITIATED,ORDER_CANCELLED,,,GW-29896311
REF00001393,ORD0022352,CUST022352,TXN00022352,505.84,NOT_INITIATED,RETURN,,,GW-15327842
REF00001394,ORD0022440,CUST022440,TXN00022440,300.9,NOT_INITIATED,RETURN,,,GW-24478185
REF00001395,ORD0022447,CUST022447,TXN00022447,418.66,NOT_INITIATED,RETURN,,,GW-73424368
REF00001396,ORD0022452,CUST022452,TXN00022452,299.9,NOT_INITIATED,RETURN,,,GW-69287171
REF00001397,ORD0022456,CUST022456,TXN00022456,410.0,NOT_INITIATED,ORDER_CANCELLED,,,GW-28110602
REF00001398,ORD0022512,CUST022512,TXN00022512,406.63,NOT_INITIATED,RETURN,,,GW-56952926
REF00001399,ORD0022524,CUST022524,TXN00022524,696.66,NOT_INITIATED,RETURN,,,GW-27991638
REF00001400,ORD0022528,CUST022528,TXN00022528,348.16,NOT_INITIATED,RETURN,,,GW-60524539
REF00001401,ORD0022554,CUST022554,TXN00022554,265.72,NOT_INITIATED,ORDER_CANCELLED,,,GW-74913379
REF00001402,ORD0022558,CUST022558,TXN00022558,1110.14,NOT_INITIATED,ORDER_CANCELLED,,,GW-34701797
REF00001403,ORD0022565,CUST022565,TXN00022565,1182.17,NOT_INITIATED,ORDER_CANCELLED,,,GW-80432825
REF00001404,ORD0022567,CUST022567,TXN00022567,613.92,NOT_INITIATED,ORDER_CANCELLED,,,GW-54622607
REF00001405,ORD0022569,CUST022569,TXN00022569,668.09,NOT_INITIATED,ORDER_CANCELLED,,,GW-51219773
REF00001406,ORD0022576,CUST022576,TXN00022576,628.95,NOT_INITIATED,ORDER_CANCELLED,,,GW-88911160
REF00001407,ORD0022604,CUST022604,TXN00022604,53.21,NOT_INITIATED,ORDER_CANCELLED,,,GW-27153635
REF00001408,ORD0022617,CUST022617,TXN00022617,2004.02,NOT_INITIATED,ORDER_CANCELLED,,,GW-59427134
REF00001409,ORD0022631,CUST022631,TXN00022631,1662.76,NOT_INITIATED,ORDER_CANCELLED,,,GW-28798972
REF00001410,ORD0022662,CUST022662,TXN00022662,1295.13,NOT_INITIATED,RETURN,,,GW-20580299
REF00001411,ORD0022707,CUST022707,TXN00022707,1966.53,NOT_INITIATED,RETURN,,,GW-25059839
REF00001412,ORD0022709,CUST022709,TXN00022709,1212.85,NOT_INITIATED,RETURN,,,GW-41763125
REF00001413,ORD0022766,CUST022766,TXN00022766,1826.04,NOT_INITIATED,RETURN,,,GW-47530261
REF00001414,ORD0022793,CUST022793,TXN00022793,540.41,NOT_INITIATED,ORDER_CANCELLED,,,GW-59929268
REF00001415,ORD0022806,CUST022806,TXN00022806,23.67,NOT_INITIATED,ORDER_CANCELLED,,,GW-53827804
REF00001416,ORD0022810,CUST022810,TXN00022810,2627.3,NOT_INITIATED,ORDER_CANCELLED,,,GW-43468427
REF00001417,ORD0022828,CUST022828,TXN00022828,652.95,NOT_INITIATED,ORDER_CANCELLED,,,GW-57304223
REF00001418,ORD0022831,CUST022831,TXN00022831,1980.54,NOT_INITIATED,ORDER_CANCELLED,,,GW-62010537
REF00001419,ORD0022870,CUST022870,TXN00022870,1406.33,NOT_INITIATED,RETURN,,,GW-85192031
REF00001420,ORD0022887,CUST022887,TXN00022887,675.15,NOT_INITIATED,ORDER_CANCELLED,,,GW-45756383
REF00001421,ORD0022888,CUST022888,TXN00022888,317.26,NOT_INITIATED,ORDER_CANCELLED,,,GW-97100178
REF00001422,ORD0022892,CUST022892,TXN00022892,135.81,NOT_INITIATED,RETURN,,,GW-77111958
REF00001423,ORD0022914,CUST022914,TXN00022914,130.39,NOT_INITIATED,ORDER_CANCELLED,,,GW-36781690
REF00001424,ORD0022922,CUST022922,TXN00022922,370.39,NOT_INITIATED,ORDER_CANCELLED,,,GW-64637802
REF00001425,ORD0022933,CUST022933,TXN00022933,332.59,NOT_INITIATED,RETURN,,,GW-22642719
REF00001426,ORD0022958,CUST022958,TXN00022958,910.98,NOT_INITIATED,ORDER_CANCELLED,,,GW-73358727
REF00001427,ORD0022984,CUST022984,TXN00022984,981.59,NOT_INITIATED,ORDER_CANCELLED,,,GW-74482156
REF00001428,ORD0023011,CUST023011,TXN00023011,2696.74,NOT_INITIATED,ORDER_CANCELLED,,,GW-17668492
REF00001429,ORD0023030,CUST023030,TXN00023030,2056.83,NOT_INITIATED,ORDER_CANCELLED,,,GW-53415364
REF00001430,ORD0023052,CUST023052,TXN00023052,2775.8,NOT_INITIATED,ORDER_CANCELLED,,,GW-14405508
REF00001431,ORD0023103,CUST023103,TXN00023103,35.11,NOT_INITIATED,ORDER_CANCELLED,,,GW-24123560
REF00001432,ORD0023108,CUST023108,TXN00023108,569.94,NOT_INITIATED,RETURN,,,GW-22497264
REF00001433,ORD0023136,CUST023136,TXN00023136,865.28,NOT_INITIATED,ORDER_CANCELLED,,,GW-58723754
REF00001434,ORD0023179,CUST023179,TXN00023179,13.03,NOT_INITIATED,ORDER_CANCELLED,,,GW-31373891
REF00001435,ORD0023210,CUST023210,TXN00023210,1673.04,NOT_INITIATED,ORDER_CANCELLED,,,GW-54316101
REF00001436,ORD0023244,CUST023244,TXN00023244,657.59,NOT_INITIATED,ORDER_CANCELLED,,,GW-43951368
REF00001437,ORD0023245,CUST023245,TXN00023245,616.5,NOT_INITIATED,ORDER_CANCELLED,,,GW-79179284
REF00001438,ORD0023251,CUST023251,TXN00023251,536.59,NOT_INITIATED,RETURN,,,GW-68117346
REF00001439,ORD0023257,CUST023257,TXN00023257,960.73,NOT_INITIATED,ORDER_CANCELLED,,,GW-76192214
REF00001440,ORD0023266,CUST023266,TXN00023266,603.95,NOT_INITIATED,RETURN,,,GW-21169746
REF00001441,ORD0023300,CUST023300,TXN00023300,2208.42,NOT_INITIATED,ORDER_CANCELLED,,,GW-89571218
REF00001442,ORD0023317,CUST023317,TXN00023317,331.22,NOT_INITIATED,ORDER_CANCELLED,,,GW-48055230
REF00001443,ORD0023330,CUST023330,TXN00023330,173.74,NOT_INITIATED,ORDER_CANCELLED,,,GW-41648624
REF00001444,ORD0023390,CUST023390,TXN00023390,613.32,NOT_INITIATED,RETURN,,,GW-87032058
REF00001445,ORD0023402,CUST023402,TXN00023402,57.93,NOT_INITIATED,ORDER_CANCELLED,,,GW-75113699
REF00001446,ORD0023406,CUST023406,TXN00023406,766.14,NOT_INITIATED,RETURN,,,GW-11204537
REF00001447,ORD0023422,CUST023422,TXN00023422,1029.8,NOT_INITIATED,RETURN,,,GW-69807986
REF00001448,ORD0023430,CUST023430,TXN00023430,817.78,NOT_INITIATED,ORDER_CANCELLED,,,GW-40506983
REF00001449,ORD0023436,CUST023436,TXN00023436,1181.35,NOT_INITIATED,RETURN,,,GW-97545475
REF00001450,ORD0023459,CUST023459,TXN00023459,1060.65,NOT_INITIATED,ORDER_CANCELLED,,,GW-97478280
REF00001451,ORD0023519,CUST023519,TXN00023519,60.73,NOT_INITIATED,RETURN,,,GW-31427339
REF00001452,ORD0023535,CUST023535,TXN00023535,285.42,NOT_INITIATED,ORDER_CANCELLED,,,GW-29165908
REF00001453,ORD0023544,CUST023544,TXN00023544,1358.68,NOT_INITIATED,RETURN,,,GW-85597030
REF00001454,ORD0023556,CUST023556,TXN00023556,292.81,NOT_INITIATED,RETURN,,,GW-15004615
REF00001455,ORD0023565,CUST023565,TXN00023565,2197.75,NOT_INITIATED,ORDER_CANCELLED,,,GW-54316853
REF00001456,ORD0023566,CUST023566,TXN00023566,589.45,NOT_INITIATED,ORDER_CANCELLED,,,GW-68058042
REF00001457,ORD0023581,CUST023581,TXN00023581,288.02,NOT_INITIATED,ORDER_CANCELLED,,,GW-21888425
REF00001458,ORD0023615,CUST023615,TXN00023615,881.39,NOT_INITIATED,RETURN,,,GW-78678036
REF00001459,ORD0023618,CUST023618,TXN00023618,1967.27,NOT_INITIATED,ORDER_CANCELLED,,,GW-78514344
REF00001460,ORD0023694,CUST023694,TXN00023694,122.8,NOT_INITIATED,ORDER_CANCELLED,,,GW-86695301
REF00001461,ORD0023700,CUST023700,TXN00023700,36.74,NOT_INITIATED,ORDER_CANCELLED,,,GW-33844077
REF00001462,ORD0023719,CUST023719,TXN00023719,982.71,NOT_INITIATED,RETURN,,,GW-65125037
REF00001463,ORD0023733,CUST023733,TXN00023733,1303.14,NOT_INITIATED,RETURN,,,GW-81016733
REF00001464,ORD0023740,CUST023740,TXN00023740,60.84,NOT_INITIATED,ORDER_CANCELLED,,,GW-14597029
REF00001465,ORD0023775,CUST023775,TXN00023775,2155.03,NOT_INITIATED,ORDER_CANCELLED,,,GW-23635293
REF00001466,ORD0023776,CUST023776,TXN00023776,255.48,NOT_INITIATED,ORDER_CANCELLED,,,GW-77527412
REF00001467,ORD0023783,CUST023783,TXN00023783,1132.94,NOT_INITIATED,ORDER_CANCELLED,,,GW-82498292
REF00001468,ORD0023822,CUST023822,TXN00023822,153.92,NOT_INITIATED,RETURN,,,GW-97164425
REF00001469,ORD0023831,CUST023831,TXN00023831,412.61,NOT_INITIATED,ORDER_CANCELLED,,,GW-58393750
REF00001470,ORD0023838,CUST023838,TXN00023838,785.66,NOT_INITIATED,RETURN,,,GW-67213941
REF00001471,ORD0023870,CUST023870,TXN00023870,2593.4,NOT_INITIATED,ORDER_CANCELLED,,,GW-89097472
REF00001472,ORD0023882,CUST023882,TXN00023882,88.74,NOT_INITIATED,RETURN,,,GW-86838488
REF00001473,ORD0023887,CUST023887,TXN00023887,1781.28,NOT_INITIATED,ORDER_CANCELLED,,,GW-48280648
REF00001474,ORD0023898,CUST023898,TXN00023898,1618.17,NOT_INITIATED,RETURN,,,GW-50028752
REF00001475,ORD0023925,CUST023925,TXN00023925,1309.14,NOT_INITIATED,ORDER_CANCELLED,,,GW-19737917
REF00001476,ORD0023927,CUST023927,TXN00023927,953.92,NOT_INITIATED,ORDER_CANCELLED,,,GW-44593148
REF00001477,ORD0023951,CUST023951,TXN00023951,240.04,NOT_INITIATED,RETURN,,,GW-41575556
REF00001478,ORD0023956,CUST023956,TXN00023956,221.06,NOT_INITIATED,ORDER_CANCELLED,,,GW-85628350
REF00001479,ORD0023960,CUST023960,TXN00023960,1483.4,NOT_INITIATED,RETURN,,,GW-93105774
REF00001480,ORD0023974,CUST023974,TXN00023974,798.56,NOT_INITIATED,RETURN,,,GW-19775221
REF00001481,ORD0023987,CUST023987,TXN00023987,2009.45,NOT_INITIATED,ORDER_CANCELLED,,,GW-58483322
REF00001482,ORD0023993,CUST023993,TXN00023993,305.63,NOT_INITIATED,ORDER_CANCELLED,,,GW-88898555
REF00001483,ORD0024008,CUST024008,TXN00024008,1759.38,NOT_INITIATED,ORDER_CANCELLED,,,GW-26517159
REF00001484,ORD0024020,CUST024020,TXN00024020,1365.29,NOT_INITIATED,RETURN,,,GW-17723983
REF00001485,ORD0024062,CUST024062,TXN00024062,242.26,NOT_INITIATED,ORDER_CANCELLED,,,GW-33758522
REF00001486,ORD0024064,CUST024064,TXN00024064,303.67,NOT_INITIATED,RETURN,,,GW-30565054
REF00001487,ORD0024078,CUST024078,TXN00024078,754.88,NOT_INITIATED,RETURN,,,GW-70953644
REF00001488,ORD0024111,CUST024111,TXN00024111,1189.44,NOT_INITIATED,ORDER_CANCELLED,,,GW-67928628
REF00001489,ORD0024182,CUST024182,TXN00024182,975.08,NOT_INITIATED,ORDER_CANCELLED,,,GW-37993133
REF00001490,ORD0024199,CUST024199,TXN00024199,378.44,NOT_INITIATED,RETURN,,,GW-42978798
REF00001491,ORD0024238,CUST024238,TXN00024238,224.28,NOT_INITIATED,ORDER_CANCELLED,,,GW-28145630
REF00001492,ORD0024244,CUST024244,TXN00024244,345.18,NOT_INITIATED,RETURN,,,GW-19436786
REF00001493,ORD0024246,CUST024246,TXN00024246,1499.3,NOT_INITIATED,RETURN,,,GW-57964357
REF00001494,ORD0024257,CUST024257,TXN00024257,482.28,NOT_INITIATED,RETURN,,,GW-83396780
REF00001495,ORD0024316,CUST024316,TXN00024316,822.68,NOT_INITIATED,RETURN,,,GW-54693769
REF00001496,ORD0024327,CUST024327,TXN00024327,2596.0,NOT_INITIATED,ORDER_CANCELLED,,,GW-67281304
REF00001497,ORD0024346,CUST024346,TXN00024346,827.86,NOT_INITIATED,RETURN,,,GW-69094630
REF00001498,ORD0024378,CUST024378,TXN00024378,3192.03,NOT_INITIATED,ORDER_CANCELLED,,,GW-24421268
REF00001499,ORD0024379,CUST024379,TXN00024379,182.48,NOT_INITIATED,RETURN,,,GW-27442381
REF00001500,ORD0024392,CUST024392,TXN00024392,166.68,NOT_INITIATED,ORDER_CANCELLED,,,GW-81664030
REF00001501,ORD0024416,CUST024416,TXN00024416,304.24,NOT_INITIATED,ORDER_CANCELLED,,,GW-15073182
REF00001502,ORD0024431,CUST024431,TXN00024431,1156.63,NOT_INITIATED,ORDER_CANCELLED,,,GW-76947303
REF00001503,ORD0024438,CUST024438,TXN00024438,349.84,NOT_INITIATED,RETURN,,,GW-99685925
REF00001504,ORD0024439,CUST024439,TXN00024439,541.46,NOT_INITIATED,RETURN,,,GW-56344408
REF00001505,ORD0024448,CUST024448,TXN00024448,993.35,NOT_INITIATED,ORDER_CANCELLED,,,GW-17696297
REF00001506,ORD0024460,CUST024460,TXN00024460,1070.13,NOT_INITIATED,ORDER_CANCELLED,,,GW-77437618
REF00001507,ORD0024473,CUST024473,TXN00024473,1456.12,NOT_INITIATED,RETURN,,,GW-54641917
REF00001508,ORD0024479,CUST024479,TXN00024479,573.04,NOT_INITIATED,ORDER_CANCELLED,,,GW-46358064
REF00001509,ORD0024482,CUST024482,TXN00024482,421.65,NOT_INITIATED,RETURN,,,GW-96272662
REF00001510,ORD0024512,CUST024512,TXN00024512,1842.54,NOT_INITIATED,RETURN,,,GW-83019901
REF00001511,ORD0024525,CUST024525,TXN00024525,459.99,NOT_INITIATED,RETURN,,,GW-70593525
REF00001512,ORD0024574,CUST024574,TXN00024574,1025.79,NOT_INITIATED,ORDER_CANCELLED,,,GW-71167440
REF00001513,ORD0024591,CUST024591,TXN00024591,498.08,NOT_INITIATED,ORDER_CANCELLED,,,GW-49090624
REF00001514,ORD0024596,CUST024596,TXN00024596,1346.26,NOT_INITIATED,RETURN,,,GW-63194476
REF00001515,ORD0024603,CUST024603,TXN00024603,947.77,NOT_INITIATED,RETURN,,,GW-83252981
REF00001516,ORD0024617,CUST024617,TXN00024617,451.06,NOT_INITIATED,ORDER_CANCELLED,,,GW-23971434
REF00001517,ORD0024706,CUST024706,TXN00024706,2229.24,NOT_INITIATED,RETURN,,,GW-90661597
REF00001518,ORD0024707,CUST024707,TXN00024707,871.57,NOT_INITIATED,ORDER_CANCELLED,,,GW-25966492
REF00001519,ORD0024718,CUST024718,TXN00024718,802.52,NOT_INITIATED,ORDER_CANCELLED,,,GW-44569792
REF00001520,ORD0024731,CUST024731,TXN00024731,22.82,NOT_INITIATED,ORDER_CANCELLED,,,GW-12853945
REF00001521,ORD0024733,CUST024733,TXN00024733,254.84,NOT_INITIATED,ORDER_CANCELLED,,,GW-14313743
REF00001522,ORD0024734,CUST024734,TXN00024734,629.51,NOT_INITIATED,RETURN,,,GW-76572382
REF00001523,ORD0024747,CUST024747,TXN00024747,241.69,NOT_INITIATED,RETURN,,,GW-56013384
REF00001524,ORD0024762,CUST024762,TXN00024762,1689.61,NOT_INITIATED,RETURN,,,GW-27130163
REF00001525,ORD0024766,CUST024766,TXN00024766,108.63,NOT_INITIATED,RETURN,,,GW-25981664
REF00001526,ORD0024785,CUST024785,TXN00024785,642.09,NOT_INITIATED,ORDER_CANCELLED,,,GW-15141587
REF00001527,ORD0024790,CUST024790,TXN00024790,43.27,NOT_INITIATED,RETURN,,,GW-43129372
REF00001528,ORD0024808,CUST024808,TXN00024808,652.22,NOT_INITIATED,ORDER_CANCELLED,,,GW-54830318
REF00001529,ORD0024813,CUST024813,TXN00024813,999.0,NOT_INITIATED,RETURN,,,GW-63974264
REF00001530,ORD0024817,CUST024817,TXN00024817,2691.75,NOT_INITIATED,RETURN,,,GW-73358172
REF00001531,ORD0024876,CUST024876,TXN00024876,191.48,NOT_INITIATED,ORDER_CANCELLED,,,GW-21598474
REF00001532,ORD0024878,CUST024878,TXN00024878,587.87,NOT_INITIATED,RETURN,,,GW-20496936
REF00001533,ORD0024907,CUST024907,TXN00024907,908.9,NOT_INITIATED,RETURN,,,GW-12290942
REF00001534,ORD0024909,CUST024909,TXN00024909,118.9,NOT_INITIATED,ORDER_CANCELLED,,,GW-14503967
REF00001535,ORD0024919,CUST024919,TXN00024919,542.76,NOT_INITIATED,RETURN,,,GW-57331918
REF00001536,ORD0024925,CUST024925,TXN00024925,1153.78,NOT_INITIATED,ORDER_CANCELLED,,,GW-50249705
REF00001537,ORD0024950,CUST024950,TXN00024950,2249.68,NOT_INITIATED,ORDER_CANCELLED,,,GW-70125116
REF00001538,ORD0024997,CUST024997,TXN00024997,121.88,NOT_INITIATED,RETURN,,,GW-71674556
REF00001539,ORD0025008,CUST025008,TXN00025008,2940.41,NOT_INITIATED,RETURN,,,GW-68496117
REF00001540,ORD0025019,CUST025019,TXN00025019,1595.75,NOT_INITIATED,RETURN,,,GW-54962928
REF00001541,ORD0025036,CUST025036,TXN00025036,342.67,NOT_INITIATED,ORDER_CANCELLED,,,GW-82555604
REF00001542,ORD0025094,CUST025094,TXN00025094,135.95,NOT_INITIATED,ORDER_CANCELLED,,,GW-61490759
REF00001543,ORD0025133,CUST025133,TXN00025133,2006.53,NOT_INITIATED,ORDER_CANCELLED,,,GW-26002961
REF00001544,ORD0025145,CUST025145,TXN00025145,282.27,NOT_INITIATED,ORDER_CANCELLED,,,GW-67522377
REF00001545,ORD0025152,CUST025152,TXN00025152,1285.79,NOT_INITIATED,ORDER_CANCELLED,,,GW-78579243
REF00001546,ORD0025160,CUST025160,TXN00025160,644.76,NOT_INITIATED,RETURN,,,GW-47668239
REF00001547,ORD0025176,CUST025176,TXN00025176,846.07,NOT_INITIATED,ORDER_CANCELLED,,,GW-10870541
REF00001548,ORD0025196,CUST025196,TXN00025196,352.92,NOT_INITIATED,RETURN,,,GW-35196099
REF00001549,ORD0025200,CUST025200,TXN00025200,1015.91,NOT_INITIATED,ORDER_CANCELLED,,,GW-85332355
REF00001550,ORD0025214,CUST025214,TXN00025214,1678.07,NOT_INITIATED,RETURN,,,GW-19970897
REF00001551,ORD0025232,CUST025232,TXN00025232,1608.99,NOT_INITIATED,ORDER_CANCELLED,,,GW-82071144
REF00001552,ORD0025234,CUST025234,TXN00025234,847.57,NOT_INITIATED,ORDER_CANCELLED,,,GW-91888339
REF00001553,ORD0025269,CUST025269,TXN00025269,743.36,NOT_INITIATED,ORDER_CANCELLED,,,GW-65828130
REF00001554,ORD0025280,CUST025280,TXN00025280,390.15,NOT_INITIATED,RETURN,,,GW-50253086
REF00001555,ORD0025288,CUST025288,TXN00025288,1418.94,NOT_INITIATED,ORDER_CANCELLED,,,GW-15887821
REF00001556,ORD0025295,CUST025295,TXN00025295,698.88,NOT_INITIATED,ORDER_CANCELLED,,,GW-65342172
REF00001557,ORD0025326,CUST025326,TXN00025326,116.82,NOT_INITIATED,RETURN,,,GW-57475141
REF00001558,ORD0025333,CUST025333,TXN00025333,399.78,NOT_INITIATED,ORDER_CANCELLED,,,GW-65488749
REF00001559,ORD0025336,CUST025336,TXN00025336,2187.66,NOT_INITIATED,RETURN,,,GW-84873087
REF00001560,ORD0025385,CUST025385,TXN00025385,337.84,NOT_INITIATED,ORDER_CANCELLED,,,GW-19362440
REF00001561,ORD0025400,CUST025400,TXN00025400,836.48,NOT_INITIATED,RETURN,,,GW-36106614
REF00001562,ORD0025405,CUST025405,TXN00025405,1740.15,NOT_INITIATED,ORDER_CANCELLED,,,GW-69598778
REF00001563,ORD0025406,CUST025406,TXN00025406,439.96,NOT_INITIATED,ORDER_CANCELLED,,,GW-41747104
REF00001564,ORD0025427,CUST025427,TXN00025427,113.02,NOT_INITIATED,RETURN,,,GW-67073625
REF00001565,ORD0025428,CUST025428,TXN00025428,314.92,NOT_INITIATED,RETURN,,,GW-77358872
REF00001566,ORD0025505,CUST025505,TXN00025505,471.08,NOT_INITIATED,ORDER_CANCELLED,,,GW-56045839
REF00001567,ORD0025515,CUST025515,TXN00025515,626.98,NOT_INITIATED,RETURN,,,GW-15920337
REF00001568,ORD0025533,CUST025533,TXN00025533,1085.37,NOT_INITIATED,ORDER_CANCELLED,,,GW-42795934
REF00001569,ORD0025545,CUST025545,TXN00025545,869.22,NOT_INITIATED,ORDER_CANCELLED,,,GW-37967577
REF00001570,ORD0025588,CUST025588,TXN00025588,2490.99,NOT_INITIATED,RETURN,,,GW-90348891
REF00001571,ORD0025606,CUST025606,TXN00025606,2865.66,NOT_INITIATED,RETURN,,,GW-51418612
REF00001572,ORD0025641,CUST025641,TXN00025641,197.86,NOT_INITIATED,ORDER_CANCELLED,,,GW-98172954
REF00001573,ORD0025663,CUST025663,TXN00025663,380.6,NOT_INITIATED,ORDER_CANCELLED,,,GW-23104762
REF00001574,ORD0025714,CUST025714,TXN00025714,141.81,NOT_INITIATED,ORDER_CANCELLED,,,GW-36184711
REF00001575,ORD0025794,CUST025794,TXN00025794,1068.86,NOT_INITIATED,ORDER_CANCELLED,,,GW-32335724
REF00001576,ORD0025795,CUST025795,TXN00025795,159.85,NOT_INITIATED,ORDER_CANCELLED,,,GW-21463177
REF00001577,ORD0025808,CUST025808,TXN00025808,350.27,NOT_INITIATED,ORDER_CANCELLED,,,GW-23405463
REF00001578,ORD0025815,CUST025815,TXN00025815,1356.58,NOT_INITIATED,RETURN,,,GW-97791049
REF00001579,ORD0025823,CUST025823,TXN00025823,432.79,NOT_INITIATED,RETURN,,,GW-16117447
REF00001580,ORD0025827,CUST025827,TXN00025827,392.3,NOT_INITIATED,RETURN,,,GW-58229744
REF00001581,ORD0025836,CUST025836,TXN00025836,706.94,NOT_INITIATED,RETURN,,,GW-65399601
REF00001582,ORD0025892,CUST025892,TXN00025892,1444.57,NOT_INITIATED,ORDER_CANCELLED,,,GW-13860438
REF00001583,ORD0025901,CUST025901,TXN00025901,1696.79,NOT_INITIATED,ORDER_CANCELLED,,,GW-45744399
REF00001584,ORD0025907,CUST025907,TXN00025907,1503.23,NOT_INITIATED,ORDER_CANCELLED,,,GW-75211524
REF00001585,ORD0025934,CUST025934,TXN00025934,851.0,NOT_INITIATED,ORDER_CANCELLED,,,GW-83590085
REF00001586,ORD0025943,CUST025943,TXN00025943,538.77,NOT_INITIATED,ORDER_CANCELLED,,,GW-86051585
REF00001587,ORD0025951,CUST025951,TXN00025951,469.71,NOT_INITIATED,ORDER_CANCELLED,,,GW-34276948
REF00001588,ORD0025957,CUST025957,TXN00025957,77.89,NOT_INITIATED,RETURN,,,GW-63128700
REF00001589,ORD0025981,CUST025981,TXN00025981,2218.19,NOT_INITIATED,ORDER_CANCELLED,,,GW-81427097
REF00001590,ORD0025988,CUST025988,TXN00025988,999.0,NOT_INITIATED,RETURN,,,GW-42360596
REF00001591,ORD0025992,CUST025992,TXN00025992,753.14,NOT_INITIATED,ORDER_CANCELLED,,,GW-51113329
REF00001592,ORD0026004,CUST026004,TXN00026004,1677.61,NOT_INITIATED,RETURN,,,GW-16979902
REF00001593,ORD0026020,CUST026020,TXN00026020,790.29,NOT_INITIATED,ORDER_CANCELLED,,,GW-98126370
REF00001594,ORD0026061,CUST026061,TXN00026061,1416.54,NOT_INITIATED,ORDER_CANCELLED,,,GW-44449527
REF00001595,ORD0026071,CUST026071,TXN00026071,373.88,NOT_INITIATED,RETURN,,,GW-54342297
REF00001596,ORD0026105,CUST026105,TXN00026105,914.15,NOT_INITIATED,ORDER_CANCELLED,,,GW-98228633
REF00001597,ORD0026135,CUST026135,TXN00026135,2262.92,NOT_INITIATED,RETURN,,,GW-16223062
REF00001598,ORD0026139,CUST026139,TXN00026139,224.59,NOT_INITIATED,RETURN,,,GW-68916061
REF00001599,ORD0026147,CUST026147,TXN00026147,443.23,NOT_INITIATED,RETURN,,,GW-38141122
REF00001600,ORD0026188,CUST026188,TXN00026188,368.52,NOT_INITIATED,RETURN,,,GW-46406090
REF00001601,ORD0026191,CUST026191,TXN00026191,1585.93,NOT_INITIATED,RETURN,,,GW-42445568
REF00001602,ORD0026233,CUST026233,TXN00026233,872.61,NOT_INITIATED,RETURN,,,GW-38051964
REF00001603,ORD0026252,CUST026252,TXN00026252,909.56,NOT_INITIATED,ORDER_CANCELLED,,,GW-78239890
REF00001604,ORD0026254,CUST026254,TXN00026254,367.96,NOT_INITIATED,RETURN,,,GW-18231023
REF00001605,ORD0026284,CUST026284,TXN00026284,382.97,NOT_INITIATED,RETURN,,,GW-14607242
REF00001606,ORD0026307,CUST026307,TXN00026307,95.1,NOT_INITIATED,RETURN,,,GW-87700222
REF00001607,ORD0026308,CUST026308,TXN00026308,95.53,NOT_INITIATED,ORDER_CANCELLED,,,GW-49097525
REF00001608,ORD0026315,CUST026315,TXN00026315,112.78,NOT_INITIATED,RETURN,,,GW-30068327
REF00001609,ORD0026316,CUST026316,TXN00026316,916.96,NOT_INITIATED,ORDER_CANCELLED,,,GW-72195761
REF00001610,ORD0026326,CUST026326,TXN00026326,840.32,NOT_INITIATED,ORDER_CANCELLED,,,GW-67858372
REF00001611,ORD0026342,CUST026342,TXN00026342,380.01,NOT_INITIATED,RETURN,,,GW-49076471
REF00001612,ORD0026363,CUST026363,TXN00026363,985.14,NOT_INITIATED,ORDER_CANCELLED,,,GW-74010863
REF00001613,ORD0026375,CUST026375,TXN00026375,695.46,NOT_INITIATED,ORDER_CANCELLED,,,GW-43718963
REF00001614,ORD0026376,CUST026376,TXN00026376,721.51,NOT_INITIATED,ORDER_CANCELLED,,,GW-42766244
REF00001615,ORD0026400,CUST026400,TXN00026400,592.41,NOT_INITIATED,ORDER_CANCELLED,,,GW-18437993
REF00001616,ORD0026418,CUST026418,TXN00026418,1114.63,NOT_INITIATED,ORDER_CANCELLED,,,GW-14121360
REF00001617,ORD0026441,CUST026441,TXN00026441,1320.42,NOT_INITIATED,ORDER_CANCELLED,,,GW-10437764
REF00001618,ORD0026459,CUST026459,TXN00026459,832.33,NOT_INITIATED,RETURN,,,GW-15505274
REF00001619,ORD0026466,CUST026466,TXN00026466,559.83,NOT_INITIATED,ORDER_CANCELLED,,,GW-45508205
REF00001620,ORD0026483,CUST026483,TXN00026483,89.81,NOT_INITIATED,ORDER_CANCELLED,,,GW-91012271
REF00001621,ORD0026520,CUST026520,TXN00026520,434.42,NOT_INITIATED,ORDER_CANCELLED,,,GW-34500999
REF00001622,ORD0026566,CUST026566,TXN00026566,220.23,NOT_INITIATED,ORDER_CANCELLED,,,GW-18007326
REF00001623,ORD0026599,CUST026599,TXN00026599,845.95,NOT_INITIATED,ORDER_CANCELLED,,,GW-55102655
REF00001624,ORD0026616,CUST026616,TXN00026616,459.62,NOT_INITIATED,RETURN,,,GW-85097739
REF00001625,ORD0026634,CUST026634,TXN00026634,1649.23,NOT_INITIATED,RETURN,,,GW-96866825
REF00001626,ORD0026642,CUST026642,TXN00026642,1952.23,NOT_INITIATED,RETURN,,,GW-40271334
REF00001627,ORD0026668,CUST026668,TXN00026668,639.02,NOT_INITIATED,ORDER_CANCELLED,,,GW-20647869
REF00001628,ORD0026672,CUST026672,TXN00026672,1572.93,NOT_INITIATED,ORDER_CANCELLED,,,GW-56559010
REF00001629,ORD0026693,CUST026693,TXN00026693,630.15,NOT_INITIATED,RETURN,,,GW-28139547
REF00001630,ORD0026695,CUST026695,TXN00026695,215.61,NOT_INITIATED,RETURN,,,GW-43228721
REF00001631,ORD0026716,CUST026716,TXN00026716,268.28,NOT_INITIATED,ORDER_CANCELLED,,,GW-43994479
REF00001632,ORD0026751,CUST026751,TXN00026751,1137.54,NOT_INITIATED,RETURN,,,GW-11540837
REF00001633,ORD0026763,CUST026763,TXN00026763,1292.93,NOT_INITIATED,RETURN,,,GW-14448528
REF00001634,ORD0026772,CUST026772,TXN00026772,2631.31,NOT_INITIATED,RETURN,,,GW-60254434
REF00001635,ORD0026801,CUST026801,TXN00026801,903.16,NOT_INITIATED,RETURN,,,GW-10397809
REF00001636,ORD0026821,CUST026821,TXN00026821,231.47,NOT_INITIATED,ORDER_CANCELLED,,,GW-80930252
REF00001637,ORD0026835,CUST026835,TXN00026835,2937.55,NOT_INITIATED,RETURN,,,GW-91299320
REF00001638,ORD0026857,CUST026857,TXN00026857,681.16,NOT_INITIATED,ORDER_CANCELLED,,,GW-60140495
REF00001639,ORD0026860,CUST026860,TXN00026860,1154.87,NOT_INITIATED,RETURN,,,GW-53517507
REF00001640,ORD0026863,CUST026863,TXN00026863,2640.57,NOT_INITIATED,RETURN,,,GW-83251503
REF00001641,ORD0026893,CUST026893,TXN00026893,426.0,NOT_INITIATED,RETURN,,,GW-46514394
REF00001642,ORD0026904,CUST026904,TXN00026904,766.87,NOT_INITIATED,RETURN,,,GW-55060785
REF00001643,ORD0026927,CUST026927,TXN00026927,321.41,NOT_INITIATED,ORDER_CANCELLED,,,GW-62972208
REF00001644,ORD0026955,CUST026955,TXN00026955,1598.41,NOT_INITIATED,ORDER_CANCELLED,,,GW-62273619
REF00001645,ORD0026980,CUST026980,TXN00026980,2987.57,NOT_INITIATED,ORDER_CANCELLED,,,GW-17762122
REF00001646,ORD0026983,CUST026983,TXN00026983,1069.38,NOT_INITIATED,RETURN,,,GW-98648486
REF00001647,ORD0026986,CUST026986,TXN00026986,970.99,NOT_INITIATED,RETURN,,,GW-82347959
REF00001648,ORD0027004,CUST027004,TXN00027004,2766.5,NOT_INITIATED,ORDER_CANCELLED,,,GW-19774119
REF00001649,ORD0027005,CUST027005,TXN00027005,192.14,NOT_INITIATED,RETURN,,,GW-16267107
REF00001650,ORD0027013,CUST027013,TXN00027013,360.42,NOT_INITIATED,RETURN,,,GW-87115015
REF00001651,ORD0027029,CUST027029,TXN00027029,1852.9,NOT_INITIATED,RETURN,,,GW-74217280
REF00001652,ORD0027033,CUST027033,TXN00027033,368.09,NOT_INITIATED,RETURN,,,GW-26421401
REF00001653,ORD0027039,CUST027039,TXN00027039,1089.88,NOT_INITIATED,ORDER_CANCELLED,,,GW-90377104
REF00001654,ORD0027044,CUST027044,TXN00027044,1362.77,NOT_INITIATED,RETURN,,,GW-79666552
REF00001655,ORD0027057,CUST027057,TXN00027057,847.61,NOT_INITIATED,ORDER_CANCELLED,,,GW-35762085
REF00001656,ORD0027079,CUST027079,TXN00027079,538.5,NOT_INITIATED,RETURN,,,GW-84470740
REF00001657,ORD0027088,CUST027088,TXN00027088,754.42,NOT_INITIATED,RETURN,,,GW-34879557
REF00001658,ORD0027101,CUST027101,TXN00027101,371.32,NOT_INITIATED,ORDER_CANCELLED,,,GW-65892986
REF00001659,ORD0027106,CUST027106,TXN00027106,1781.87,NOT_INITIATED,ORDER_CANCELLED,,,GW-43280078
REF00001660,ORD0027137,CUST027137,TXN00027137,52.03,NOT_INITIATED,RETURN,,,GW-64859367
REF00001661,ORD0027154,CUST027154,TXN00027154,1102.03,NOT_INITIATED,ORDER_CANCELLED,,,GW-28236851
REF00001662,ORD0027181,CUST027181,TXN00027181,194.08,NOT_INITIATED,ORDER_CANCELLED,,,GW-20013093
REF00001663,ORD0027185,CUST027185,TXN00027185,959.96,NOT_INITIATED,ORDER_CANCELLED,,,GW-17818951
REF00001664,ORD0027201,CUST027201,TXN00027201,97.17,NOT_INITIATED,ORDER_CANCELLED,,,GW-31901442
REF00001665,ORD0027222,CUST027222,TXN00027222,932.73,NOT_INITIATED,ORDER_CANCELLED,,,GW-12215638
REF00001666,ORD0027223,CUST027223,TXN00027223,1108.77,NOT_INITIATED,ORDER_CANCELLED,,,GW-97982135
REF00001667,ORD0027230,CUST027230,TXN00027230,1029.57,NOT_INITIATED,RETURN,,,GW-91279567
REF00001668,ORD0027253,CUST027253,TXN00027253,749.37,NOT_INITIATED,ORDER_CANCELLED,,,GW-96725350
REF00001669,ORD0027257,CUST027257,TXN00027257,44.46,NOT_INITIATED,ORDER_CANCELLED,,,GW-24203763
REF00001670,ORD0027262,CUST027262,TXN00027262,190.2,NOT_INITIATED,ORDER_CANCELLED,,,GW-48871028
REF00001671,ORD0027291,CUST027291,TXN00027291,164.99,NOT_INITIATED,ORDER_CANCELLED,,,GW-22510782
REF00001672,ORD0027302,CUST027302,TXN00027302,2148.71,NOT_INITIATED,ORDER_CANCELLED,,,GW-53643757
REF00001673,ORD0027328,CUST027328,TXN00027328,98.17,NOT_INITIATED,RETURN,,,GW-53546506
REF00001674,ORD0027335,CUST027335,TXN00027335,189.37,NOT_INITIATED,RETURN,,,GW-12171691
REF00001675,ORD0027353,CUST027353,TXN00027353,893.9,NOT_INITIATED,ORDER_CANCELLED,,,GW-94364189
REF00001676,ORD0027359,CUST027359,TXN00027359,905.91,NOT_INITIATED,RETURN,,,GW-97491825
REF00001677,ORD0027377,CUST027377,TXN00027377,796.64,NOT_INITIATED,ORDER_CANCELLED,,,GW-81552507
REF00001678,ORD0027385,CUST027385,TXN00027385,1730.36,NOT_INITIATED,RETURN,,,GW-75617437
REF00001679,ORD0027393,CUST027393,TXN00027393,1002.7,NOT_INITIATED,RETURN,,,GW-80347005
REF00001680,ORD0027399,CUST027399,TXN00027399,136.16,NOT_INITIATED,ORDER_CANCELLED,,,GW-72291738
REF00001681,ORD0027410,CUST027410,TXN00027410,985.99,NOT_INITIATED,RETURN,,,GW-96664100
REF00001682,ORD0027421,CUST027421,TXN00027421,449.82,NOT_INITIATED,ORDER_CANCELLED,,,GW-16400712
REF00001683,ORD0027428,CUST027428,TXN00027428,951.4,NOT_INITIATED,ORDER_CANCELLED,,,GW-84068399
REF00001684,ORD0027433,CUST027433,TXN00027433,292.09,NOT_INITIATED,ORDER_CANCELLED,,,GW-86947422
REF00001685,ORD0027449,CUST027449,TXN00027449,1194.79,NOT_INITIATED,ORDER_CANCELLED,,,GW-51666015
REF00001686,ORD0027453,CUST027453,TXN00027453,1967.35,NOT_INITIATED,ORDER_CANCELLED,,,GW-19934917
REF00001687,ORD0027457,CUST027457,TXN00027457,1051.46,NOT_INITIATED,ORDER_CANCELLED,,,GW-22802526
REF00001688,ORD0027458,CUST027458,TXN00027458,699.01,NOT_INITIATED,ORDER_CANCELLED,,,GW-25864999
REF00001689,ORD0027483,CUST027483,TXN00027483,579.07,NOT_INITIATED,ORDER_CANCELLED,,,GW-43549497
REF00001690,ORD0027501,CUST027501,TXN00027501,322.85,NOT_INITIATED,ORDER_CANCELLED,,,GW-77508409
REF00001691,ORD0027526,CUST027526,TXN00027526,286.2,NOT_INITIATED,RETURN,,,GW-88700537
REF00001692,ORD0027532,CUST027532,TXN00027532,275.89,NOT_INITIATED,ORDER_CANCELLED,,,GW-29941190
REF00001693,ORD0027533,CUST027533,TXN00027533,373.39,NOT_INITIATED,ORDER_CANCELLED,,,GW-13222896
REF00001694,ORD0027541,CUST027541,TXN00027541,421.5,NOT_INITIATED,RETURN,,,GW-73025797
REF00001695,ORD0027548,CUST027548,TXN00027548,871.11,NOT_INITIATED,RETURN,,,GW-79470813
REF00001696,ORD0027563,CUST027563,TXN00027563,647.18,NOT_INITIATED,ORDER_CANCELLED,,,GW-11548260
REF00001697,ORD0027614,CUST027614,TXN00027614,2179.29,NOT_INITIATED,ORDER_CANCELLED,,,GW-22958414
REF00001698,ORD0027668,CUST027668,TXN00027668,1149.46,NOT_INITIATED,RETURN,,,GW-33574524
REF00001699,ORD0027674,CUST027674,TXN00027674,1672.5,NOT_INITIATED,ORDER_CANCELLED,,,GW-39721548
REF00001700,ORD0027676,CUST027676,TXN00027676,648.11,NOT_INITIATED,ORDER_CANCELLED,,,GW-73329839
REF00001701,ORD0027715,CUST027715,TXN00027715,220.88,NOT_INITIATED,ORDER_CANCELLED,,,GW-97435587
REF00001702,ORD0027719,CUST027719,TXN00027719,1577.57,NOT_INITIATED,RETURN,,,GW-46447775
REF00001703,ORD0027723,CUST027723,TXN00027723,1060.37,NOT_INITIATED,ORDER_CANCELLED,,,GW-27919553
REF00001704,ORD0027740,CUST027740,TXN00027740,919.07,NOT_INITIATED,ORDER_CANCELLED,,,GW-48174193
REF00001705,ORD0027756,CUST027756,TXN00027756,386.01,NOT_INITIATED,RETURN,,,GW-42021567
REF00001706,ORD0027758,CUST027758,TXN00027758,2978.96,NOT_INITIATED,RETURN,,,GW-60641024
REF00001707,ORD0027777,CUST027777,TXN00027777,1505.06,NOT_INITIATED,RETURN,,,GW-70472888
REF00001708,ORD0027786,CUST027786,TXN00027786,2678.3,NOT_INITIATED,ORDER_CANCELLED,,,GW-97316104
REF00001709,ORD0027792,CUST027792,TXN00027792,738.08,NOT_INITIATED,RETURN,,,GW-92590763
REF00001710,ORD0027806,CUST027806,TXN00027806,420.25,NOT_INITIATED,ORDER_CANCELLED,,,GW-99434268
REF00001711,ORD0027836,CUST027836,TXN00027836,1570.88,NOT_INITIATED,ORDER_CANCELLED,,,GW-33619059
REF00001712,ORD0027842,CUST027842,TXN00027842,1915.28,NOT_INITIATED,RETURN,,,GW-66719826
REF00001713,ORD0027846,CUST027846,TXN00027846,776.99,NOT_INITIATED,ORDER_CANCELLED,,,GW-74445822
REF00001714,ORD0027849,CUST027849,TXN00027849,2135.12,NOT_INITIATED,RETURN,,,GW-62262593
REF00001715,ORD0027854,CUST027854,TXN00027854,977.43,NOT_INITIATED,ORDER_CANCELLED,,,GW-16706064
REF00001716,ORD0027875,CUST027875,TXN00027875,849.66,NOT_INITIATED,RETURN,,,GW-92395886
REF00001717,ORD0027879,CUST027879,TXN00027879,588.65,NOT_INITIATED,ORDER_CANCELLED,,,GW-87506491
REF00001718,ORD0027882,CUST027882,TXN00027882,565.9,NOT_INITIATED,RETURN,,,GW-55732663
REF00001719,ORD0027896,CUST027896,TXN00027896,837.62,NOT_INITIATED,RETURN,,,GW-67483379
REF00001720,ORD0027972,CUST027972,TXN00027972,419.42,NOT_INITIATED,RETURN,,,GW-56972108
REF00001721,ORD0027999,CUST027999,TXN00027999,110.91,NOT_INITIATED,RETURN,,,GW-21849239
REF00001722,ORD0028006,CUST028006,TXN00028006,295.42,NOT_INITIATED,ORDER_CANCELLED,,,GW-45516527
REF00001723,ORD0028010,CUST028010,TXN00028010,608.73,NOT_INITIATED,RETURN,,,GW-93721791
REF00001724,ORD0028017,CUST028017,TXN00028017,129.19,NOT_INITIATED,RETURN,,,GW-95520208
REF00001725,ORD0028021,CUST028021,TXN00028021,2556.43,NOT_INITIATED,RETURN,,,GW-14512797
REF00001726,ORD0028027,CUST028027,TXN00028027,1526.38,NOT_INITIATED,RETURN,,,GW-23847907
REF00001727,ORD0028041,CUST028041,TXN00028041,99.93,NOT_INITIATED,ORDER_CANCELLED,,,GW-62503662
REF00001728,ORD0028060,CUST028060,TXN00028060,1519.31,NOT_INITIATED,ORDER_CANCELLED,,,GW-81603169
REF00001729,ORD0028073,CUST028073,TXN00028073,645.63,NOT_INITIATED,ORDER_CANCELLED,,,GW-47226573
REF00001730,ORD0028144,CUST028144,TXN00028144,1518.72,NOT_INITIATED,RETURN,,,GW-61715034
REF00001731,ORD0028161,CUST028161,TXN00028161,902.82,NOT_INITIATED,RETURN,,,GW-38355591
REF00001732,ORD0028174,CUST028174,TXN00028174,367.62,NOT_INITIATED,RETURN,,,GW-57699046
REF00001733,ORD0028183,CUST028183,TXN00028183,1309.66,NOT_INITIATED,ORDER_CANCELLED,,,GW-74161560
REF00001734,ORD0028187,CUST028187,TXN00028187,284.54,NOT_INITIATED,RETURN,,,GW-94369978
REF00001735,ORD0028194,CUST028194,TXN00028194,2442.46,NOT_INITIATED,ORDER_CANCELLED,,,GW-98434298
REF00001736,ORD0028203,CUST028203,TXN00028203,678.18,NOT_INITIATED,ORDER_CANCELLED,,,GW-39104373
REF00001737,ORD0028209,CUST028209,TXN00028209,506.84,NOT_INITIATED,RETURN,,,GW-82646111
REF00001738,ORD0028233,CUST028233,TXN00028233,502.26,NOT_INITIATED,RETURN,,,GW-97012284
REF00001739,ORD0028234,CUST028234,TXN00028234,650.57,NOT_INITIATED,RETURN,,,GW-86980716
REF00001740,ORD0028268,CUST028268,TXN00028268,245.77,NOT_INITIATED,RETURN,,,GW-40155070
REF00001741,ORD0028286,CUST028286,TXN00028286,3243.12,NOT_INITIATED,RETURN,,,GW-94646087
REF00001742,ORD0028302,CUST028302,TXN00028302,130.87,NOT_INITIATED,ORDER_CANCELLED,,,GW-32783385
REF00001743,ORD0028318,CUST028318,TXN00028318,1600.56,NOT_INITIATED,RETURN,,,GW-67410285
REF00001744,ORD0028340,CUST028340,TXN00028340,559.75,NOT_INITIATED,RETURN,,,GW-65949904
REF00001745,ORD0028346,CUST028346,TXN00028346,144.67,NOT_INITIATED,ORDER_CANCELLED,,,GW-69160374
REF00001746,ORD0028388,CUST028388,TXN00028388,1726.17,NOT_INITIATED,ORDER_CANCELLED,,,GW-99169951
REF00001747,ORD0028391,CUST028391,TXN00028391,401.12,NOT_INITIATED,ORDER_CANCELLED,,,GW-70647347
REF00001748,ORD0028393,CUST028393,TXN00028393,1081.29,NOT_INITIATED,RETURN,,,GW-39500971
REF00001749,ORD0028416,CUST028416,TXN00028416,308.36,NOT_INITIATED,ORDER_CANCELLED,,,GW-99465427
REF00001750,ORD0028444,CUST028444,TXN00028444,164.31,NOT_INITIATED,RETURN,,,GW-59735061
REF00001751,ORD0028459,CUST028459,TXN00028459,922.04,NOT_INITIATED,ORDER_CANCELLED,,,GW-99591784
REF00001752,ORD0028464,CUST028464,TXN00028464,2766.83,NOT_INITIATED,RETURN,,,GW-21250883
REF00001753,ORD0028467,CUST028467,TXN00028467,559.5,NOT_INITIATED,RETURN,,,GW-11214708
REF00001754,ORD0028470,CUST028470,TXN00028470,1568.86,NOT_INITIATED,RETURN,,,GW-45011817
REF00001755,ORD0028484,CUST028484,TXN00028484,1014.1,NOT_INITIATED,ORDER_CANCELLED,,,GW-99421690
REF00001756,ORD0028504,CUST028504,TXN00028504,1166.31,NOT_INITIATED,RETURN,,,GW-93154170
REF00001757,ORD0028518,CUST028518,TXN00028518,1689.04,NOT_INITIATED,RETURN,,,GW-84960514
REF00001758,ORD0028530,CUST028530,TXN00028530,270.51,NOT_INITIATED,RETURN,,,GW-23493010
REF00001759,ORD0028534,CUST028534,TXN00028534,1052.72,NOT_INITIATED,ORDER_CANCELLED,,,GW-68269456
REF00001760,ORD0028549,CUST028549,TXN00028549,530.07,NOT_INITIATED,ORDER_CANCELLED,,,GW-36083306
REF00001761,ORD0028555,CUST028555,TXN00028555,1354.27,NOT_INITIATED,ORDER_CANCELLED,,,GW-99989898
REF00001762,ORD0028569,CUST028569,TXN00028569,3144.44,NOT_INITIATED,RETURN,,,GW-55689507
REF00001763,ORD0028572,CUST028572,TXN00028572,428.31,NOT_INITIATED,RETURN,,,GW-62612911
REF00001764,ORD0028586,CUST028586,TXN00028586,1035.55,NOT_INITIATED,RETURN,,,GW-68478808
REF00001765,ORD0028619,CUST028619,TXN00028619,537.09,NOT_INITIATED,RETURN,,,GW-11565123
REF00001766,ORD0028639,CUST028639,TXN00028639,991.45,NOT_INITIATED,RETURN,,,GW-61187591
REF00001767,ORD0028654,CUST028654,TXN00028654,1612.76,NOT_INITIATED,RETURN,,,GW-18260039
REF00001768,ORD0028675,CUST028675,TXN00028675,430.27,NOT_INITIATED,RETURN,,,GW-52751806
REF00001769,ORD0028684,CUST028684,TXN00028684,288.48,NOT_INITIATED,ORDER_CANCELLED,,,GW-15568711
REF00001770,ORD0028735,CUST028735,TXN00028735,831.32,NOT_INITIATED,RETURN,,,GW-27659034
REF00001771,ORD0028748,CUST028748,TXN00028748,1401.79,NOT_INITIATED,ORDER_CANCELLED,,,GW-67656356
REF00001772,ORD0028749,CUST028749,TXN00028749,2158.7,NOT_INITIATED,ORDER_CANCELLED,,,GW-13249088
REF00001773,ORD0028757,CUST028757,TXN00028757,1229.47,NOT_INITIATED,RETURN,,,GW-86898678
REF00001774,ORD0028795,CUST028795,TXN00028795,629.87,NOT_INITIATED,RETURN,,,GW-87077581
REF00001775,ORD0028809,CUST028809,TXN00028809,1945.11,NOT_INITIATED,ORDER_CANCELLED,,,GW-35960738
REF00001776,ORD0028810,CUST028810,TXN00028810,19.2,NOT_INITIATED,ORDER_CANCELLED,,,GW-70704187
REF00001777,ORD0028818,CUST028818,TXN00028818,596.87,NOT_INITIATED,ORDER_CANCELLED,,,GW-38868495
REF00001778,ORD0028820,CUST028820,TXN00028820,602.06,NOT_INITIATED,RETURN,,,GW-43749405
REF00001779,ORD0028838,CUST028838,TXN00028838,988.08,NOT_INITIATED,ORDER_CANCELLED,,,GW-60329579
REF00001780,ORD0028893,CUST028893,TXN00028893,363.64,NOT_INITIATED,RETURN,,,GW-71268598
REF00001781,ORD0028904,CUST028904,TXN00028904,215.4,NOT_INITIATED,ORDER_CANCELLED,,,GW-18497297
REF00001782,ORD0028930,CUST028930,TXN00028930,437.24,NOT_INITIATED,RETURN,,,GW-52407738
REF00001783,ORD0028932,CUST028932,TXN00028932,2977.55,NOT_INITIATED,RETURN,,,GW-74171767
REF00001784,ORD0028935,CUST028935,TXN00028935,311.8,NOT_INITIATED,RETURN,,,GW-81230119
REF00001785,ORD0028948,CUST028948,TXN00028948,2436.91,NOT_INITIATED,RETURN,,,GW-85942363
REF00001786,ORD0028966,CUST028966,TXN00028966,340.23,NOT_INITIATED,ORDER_CANCELLED,,,GW-19366556
REF00001787,ORD0028974,CUST028974,TXN00028974,1899.19,NOT_INITIATED,RETURN,,,GW-87875770
REF00001788,ORD0028998,CUST028998,TXN00028998,628.96,NOT_INITIATED,ORDER_CANCELLED,,,GW-76038626
REF00001789,ORD0029002,CUST029002,TXN00029002,59.44,NOT_INITIATED,RETURN,,,GW-69437485
REF00001790,ORD0029020,CUST029020,TXN00029020,372.2,NOT_INITIATED,ORDER_CANCELLED,,,GW-27474500
REF00001791,ORD0029030,CUST029030,TXN00029030,529.48,NOT_INITIATED,ORDER_CANCELLED,,,GW-38028350
REF00001792,ORD0029052,CUST029052,TXN00029052,1592.94,NOT_INITIATED,ORDER_CANCELLED,,,GW-87033697
REF00001793,ORD0029064,CUST029064,TXN00029064,1750.71,NOT_INITIATED,RETURN,,,GW-59217461
REF00001794,ORD0029073,CUST029073,TXN00029073,333.84,NOT_INITIATED,RETURN,,,GW-25275775
REF00001795,ORD0029075,CUST029075,TXN00029075,265.46,NOT_INITIATED,RETURN,,,GW-62444794
REF00001796,ORD0029078,CUST029078,TXN00029078,2949.32,NOT_INITIATED,ORDER_CANCELLED,,,GW-71678224
REF00001797,ORD0029115,CUST029115,TXN00029115,580.75,NOT_INITIATED,ORDER_CANCELLED,,,GW-54260303
REF00001798,ORD0029143,CUST029143,TXN00029143,508.25,NOT_INITIATED,ORDER_CANCELLED,,,GW-25043713
REF00001799,ORD0029156,CUST029156,TXN00029156,422.05,NOT_INITIATED,ORDER_CANCELLED,,,GW-88239602
REF00001800,ORD0029214,CUST029214,TXN00029214,977.04,NOT_INITIATED,RETURN,,,GW-90263895
REF00001801,ORD0029227,CUST029227,TXN00029227,1059.01,NOT_INITIATED,RETURN,,,GW-86269476
REF00001802,ORD0029240,CUST029240,TXN00029240,1962.29,NOT_INITIATED,ORDER_CANCELLED,,,GW-73956584
REF00001803,ORD0029291,CUST029291,TXN00029291,611.41,NOT_INITIATED,RETURN,,,GW-74856037
REF00001804,ORD0029341,CUST029341,TXN00029341,1617.81,NOT_INITIATED,ORDER_CANCELLED,,,GW-16802438
REF00001805,ORD0029359,CUST029359,TXN00029359,201.97,NOT_INITIATED,ORDER_CANCELLED,,,GW-67968504
REF00001806,ORD0029377,CUST029377,TXN00029377,655.12,NOT_INITIATED,ORDER_CANCELLED,,,GW-93573922
REF00001807,ORD0029382,CUST029382,TXN00029382,3205.58,NOT_INITIATED,RETURN,,,GW-44863973
REF00001808,ORD0029411,CUST029411,TXN00029411,908.81,NOT_INITIATED,ORDER_CANCELLED,,,GW-89183950
REF00001809,ORD0029439,CUST029439,TXN00029439,1440.1,NOT_INITIATED,ORDER_CANCELLED,,,GW-74892618
REF00001810,ORD0029444,CUST029444,TXN00029444,325.41,NOT_INITIATED,RETURN,,,GW-63283202
REF00001811,ORD0029452,CUST029452,TXN00029452,334.12,NOT_INITIATED,RETURN,,,GW-32558706
REF00001812,ORD0029467,CUST029467,TXN00029467,176.07,NOT_INITIATED,ORDER_CANCELLED,,,GW-51464345
REF00001813,ORD0029486,CUST029486,TXN00029486,289.29,NOT_INITIATED,ORDER_CANCELLED,,,GW-63568495
REF00001814,ORD0029496,CUST029496,TXN00029496,862.56,NOT_INITIATED,ORDER_CANCELLED,,,GW-53379294
REF00001815,ORD0029527,CUST029527,TXN00029527,2315.33,NOT_INITIATED,RETURN,,,GW-64825090
REF00001816,ORD0029537,CUST029537,TXN00029537,451.32,NOT_INITIATED,ORDER_CANCELLED,,,GW-72562123
REF00001817,ORD0029538,CUST029538,TXN00029538,10.42,NOT_INITIATED,RETURN,,,GW-75415914
REF00001818,ORD0029543,CUST029543,TXN00029543,114.82,NOT_INITIATED,ORDER_CANCELLED,,,GW-95691656
REF00001819,ORD0029549,CUST029549,TXN00029549,1008.73,NOT_INITIATED,ORDER_CANCELLED,,,GW-79641350
REF00001820,ORD0029564,CUST029564,TXN00029564,1750.9,NOT_INITIATED,RETURN,,,GW-12962614
REF00001821,ORD0029599,CUST029599,TXN00029599,610.91,NOT_INITIATED,RETURN,,,GW-20097151
REF00001822,ORD0029601,CUST029601,TXN00029601,436.51,NOT_INITIATED,RETURN,,,GW-25760604
REF00001823,ORD0029630,CUST029630,TXN00029630,1246.63,NOT_INITIATED,RETURN,,,GW-83766289
REF00001824,ORD0029639,CUST029639,TXN00029639,1025.31,NOT_INITIATED,RETURN,,,GW-13975227
REF00001825,ORD0029659,CUST029659,TXN00029659,604.25,NOT_INITIATED,ORDER_CANCELLED,,,GW-59632183
REF00001826,ORD0029687,CUST029687,TXN00029687,253.39,NOT_INITIATED,ORDER_CANCELLED,,,GW-40606305
REF00001827,ORD0029699,CUST029699,TXN00029699,179.43,NOT_INITIATED,ORDER_CANCELLED,,,GW-90142599
REF00001828,ORD0029708,CUST029708,TXN00029708,2317.26,NOT_INITIATED,RETURN,,,GW-81146036
REF00001829,ORD0029722,CUST029722,TXN00029722,299.24,NOT_INITIATED,RETURN,,,GW-29083077
REF00001830,ORD0029759,CUST029759,TXN00029759,773.91,NOT_INITIATED,RETURN,,,GW-39735079
REF00001831,ORD0029787,CUST029787,TXN00029787,312.21,NOT_INITIATED,RETURN,,,GW-31195263
REF00001832,ORD0029824,CUST029824,TXN00029824,2829.56,NOT_INITIATED,ORDER_CANCELLED,,,GW-56750949
REF00001833,ORD0029827,CUST029827,TXN00029827,664.04,NOT_INITIATED,RETURN,,,GW-19095459
REF00001834,ORD0029829,CUST029829,TXN00029829,478.59,NOT_INITIATED,RETURN,,,GW-95781049
REF00001835,ORD0029838,CUST029838,TXN00029838,387.98,NOT_INITIATED,RETURN,,,GW-31437978
REF00001836,ORD0029840,CUST029840,TXN00029840,334.24,NOT_INITIATED,ORDER_CANCELLED,,,GW-59585877
REF00001837,ORD0029868,CUST029868,TXN00029868,1956.99,NOT_INITIATED,ORDER_CANCELLED,,,GW-19170956
REF00001838,ORD0029877,CUST029877,TXN00029877,1756.64,NOT_INITIATED,ORDER_CANCELLED,,,GW-29237216
REF00001839,ORD0029882,CUST029882,TXN00029882,86.43,NOT_INITIATED,RETURN,,,GW-32873865
REF00001840,ORD0029896,CUST029896,TXN00029896,1251.43,NOT_INITIATED,RETURN,,,GW-62382192
REF00001841,ORD0029899,CUST029899,TXN00029899,1035.76,NOT_INITIATED,RETURN,,,GW-76854297
REF00001842,ORD0029913,CUST029913,TXN00029913,1757.36,NOT_INITIATED,RETURN,,,GW-74506310
REF00001843,ORD0029923,CUST029923,TXN00029923,1580.78,NOT_INITIATED,RETURN,,,GW-33441470
REF00001844,ORD0029937,CUST029937,TXN00029937,1160.6,NOT_INITIATED,RETURN,,,GW-35368853
REF00001845,ORD0029966,CUST029966,TXN00029966,2721.67,NOT_INITIATED,RETURN,,,GW-10209669
REF00001846,ORD0029973,CUST029973,TXN00029973,683.28,NOT_INITIATED,ORDER_CANCELLED,,,GW-19084280
REF00001847,ORD0029996,CUST029996,TXN00029996,1153.4,NOT_INITIATED,ORDER_CANCELLED,,,GW-26739419
REF00001848,ORD0030012,CUST030012,TXN00030012,99.64,NOT_INITIATED,RETURN,,,GW-11015396
REF00001849,ORD0030021,CUST030021,TXN00030021,97.44,NOT_INITIATED,ORDER_CANCELLED,,,GW-48846041
REF00001850,ORD0030028,CUST030028,TXN00030028,364.76,NOT_INITIATED,ORDER_CANCELLED,,,GW-22225491
REF00001851,ORD0030066,CUST030066,TXN00030066,2640.8,NOT_INITIATED,RETURN,,,GW-75129270
REF00001852,ORD0030069,CUST030069,TXN00030069,428.68,NOT_INITIATED,ORDER_CANCELLED,,,GW-64144350
REF00001853,ORD0030072,CUST030072,TXN00030072,359.43,NOT_INITIATED,ORDER_CANCELLED,,,GW-56996239
REF00001854,ORD0030075,CUST030075,TXN00030075,1137.0,NOT_INITIATED,ORDER_CANCELLED,,,GW-55925078
REF00001855,ORD0030080,CUST030080,TXN00030080,329.46,NOT_INITIATED,ORDER_CANCELLED,,,GW-10425560
REF00001856,ORD0030119,CUST030119,TXN00030119,300.45,NOT_INITIATED,ORDER_CANCELLED,,,GW-68082515
REF00001857,ORD0030142,CUST030142,TXN00030142,1730.97,NOT_INITIATED,ORDER_CANCELLED,,,GW-39607291
REF00001858,ORD0030203,CUST030203,TXN00030203,2991.48,NOT_INITIATED,ORDER_CANCELLED,,,GW-65418256
REF00001859,ORD0030261,CUST030261,TXN00030261,448.06,NOT_INITIATED,ORDER_CANCELLED,,,GW-78048022
REF00001860,ORD0030270,CUST030270,TXN00030270,648.27,NOT_INITIATED,RETURN,,,GW-47367770
REF00001861,ORD0030290,CUST030290,TXN00030290,1928.34,NOT_INITIATED,ORDER_CANCELLED,,,GW-92203052
REF00001862,ORD0030294,CUST030294,TXN00030294,226.49,NOT_INITIATED,ORDER_CANCELLED,,,GW-20928454
REF00001863,ORD0030321,CUST030321,TXN00030321,35.75,NOT_INITIATED,ORDER_CANCELLED,,,GW-89562506
REF00001864,ORD0030354,CUST030354,TXN00030354,1862.88,NOT_INITIATED,RETURN,,,GW-98168484
REF00001865,ORD0030358,CUST030358,TXN00030358,2350.4,NOT_INITIATED,RETURN,,,GW-12762839
REF00001866,ORD0030361,CUST030361,TXN00030361,14.82,NOT_INITIATED,ORDER_CANCELLED,,,GW-62690734
REF00001867,ORD0030363,CUST030363,TXN00030363,770.53,NOT_INITIATED,ORDER_CANCELLED,,,GW-60340305
REF00001868,ORD0030376,CUST030376,TXN00030376,500.37,NOT_INITIATED,ORDER_CANCELLED,,,GW-76113659
REF00001869,ORD0030385,CUST030385,TXN00030385,110.93,NOT_INITIATED,RETURN,,,GW-40379040
REF00001870,ORD0030389,CUST030389,TXN00030389,687.09,NOT_INITIATED,RETURN,,,GW-89399665
REF00001871,ORD0030409,CUST030409,TXN00030409,648.26,NOT_INITIATED,ORDER_CANCELLED,,,GW-87171758
REF00001872,ORD0030410,CUST030410,TXN00030410,83.32,NOT_INITIATED,RETURN,,,GW-11949278
REF00001873,ORD0030422,CUST030422,TXN00030422,1543.01,NOT_INITIATED,RETURN,,,GW-26343039
REF00001874,ORD0030434,CUST030434,TXN00030434,701.24,NOT_INITIATED,ORDER_CANCELLED,,,GW-89829310
REF00001875,ORD0030440,CUST030440,TXN00030440,1266.36,NOT_INITIATED,ORDER_CANCELLED,,,GW-91641443
REF00001876,ORD0030456,CUST030456,TXN00030456,1443.38,NOT_INITIATED,RETURN,,,GW-18513406
REF00001877,ORD0030467,CUST030467,TXN00030467,1619.85,NOT_INITIATED,RETURN,,,GW-97397460
REF00001878,ORD0030475,CUST030475,TXN00030475,1146.09,NOT_INITIATED,RETURN,,,GW-73233159
REF00001879,ORD0030489,CUST030489,TXN00030489,1747.65,NOT_INITIATED,ORDER_CANCELLED,,,GW-19145678
REF00001880,ORD0030496,CUST030496,TXN00030496,885.01,NOT_INITIATED,RETURN,,,GW-47663324
REF00001881,ORD0030499,CUST030499,TXN00030499,330.68,NOT_INITIATED,ORDER_CANCELLED,,,GW-99060140
REF00001882,ORD0030519,CUST030519,TXN00030519,381.31,NOT_INITIATED,ORDER_CANCELLED,,,GW-76821027
REF00001883,ORD0030522,CUST030522,TXN00030522,865.14,NOT_INITIATED,ORDER_CANCELLED,,,GW-80480304
REF00001884,ORD0030525,CUST030525,TXN00030525,2060.46,NOT_INITIATED,ORDER_CANCELLED,,,GW-75889686
REF00001885,ORD0030532,CUST030532,TXN00030532,150.52,NOT_INITIATED,RETURN,,,GW-52213510
REF00001886,ORD0030537,CUST030537,TXN00030537,1536.65,NOT_INITIATED,RETURN,,,GW-64901993
REF00001887,ORD0030575,CUST030575,TXN00030575,343.48,NOT_INITIATED,RETURN,,,GW-82131976
REF00001888,ORD0030577,CUST030577,TXN00030577,2410.4,NOT_INITIATED,ORDER_CANCELLED,,,GW-24277385
REF00001889,ORD0030579,CUST030579,TXN00030579,71.86,NOT_INITIATED,RETURN,,,GW-58515144
REF00001890,ORD0030581,CUST030581,TXN00030581,816.56,NOT_INITIATED,RETURN,,,GW-28702204
REF00001891,ORD0030589,CUST030589,TXN00030589,279.72,NOT_INITIATED,RETURN,,,GW-21579317
REF00001892,ORD0030609,CUST030609,TXN00030609,1703.55,NOT_INITIATED,ORDER_CANCELLED,,,GW-52791693
REF00001893,ORD0030611,CUST030611,TXN00030611,1398.78,NOT_INITIATED,RETURN,,,GW-58780667
REF00001894,ORD0030616,CUST030616,TXN00030616,922.27,NOT_INITIATED,ORDER_CANCELLED,,,GW-71193214
REF00001895,ORD0030643,CUST030643,TXN00030643,1097.03,NOT_INITIATED,ORDER_CANCELLED,,,GW-22186589
REF00001896,ORD0030649,CUST030649,TXN00030649,156.69,NOT_INITIATED,RETURN,,,GW-11673221
REF00001897,ORD0030666,CUST030666,TXN00030666,607.84,NOT_INITIATED,ORDER_CANCELLED,,,GW-21440914
REF00001898,ORD0030686,CUST030686,TXN00030686,297.46,NOT_INITIATED,RETURN,,,GW-16939287
REF00001899,ORD0030705,CUST030705,TXN00030705,1074.4,NOT_INITIATED,ORDER_CANCELLED,,,GW-12656036
REF00001900,ORD0030709,CUST030709,TXN00030709,433.14,NOT_INITIATED,ORDER_CANCELLED,,,GW-70651448
REF00001901,ORD0030719,CUST030719,TXN00030719,516.63,NOT_INITIATED,ORDER_CANCELLED,,,GW-95470980
REF00001902,ORD0030721,CUST030721,TXN00030721,125.73,NOT_INITIATED,ORDER_CANCELLED,,,GW-63725759
REF00001903,ORD0030735,CUST030735,TXN00030735,846.69,NOT_INITIATED,RETURN,,,GW-72753253
REF00001904,ORD0030761,CUST030761,TXN00030761,335.11,NOT_INITIATED,ORDER_CANCELLED,,,GW-91163112
REF00001905,ORD0030775,CUST030775,TXN00030775,1213.53,NOT_INITIATED,ORDER_CANCELLED,,,GW-25443084
REF00001906,ORD0030779,CUST030779,TXN00030779,194.68,NOT_INITIATED,RETURN,,,GW-20501615
REF00001907,ORD0030789,CUST030789,TXN00030789,1287.2,NOT_INITIATED,ORDER_CANCELLED,,,GW-28250604
REF00001908,ORD0030814,CUST030814,TXN00030814,1395.94,NOT_INITIATED,RETURN,,,GW-57312426
REF00001909,ORD0030820,CUST030820,TXN00030820,465.65,NOT_INITIATED,RETURN,,,GW-57274537
REF00001910,ORD0030836,CUST030836,TXN00030836,72.8,NOT_INITIATED,RETURN,,,GW-41442450
REF00001911,ORD0030860,CUST030860,TXN00030860,435.78,NOT_INITIATED,RETURN,,,GW-42956779
REF00001912,ORD0030866,CUST030866,TXN00030866,70.87,NOT_INITIATED,RETURN,,,GW-85343050
REF00001913,ORD0030905,CUST030905,TXN00030905,155.18,NOT_INITIATED,RETURN,,,GW-84222570
REF00001914,ORD0030936,CUST030936,TXN00030936,157.24,NOT_INITIATED,RETURN,,,GW-36274680
REF00001915,ORD0030997,CUST030997,TXN00030997,2531.25,NOT_INITIATED,ORDER_CANCELLED,,,GW-80688829
REF00001916,ORD0031029,CUST031029,TXN00031029,502.2,NOT_INITIATED,RETURN,,,GW-70610983
REF00001917,ORD0031035,CUST031035,TXN00031035,873.95,NOT_INITIATED,ORDER_CANCELLED,,,GW-47122207
REF00001918,ORD0031067,CUST031067,TXN00031067,1347.38,NOT_INITIATED,ORDER_CANCELLED,,,GW-72763480
REF00001919,ORD0031078,CUST031078,TXN00031078,1242.3,NOT_INITIATED,RETURN,,,GW-20149051
REF00001920,ORD0031086,CUST031086,TXN00031086,2316.78,NOT_INITIATED,ORDER_CANCELLED,,,GW-17056265
REF00001921,ORD0031114,CUST031114,TXN00031114,692.93,NOT_INITIATED,RETURN,,,GW-89671923
REF00001922,ORD0031126,CUST031126,TXN00031126,138.78,NOT_INITIATED,RETURN,,,GW-66229042
REF00001923,ORD0031138,CUST031138,TXN00031138,1409.95,NOT_INITIATED,ORDER_CANCELLED,,,GW-39916422
REF00001924,ORD0031162,CUST031162,TXN00031162,495.88,NOT_INITIATED,ORDER_CANCELLED,,,GW-36717345
REF00001925,ORD0031213,CUST031213,TXN00031213,1673.09,NOT_INITIATED,ORDER_CANCELLED,,,GW-14757927
REF00001926,ORD0031228,CUST031228,TXN00031228,296.76,NOT_INITIATED,ORDER_CANCELLED,,,GW-39743399
REF00001927,ORD0031252,CUST031252,TXN00031252,1370.96,NOT_INITIATED,RETURN,,,GW-14107223
REF00001928,ORD0031258,CUST031258,TXN00031258,1070.4,NOT_INITIATED,RETURN,,,GW-47012232
REF00001929,ORD0031291,CUST031291,TXN00031291,295.81,NOT_INITIATED,RETURN,,,GW-72479135
REF00001930,ORD0031318,CUST031318,TXN00031318,1538.71,NOT_INITIATED,ORDER_CANCELLED,,,GW-46986274
REF00001931,ORD0031320,CUST031320,TXN00031320,539.11,NOT_INITIATED,ORDER_CANCELLED,,,GW-30234573
REF00001932,ORD0031349,CUST031349,TXN00031349,533.67,NOT_INITIATED,ORDER_CANCELLED,,,GW-68368790
REF00001933,ORD0031356,CUST031356,TXN00031356,1125.0,NOT_INITIATED,ORDER_CANCELLED,,,GW-69924892
REF00001934,ORD0031372,CUST031372,TXN00031372,94.89,NOT_INITIATED,ORDER_CANCELLED,,,GW-81567238
REF00001935,ORD0031374,CUST031374,TXN00031374,254.74,NOT_INITIATED,RETURN,,,GW-13412241
REF00001936,ORD0031397,CUST031397,TXN00031397,371.51,NOT_INITIATED,RETURN,,,GW-73990989
REF00001937,ORD0031404,CUST031404,TXN00031404,882.26,NOT_INITIATED,RETURN,,,GW-97448345
REF00001938,ORD0031405,CUST031405,TXN00031405,824.01,NOT_INITIATED,RETURN,,,GW-18288484
REF00001939,ORD0031461,CUST031461,TXN00031461,704.43,NOT_INITIATED,RETURN,,,GW-15801721
REF00001940,ORD0031496,CUST031496,TXN00031496,964.18,NOT_INITIATED,RETURN,,,GW-88364234
REF00001941,ORD0031515,CUST031515,TXN00031515,1526.2,NOT_INITIATED,RETURN,,,GW-45000941
REF00001942,ORD0031522,CUST031522,TXN00031522,442.09,NOT_INITIATED,RETURN,,,GW-94445605
REF00001943,ORD0031540,CUST031540,TXN00031540,495.88,NOT_INITIATED,ORDER_CANCELLED,,,GW-31767577
REF00001944,ORD0031549,CUST031549,TXN00031549,1189.97,NOT_INITIATED,ORDER_CANCELLED,,,GW-62913358
REF00001945,ORD0031571,CUST031571,TXN00031571,600.32,NOT_INITIATED,ORDER_CANCELLED,,,GW-14429840
REF00001946,ORD0031595,CUST031595,TXN00031595,1123.33,NOT_INITIATED,RETURN,,,GW-71375554
REF00001947,ORD0031624,CUST031624,TXN00031624,1144.41,NOT_INITIATED,ORDER_CANCELLED,,,GW-97305979
REF00001948,ORD0031646,CUST031646,TXN00031646,167.01,NOT_INITIATED,RETURN,,,GW-76995723
REF00001949,ORD0031653,CUST031653,TXN00031653,1791.77,NOT_INITIATED,ORDER_CANCELLED,,,GW-22634722
REF00001950,ORD0031654,CUST031654,TXN00031654,2066.94,NOT_INITIATED,RETURN,,,GW-23860652
REF00001951,ORD0031664,CUST031664,TXN00031664,595.22,NOT_INITIATED,RETURN,,,GW-68644979
REF00001952,ORD0031668,CUST031668,TXN00031668,2120.93,NOT_INITIATED,ORDER_CANCELLED,,,GW-30479842
REF00001953,ORD0031675,CUST031675,TXN00031675,446.56,NOT_INITIATED,ORDER_CANCELLED,,,GW-19669222
REF00001954,ORD0031684,CUST031684,TXN00031684,1633.18,NOT_INITIATED,ORDER_CANCELLED,,,GW-55325376
REF00001955,ORD0031686,CUST031686,TXN00031686,963.07,NOT_INITIATED,RETURN,,,GW-10437240
REF00001956,ORD0031702,CUST031702,TXN00031702,384.08,NOT_INITIATED,ORDER_CANCELLED,,,GW-51338366
REF00001957,ORD0031715,CUST031715,TXN00031715,1661.11,NOT_INITIATED,ORDER_CANCELLED,,,GW-50491762
REF00001958,ORD0031716,CUST031716,TXN00031716,199.45,NOT_INITIATED,ORDER_CANCELLED,,,GW-19597236
REF00001959,ORD0031719,CUST031719,TXN00031719,633.76,NOT_INITIATED,ORDER_CANCELLED,,,GW-22008775
REF00001960,ORD0031726,CUST031726,TXN00031726,1177.55,NOT_INITIATED,RETURN,,,GW-45668124
REF00001961,ORD0031732,CUST031732,TXN00031732,140.49,NOT_INITIATED,RETURN,,,GW-87926475
REF00001962,ORD0031737,CUST031737,TXN00031737,705.76,NOT_INITIATED,ORDER_CANCELLED,,,GW-30353743
REF00001963,ORD0031738,CUST031738,TXN00031738,297.2,NOT_INITIATED,RETURN,,,GW-13174246
REF00001964,ORD0031745,CUST031745,TXN00031745,1688.4,NOT_INITIATED,RETURN,,,GW-65686828
REF00001965,ORD0031753,CUST031753,TXN00031753,1437.4,NOT_INITIATED,ORDER_CANCELLED,,,GW-60459815
REF00001966,ORD0031756,CUST031756,TXN00031756,778.91,NOT_INITIATED,ORDER_CANCELLED,,,GW-72240993
REF00001967,ORD0031771,CUST031771,TXN00031771,1061.82,NOT_INITIATED,ORDER_CANCELLED,,,GW-29217622
REF00001968,ORD0031781,CUST031781,TXN00031781,2962.4,NOT_INITIATED,RETURN,,,GW-76663478
REF00001969,ORD0031796,CUST031796,TXN00031796,152.74,NOT_INITIATED,RETURN,,,GW-13813047
REF00001970,ORD0031806,CUST031806,TXN00031806,413.36,NOT_INITIATED,ORDER_CANCELLED,,,GW-72603702
REF00001971,ORD0031817,CUST031817,TXN00031817,204.76,NOT_INITIATED,ORDER_CANCELLED,,,GW-66355019
REF00001972,ORD0031828,CUST031828,TXN00031828,1708.7,NOT_INITIATED,RETURN,,,GW-96825669
REF00001973,ORD0031859,CUST031859,TXN00031859,150.3,NOT_INITIATED,ORDER_CANCELLED,,,GW-42759774
REF00001974,ORD0031860,CUST031860,TXN00031860,263.43,NOT_INITIATED,RETURN,,,GW-27995072
REF00001975,ORD0031899,CUST031899,TXN00031899,921.42,NOT_INITIATED,RETURN,,,GW-82495506
REF00001976,ORD0031909,CUST031909,TXN00031909,559.89,NOT_INITIATED,RETURN,,,GW-98003736
REF00001977,ORD0031921,CUST031921,TXN00031921,527.79,NOT_INITIATED,RETURN,,,GW-63337460
REF00001978,ORD0031966,CUST031966,TXN00031966,720.86,NOT_INITIATED,ORDER_CANCELLED,,,GW-79871887
REF00001979,ORD0032004,CUST032004,TXN00032004,552.47,NOT_INITIATED,RETURN,,,GW-86128493
REF00001980,ORD0032006,CUST032006,TXN00032006,595.51,NOT_INITIATED,RETURN,,,GW-34260005
REF00001981,ORD0032011,CUST032011,TXN00032011,1210.87,NOT_INITIATED,ORDER_CANCELLED,,,GW-47170671
REF00001982,ORD0032030,CUST032030,TXN00032030,966.18,NOT_INITIATED,RETURN,,,GW-14711307
REF00001983,ORD0032036,CUST032036,TXN00032036,1570.82,NOT_INITIATED,ORDER_CANCELLED,,,GW-20784770
REF00001984,ORD0032059,CUST032059,TXN00032059,591.5,NOT_INITIATED,RETURN,,,GW-74526225
REF00001985,ORD0032151,CUST032151,TXN00032151,156.38,NOT_INITIATED,ORDER_CANCELLED,,,GW-43845618
REF00001986,ORD0032177,CUST032177,TXN00032177,321.46,NOT_INITIATED,RETURN,,,GW-23379348
REF00001987,ORD0032221,CUST032221,TXN00032221,16.77,NOT_INITIATED,RETURN,,,GW-80435309
REF00001988,ORD0032222,CUST032222,TXN00032222,489.63,NOT_INITIATED,RETURN,,,GW-15957232
REF00001989,ORD0032268,CUST032268,TXN00032268,476.02,NOT_INITIATED,RETURN,,,GW-68944777
REF00001990,ORD0032280,CUST032280,TXN00032280,786.79,NOT_INITIATED,ORDER_CANCELLED,,,GW-25505366
REF00001991,ORD0032283,CUST032283,TXN00032283,506.44,NOT_INITIATED,ORDER_CANCELLED,,,GW-12230391
REF00001992,ORD0032294,CUST032294,TXN00032294,115.12,NOT_INITIATED,RETURN,,,GW-21780359
REF00001993,ORD0032308,CUST032308,TXN00032308,434.84,NOT_INITIATED,RETURN,,,GW-21718884
REF00001994,ORD0032331,CUST032331,TXN00032331,25.22,NOT_INITIATED,ORDER_CANCELLED,,,GW-27997249
REF00001995,ORD0032341,CUST032341,TXN00032341,481.4,NOT_INITIATED,RETURN,,,GW-27303220
REF00001996,ORD0032347,CUST032347,TXN00032347,734.0,NOT_INITIATED,RETURN,,,GW-21567808
REF00001997,ORD0032359,CUST032359,TXN00032359,660.9,NOT_INITIATED,RETURN,,,GW-79916274
REF00001998,ORD0032373,CUST032373,TXN00032373,1755.62,NOT_INITIATED,RETURN,,,GW-27636198
REF00001999,ORD0032374,CUST032374,TXN00032374,1941.16,NOT_INITIATED,RETURN,,,GW-50009170
REF00002000,ORD0032453,CUST032453,TXN00032453,715.44,NOT_INITIATED,RETURN,,,GW-10443122
REF00002001,ORD0032461,CUST032461,TXN00032461,3013.74,NOT_INITIATED,ORDER_CANCELLED,,,GW-31872808
REF00002002,ORD0032482,CUST032482,TXN00032482,1408.29,NOT_INITIATED,ORDER_CANCELLED,,,GW-99583111
REF00002003,ORD0032524,CUST032524,TXN00032524,1084.46,NOT_INITIATED,ORDER_CANCELLED,,,GW-62621618
REF00002004,ORD0032528,CUST032528,TXN00032528,617.22,NOT_INITIATED,RETURN,,,GW-49866087
REF00002005,ORD0032543,CUST032543,TXN00032543,2324.13,NOT_INITIATED,ORDER_CANCELLED,,,GW-84918878
REF00002006,ORD0032562,CUST032562,TXN00032562,925.94,NOT_INITIATED,ORDER_CANCELLED,,,GW-87820479
REF00002007,ORD0032571,CUST032571,TXN00032571,752.74,NOT_INITIATED,RETURN,,,GW-78735046
REF00002008,ORD0032573,CUST032573,TXN00032573,173.46,NOT_INITIATED,RETURN,,,GW-36504438
REF00002009,ORD0032601,CUST032601,TXN00032601,430.25,NOT_INITIATED,ORDER_CANCELLED,,,GW-55204296
REF00002010,ORD0032605,CUST032605,TXN00032605,957.82,NOT_INITIATED,RETURN,,,GW-38840224
REF00002011,ORD0032607,CUST032607,TXN00032607,2798.93,NOT_INITIATED,ORDER_CANCELLED,,,GW-56071188
REF00002012,ORD0032624,CUST032624,TXN00032624,226.95,NOT_INITIATED,ORDER_CANCELLED,,,GW-63880970
REF00002013,ORD0032633,CUST032633,TXN00032633,323.72,NOT_INITIATED,RETURN,,,GW-76665854
REF00002014,ORD0032635,CUST032635,TXN00032635,366.96,NOT_INITIATED,RETURN,,,GW-70371632
REF00002015,ORD0032645,CUST032645,TXN00032645,353.12,NOT_INITIATED,ORDER_CANCELLED,,,GW-95445449
REF00002016,ORD0032700,CUST032700,TXN00032700,1667.52,NOT_INITIATED,RETURN,,,GW-45479075
REF00002017,ORD0032703,CUST032703,TXN00032703,1058.7,NOT_INITIATED,ORDER_CANCELLED,,,GW-56261198
REF00002018,ORD0032710,CUST032710,TXN00032710,1176.7,NOT_INITIATED,RETURN,,,GW-42327590
REF00002019,ORD0032727,CUST032727,TXN00032727,615.0,NOT_INITIATED,ORDER_CANCELLED,,,GW-86163287
REF00002020,ORD0032731,CUST032731,TXN00032731,2925.16,NOT_INITIATED,ORDER_CANCELLED,,,GW-22802872
REF00002021,ORD0032733,CUST032733,TXN00032733,2154.52,NOT_INITIATED,ORDER_CANCELLED,,,GW-61745949
REF00002022,ORD0032753,CUST032753,TXN00032753,495.79,NOT_INITIATED,ORDER_CANCELLED,,,GW-18143121
REF00002023,ORD0032755,CUST032755,TXN00032755,2022.29,NOT_INITIATED,ORDER_CANCELLED,,,GW-74140482
REF00002024,ORD0032764,CUST032764,TXN00032764,47.6,NOT_INITIATED,ORDER_CANCELLED,,,GW-10601429
REF00002025,ORD0032765,CUST032765,TXN00032765,991.02,NOT_INITIATED,RETURN,,,GW-97992927
REF00002026,ORD0032775,CUST032775,TXN00032775,835.39,NOT_INITIATED,ORDER_CANCELLED,,,GW-16651084
REF00002027,ORD0032788,CUST032788,TXN00032788,2005.92,NOT_INITIATED,ORDER_CANCELLED,,,GW-38490912
REF00002028,ORD0032793,CUST032793,TXN00032793,775.17,NOT_INITIATED,RETURN,,,GW-13697586
REF00002029,ORD0032842,CUST032842,TXN00032842,1876.83,NOT_INITIATED,ORDER_CANCELLED,,,GW-73591213
REF00002030,ORD0032860,CUST032860,TXN00032860,195.89,NOT_INITIATED,ORDER_CANCELLED,,,GW-97100805
REF00002031,ORD0032869,CUST032869,TXN00032869,1698.12,NOT_INITIATED,RETURN,,,GW-37242337
REF00002032,ORD0032878,CUST032878,TXN00032878,1117.53,NOT_INITIATED,RETURN,,,GW-54014942
REF00002033,ORD0032881,CUST032881,TXN00032881,367.31,NOT_INITIATED,RETURN,,,GW-94179140
REF00002034,ORD0032892,CUST032892,TXN00032892,1149.6,NOT_INITIATED,RETURN,,,GW-29260924
REF00002035,ORD0032904,CUST032904,TXN00032904,1158.29,NOT_INITIATED,ORDER_CANCELLED,,,GW-54617625
REF00002036,ORD0032940,CUST032940,TXN00032940,466.65,NOT_INITIATED,ORDER_CANCELLED,,,GW-95350869
REF00002037,ORD0032957,CUST032957,TXN00032957,258.56,NOT_INITIATED,RETURN,,,GW-70680183
REF00002038,ORD0032963,CUST032963,TXN00032963,335.04,NOT_INITIATED,RETURN,,,GW-50484796
REF00002039,ORD0032968,CUST032968,TXN00032968,3153.08,NOT_INITIATED,ORDER_CANCELLED,,,GW-38243000
REF00002040,ORD0032974,CUST032974,TXN00032974,447.33,NOT_INITIATED,RETURN,,,GW-17696516
REF00002041,ORD0032975,CUST032975,TXN00032975,38.9,NOT_INITIATED,RETURN,,,GW-40914647
REF00002042,ORD0032982,CUST032982,TXN00032982,361.66,NOT_INITIATED,RETURN,,,GW-32886064
REF00002043,ORD0033005,CUST033005,TXN00033005,896.52,NOT_INITIATED,RETURN,,,GW-70898943
REF00002044,ORD0033006,CUST033006,TXN00033006,1616.46,NOT_INITIATED,RETURN,,,GW-79490174
REF00002045,ORD0033080,CUST033080,TXN00033080,1546.12,NOT_INITIATED,RETURN,,,GW-71662174
REF00002046,ORD0033111,CUST033111,TXN00033111,926.66,NOT_INITIATED,RETURN,,,GW-95055849
REF00002047,ORD0033121,CUST033121,TXN00033121,68.39,NOT_INITIATED,RETURN,,,GW-51623313
REF00002048,ORD0033129,CUST033129,TXN00033129,2257.9,NOT_INITIATED,ORDER_CANCELLED,,,GW-82888397
REF00002049,ORD0033134,CUST033134,TXN00033134,126.8,NOT_INITIATED,RETURN,,,GW-39987610
REF00002050,ORD0033137,CUST033137,TXN00033137,397.67,NOT_INITIATED,ORDER_CANCELLED,,,GW-61495580
REF00002051,ORD0033159,CUST033159,TXN00033159,142.2,NOT_INITIATED,RETURN,,,GW-88604250
REF00002052,ORD0033165,CUST033165,TXN00033165,316.92,NOT_INITIATED,RETURN,,,GW-81101287
REF00002053,ORD0033178,CUST033178,TXN00033178,606.01,NOT_INITIATED,RETURN,,,GW-32817523
REF00002054,ORD0033192,CUST033192,TXN00033192,1135.39,NOT_INITIATED,RETURN,,,GW-49440947
REF00002055,ORD0033208,CUST033208,TXN00033208,457.21,NOT_INITIATED,ORDER_CANCELLED,,,GW-76823002
REF00002056,ORD0033288,CUST033288,TXN00033288,2442.98,NOT_INITIATED,RETURN,,,GW-68989124
REF00002057,ORD0033394,CUST033394,TXN00033394,484.06,NOT_INITIATED,ORDER_CANCELLED,,,GW-50865275
REF00002058,ORD0033408,CUST033408,TXN00033408,631.58,NOT_INITIATED,RETURN,,,GW-93551566
REF00002059,ORD0033433,CUST033433,TXN00033433,852.87,NOT_INITIATED,RETURN,,,GW-34068323
REF00002060,ORD0033438,CUST033438,TXN00033438,849.7,NOT_INITIATED,RETURN,,,GW-95466932
REF00002061,ORD0033449,CUST033449,TXN00033449,332.12,NOT_INITIATED,ORDER_CANCELLED,,,GW-12530598
REF00002062,ORD0033452,CUST033452,TXN00033452,791.88,NOT_INITIATED,RETURN,,,GW-60140570
REF00002063,ORD0033454,CUST033454,TXN00033454,361.56,NOT_INITIATED,ORDER_CANCELLED,,,GW-90690598
REF00002064,ORD0033459,CUST033459,TXN00033459,2219.39,NOT_INITIATED,ORDER_CANCELLED,,,GW-24782321
REF00002065,ORD0033471,CUST033471,TXN00033471,286.46,NOT_INITIATED,RETURN,,,GW-90459603
REF00002066,ORD0033483,CUST033483,TXN00033483,2359.23,NOT_INITIATED,ORDER_CANCELLED,,,GW-14559004
REF00002067,ORD0033494,CUST033494,TXN00033494,369.89,NOT_INITIATED,RETURN,,,GW-33075191
REF00002068,ORD0033500,CUST033500,TXN00033500,1300.44,NOT_INITIATED,ORDER_CANCELLED,,,GW-49949362
REF00002069,ORD0033514,CUST033514,TXN00033514,1164.18,NOT_INITIATED,ORDER_CANCELLED,,,GW-37227679
REF00002070,ORD0033515,CUST033515,TXN00033515,311.02,NOT_INITIATED,ORDER_CANCELLED,,,GW-44640345
REF00002071,ORD0033529,CUST033529,TXN00033529,2208.88,NOT_INITIATED,ORDER_CANCELLED,,,GW-10409337
REF00002072,ORD0033534,CUST033534,TXN00033534,153.76,NOT_INITIATED,ORDER_CANCELLED,,,GW-70088897
REF00002073,ORD0033564,CUST033564,TXN00033564,1291.74,NOT_INITIATED,ORDER_CANCELLED,,,GW-17136010
REF00002074,ORD0033571,CUST033571,TXN00033571,2117.55,NOT_INITIATED,ORDER_CANCELLED,,,GW-23945850
REF00002075,ORD0033576,CUST033576,TXN00033576,190.41,NOT_INITIATED,ORDER_CANCELLED,,,GW-89217563
REF00002076,ORD0033581,CUST033581,TXN00033581,1693.76,NOT_INITIATED,ORDER_CANCELLED,,,GW-31537222
REF00002077,ORD0033582,CUST033582,TXN00033582,604.37,NOT_INITIATED,ORDER_CANCELLED,,,GW-30567006
REF00002078,ORD0033605,CUST033605,TXN00033605,2318.43,NOT_INITIATED,ORDER_CANCELLED,,,GW-94803879
REF00002079,ORD0033611,CUST033611,TXN00033611,792.36,NOT_INITIATED,RETURN,,,GW-88389415
REF00002080,ORD0033615,CUST033615,TXN00033615,1608.7,NOT_INITIATED,RETURN,,,GW-65151634
REF00002081,ORD0033653,CUST033653,TXN00033653,28.36,NOT_INITIATED,ORDER_CANCELLED,,,GW-19677514
REF00002082,ORD0033668,CUST033668,TXN00033668,837.31,NOT_INITIATED,ORDER_CANCELLED,,,GW-65876507
REF00002083,ORD0033684,CUST033684,TXN00033684,2497.86,NOT_INITIATED,RETURN,,,GW-75650818
REF00002084,ORD0033691,CUST033691,TXN00033691,374.44,NOT_INITIATED,RETURN,,,GW-47601027
REF00002085,ORD0033729,CUST033729,TXN00033729,172.9,NOT_INITIATED,RETURN,,,GW-78170072
REF00002086,ORD0033736,CUST033736,TXN00033736,515.09,NOT_INITIATED,ORDER_CANCELLED,,,GW-76447828
REF00002087,ORD0033755,CUST033755,TXN00033755,1048.27,NOT_INITIATED,RETURN,,,GW-77456952
REF00002088,ORD0033759,CUST033759,TXN00033759,774.58,NOT_INITIATED,ORDER_CANCELLED,,,GW-57805309
REF00002089,ORD0033779,CUST033779,TXN00033779,259.75,NOT_INITIATED,ORDER_CANCELLED,,,GW-38479011
REF00002090,ORD0033791,CUST033791,TXN00033791,1065.89,NOT_INITIATED,RETURN,,,GW-43107772
REF00002091,ORD0033792,CUST033792,TXN00033792,1001.66,NOT_INITIATED,ORDER_CANCELLED,,,GW-12447324
REF00002092,ORD0033871,CUST033871,TXN00033871,1078.24,NOT_INITIATED,RETURN,,,GW-41084418
REF00002093,ORD0033885,CUST033885,TXN00033885,646.77,NOT_INITIATED,RETURN,,,GW-96389881
REF00002094,ORD0033898,CUST033898,TXN00033898,777.04,NOT_INITIATED,ORDER_CANCELLED,,,GW-49541349
REF00002095,ORD0033913,CUST033913,TXN00033913,290.42,NOT_INITIATED,ORDER_CANCELLED,,,GW-46986770
REF00002096,ORD0033924,CUST033924,TXN00033924,527.63,NOT_INITIATED,ORDER_CANCELLED,,,GW-72108632
REF00002097,ORD0033930,CUST033930,TXN00033930,1090.39,NOT_INITIATED,ORDER_CANCELLED,,,GW-37338414
REF00002098,ORD0033956,CUST033956,TXN00033956,921.06,NOT_INITIATED,ORDER_CANCELLED,,,GW-42966375
REF00002099,ORD0033961,CUST033961,TXN00033961,1288.56,NOT_INITIATED,RETURN,,,GW-53011590
REF00002100,ORD0033971,CUST033971,TXN00033971,194.77,NOT_INITIATED,ORDER_CANCELLED,,,GW-83601203
REF00002101,ORD0033973,CUST033973,TXN00033973,462.38,NOT_INITIATED,ORDER_CANCELLED,,,GW-89877152
REF00002102,ORD0034004,CUST034004,TXN00034004,291.8,NOT_INITIATED,RETURN,,,GW-56638219
REF00002103,ORD0034020,CUST034020,TXN00034020,424.4,NOT_INITIATED,RETURN,,,GW-46802341
REF00002104,ORD0034025,CUST034025,TXN00034025,1130.0,NOT_INITIATED,RETURN,,,GW-59961739
REF00002105,ORD0034032,CUST034032,TXN00034032,810.46,NOT_INITIATED,RETURN,,,GW-39873082
REF00002106,ORD0034047,CUST034047,TXN00034047,1242.11,NOT_INITIATED,RETURN,,,GW-36393468
REF00002107,ORD0034048,CUST034048,TXN00034048,1212.56,NOT_INITIATED,RETURN,,,GW-41256712
REF00002108,ORD0034070,CUST034070,TXN00034070,1460.43,NOT_INITIATED,ORDER_CANCELLED,,,GW-67746308
REF00002109,ORD0034085,CUST034085,TXN00034085,1423.22,NOT_INITIATED,RETURN,,,GW-18436437
REF00002110,ORD0034093,CUST034093,TXN00034093,216.68,NOT_INITIATED,RETURN,,,GW-17911131
REF00002111,ORD0034118,CUST034118,TXN00034118,1496.69,NOT_INITIATED,RETURN,,,GW-81794808
REF00002112,ORD0034123,CUST034123,TXN00034123,2015.8,NOT_INITIATED,RETURN,,,GW-56495447
REF00002113,ORD0034129,CUST034129,TXN00034129,1026.32,NOT_INITIATED,ORDER_CANCELLED,,,GW-49650790
REF00002114,ORD0034135,CUST034135,TXN00034135,150.74,NOT_INITIATED,ORDER_CANCELLED,,,GW-95155831
REF00002115,ORD0034141,CUST034141,TXN00034141,735.78,NOT_INITIATED,RETURN,,,GW-14262502
REF00002116,ORD0034148,CUST034148,TXN00034148,588.0,NOT_INITIATED,RETURN,,,GW-97501608
REF00002117,ORD0034149,CUST034149,TXN00034149,1876.7,NOT_INITIATED,ORDER_CANCELLED,,,GW-73370126
REF00002118,ORD0034155,CUST034155,TXN00034155,1357.09,NOT_INITIATED,RETURN,,,GW-34706172
REF00002119,ORD0034156,CUST034156,TXN00034156,896.76,NOT_INITIATED,RETURN,,,GW-26428685
REF00002120,ORD0034158,CUST034158,TXN00034158,2627.67,NOT_INITIATED,RETURN,,,GW-45256383
REF00002121,ORD0034167,CUST034167,TXN00034167,1218.87,NOT_INITIATED,RETURN,,,GW-66913848
REF00002122,ORD0034178,CUST034178,TXN00034178,142.19,NOT_INITIATED,RETURN,,,GW-52701824
REF00002123,ORD0034206,CUST034206,TXN00034206,64.32,NOT_INITIATED,RETURN,,,GW-33944518
REF00002124,ORD0034216,CUST034216,TXN00034216,1979.49,NOT_INITIATED,ORDER_CANCELLED,,,GW-75592793
REF00002125,ORD0034235,CUST034235,TXN00034235,1707.7,NOT_INITIATED,RETURN,,,GW-54728686
REF00002126,ORD0034262,CUST034262,TXN00034262,2671.41,NOT_INITIATED,RETURN,,,GW-71067373
REF00002127,ORD0034285,CUST034285,TXN00034285,1444.66,NOT_INITIATED,ORDER_CANCELLED,,,GW-19601698
REF00002128,ORD0034314,CUST034314,TXN00034314,1156.3,NOT_INITIATED,RETURN,,,GW-84046521
REF00002129,ORD0034351,CUST034351,TXN00034351,2151.87,NOT_INITIATED,ORDER_CANCELLED,,,GW-41148757
REF00002130,ORD0034365,CUST034365,TXN00034365,634.56,NOT_INITIATED,ORDER_CANCELLED,,,GW-57835562
REF00002131,ORD0034381,CUST034381,TXN00034381,242.38,NOT_INITIATED,ORDER_CANCELLED,,,GW-56227096
REF00002132,ORD0034429,CUST034429,TXN00034429,1054.1,NOT_INITIATED,ORDER_CANCELLED,,,GW-20701809
REF00002133,ORD0034441,CUST034441,TXN00034441,1855.11,NOT_INITIATED,ORDER_CANCELLED,,,GW-76922002
REF00002134,ORD0034450,CUST034450,TXN00034450,472.22,NOT_INITIATED,ORDER_CANCELLED,,,GW-29318489
REF00002135,ORD0034481,CUST034481,TXN00034481,55.51,NOT_INITIATED,ORDER_CANCELLED,,,GW-72300708
REF00002136,ORD0034491,CUST034491,TXN00034491,381.48,NOT_INITIATED,RETURN,,,GW-18067642
REF00002137,ORD0034494,CUST034494,TXN00034494,445.56,NOT_INITIATED,ORDER_CANCELLED,,,GW-11131118
REF00002138,ORD0034495,CUST034495,TXN00034495,1045.28,NOT_INITIATED,RETURN,,,GW-80834200
REF00002139,ORD0034509,CUST034509,TXN00034509,110.52,NOT_INITIATED,RETURN,,,GW-11885325
REF00002140,ORD0034518,CUST034518,TXN00034518,1366.55,NOT_INITIATED,ORDER_CANCELLED,,,GW-60085215
REF00002141,ORD0034528,CUST034528,TXN00034528,445.85,NOT_INITIATED,ORDER_CANCELLED,,,GW-46041271
REF00002142,ORD0034550,CUST034550,TXN00034550,250.33,NOT_INITIATED,RETURN,,,GW-33675674
REF00002143,ORD0034557,CUST034557,TXN00034557,1756.9,NOT_INITIATED,RETURN,,,GW-87902618
REF00002144,ORD0034571,CUST034571,TXN00034571,816.86,NOT_INITIATED,ORDER_CANCELLED,,,GW-16582266
REF00002145,ORD0034611,CUST034611,TXN00034611,433.97,NOT_INITIATED,ORDER_CANCELLED,,,GW-95389782
REF00002146,ORD0034614,CUST034614,TXN00034614,1351.06,NOT_INITIATED,ORDER_CANCELLED,,,GW-61200729
REF00002147,ORD0034621,CUST034621,TXN00034621,123.18,NOT_INITIATED,RETURN,,,GW-78343321
REF00002148,ORD0034656,CUST034656,TXN00034656,1916.3,NOT_INITIATED,ORDER_CANCELLED,,,GW-24383077
REF00002149,ORD0034678,CUST034678,TXN00034678,1308.12,NOT_INITIATED,RETURN,,,GW-20061016
REF00002150,ORD0034679,CUST034679,TXN00034679,554.09,NOT_INITIATED,RETURN,,,GW-49153506
REF00002151,ORD0034694,CUST034694,TXN00034694,2712.94,NOT_INITIATED,RETURN,,,GW-64246129
REF00002152,ORD0034768,CUST034768,TXN00034768,13.35,NOT_INITIATED,ORDER_CANCELLED,,,GW-37461570
REF00002153,ORD0034770,CUST034770,TXN00034770,430.92,NOT_INITIATED,RETURN,,,GW-21831326
REF00002154,ORD0034817,CUST034817,TXN00034817,309.29,NOT_INITIATED,RETURN,,,GW-62465448
REF00002155,ORD0034849,CUST034849,TXN00034849,2255.88,NOT_INITIATED,RETURN,,,GW-30009341
REF00002156,ORD0034855,CUST034855,TXN00034855,525.37,NOT_INITIATED,RETURN,,,GW-46474674
REF00002157,ORD0034879,CUST034879,TXN00034879,908.14,NOT_INITIATED,ORDER_CANCELLED,,,GW-63992193
REF00002158,ORD0034895,CUST034895,TXN00034895,256.12,NOT_INITIATED,RETURN,,,GW-85685717
REF00002159,ORD0034902,CUST034902,TXN00034902,2605.53,NOT_INITIATED,RETURN,,,GW-74567292
REF00002160,ORD0034911,CUST034911,TXN00034911,103.41,NOT_INITIATED,ORDER_CANCELLED,,,GW-64899912
REF00002161,ORD0034935,CUST034935,TXN00034935,168.77,NOT_INITIATED,RETURN,,,GW-94403026
REF00002162,ORD0034942,CUST034942,TXN00034942,348.31,NOT_INITIATED,RETURN,,,GW-41253451
REF00002163,ORD0034950,CUST034950,TXN00034950,333.5,NOT_INITIATED,ORDER_CANCELLED,,,GW-92690802
REF00002164,ORD0034964,CUST034964,TXN00034964,402.59,NOT_INITIATED,RETURN,,,GW-29579939
REF00002165,ORD0034990,CUST034990,TXN00034990,514.66,NOT_INITIATED,RETURN,,,GW-53898017
REF00002166,ORD0035003,CUST035003,TXN00035003,1061.32,NOT_INITIATED,ORDER_CANCELLED,,,GW-18935189
REF00002167,ORD0035006,CUST035006,TXN00035006,218.36,NOT_INITIATED,ORDER_CANCELLED,,,GW-54270872
REF00002168,ORD0035024,CUST035024,TXN00035024,1411.5,NOT_INITIATED,ORDER_CANCELLED,,,GW-18112943
REF00002169,ORD0035041,CUST035041,TXN00035041,2243.94,NOT_INITIATED,ORDER_CANCELLED,,,GW-26225863
REF00002170,ORD0035043,CUST035043,TXN00035043,879.82,NOT_INITIATED,RETURN,,,GW-40650700
REF00002171,ORD0035044,CUST035044,TXN00035044,828.4,NOT_INITIATED,RETURN,,,GW-51450358
REF00002172,ORD0035048,CUST035048,TXN00035048,336.21,NOT_INITIATED,ORDER_CANCELLED,,,GW-45319642
REF00002173,ORD0035070,CUST035070,TXN00035070,448.69,NOT_INITIATED,ORDER_CANCELLED,,,GW-61090025
REF00002174,ORD0035092,CUST035092,TXN00035092,67.05,NOT_INITIATED,RETURN,,,GW-63110022
REF00002175,ORD0035098,CUST035098,TXN00035098,778.08,NOT_INITIATED,ORDER_CANCELLED,,,GW-10858802
REF00002176,ORD0035107,CUST035107,TXN00035107,1154.81,NOT_INITIATED,RETURN,,,GW-59708600
REF00002177,ORD0035119,CUST035119,TXN00035119,408.7,NOT_INITIATED,ORDER_CANCELLED,,,GW-26934308
REF00002178,ORD0035128,CUST035128,TXN00035128,1413.89,NOT_INITIATED,RETURN,,,GW-22378685
REF00002179,ORD0035136,CUST035136,TXN00035136,1618.72,NOT_INITIATED,ORDER_CANCELLED,,,GW-73175825
REF00002180,ORD0035208,CUST035208,TXN00035208,788.34,NOT_INITIATED,ORDER_CANCELLED,,,GW-52639750
REF00002181,ORD0035213,CUST035213,TXN00035213,111.22,NOT_INITIATED,ORDER_CANCELLED,,,GW-89717006
REF00002182,ORD0035221,CUST035221,TXN00035221,1520.24,NOT_INITIATED,ORDER_CANCELLED,,,GW-68098943
REF00002183,ORD0035246,CUST035246,TXN00035246,1927.52,NOT_INITIATED,RETURN,,,GW-19493031
REF00002184,ORD0035254,CUST035254,TXN00035254,1206.9,NOT_INITIATED,RETURN,,,GW-78313264
REF00002185,ORD0035258,CUST035258,TXN00035258,1020.71,NOT_INITIATED,ORDER_CANCELLED,,,GW-97730643
REF00002186,ORD0035276,CUST035276,TXN00035276,298.93,NOT_INITIATED,ORDER_CANCELLED,,,GW-78311128
REF00002187,ORD0035291,CUST035291,TXN00035291,2067.3,NOT_INITIATED,RETURN,,,GW-50627717
REF00002188,ORD0035294,CUST035294,TXN00035294,784.58,NOT_INITIATED,ORDER_CANCELLED,,,GW-58110519
REF00002189,ORD0035357,CUST035357,TXN00035357,353.92,NOT_INITIATED,RETURN,,,GW-74946882
REF00002190,ORD0035376,CUST035376,TXN00035376,529.84,NOT_INITIATED,ORDER_CANCELLED,,,GW-47969201
REF00002191,ORD0035382,CUST035382,TXN00035382,223.75,NOT_INITIATED,RETURN,,,GW-50861578
REF00002192,ORD0035383,CUST035383,TXN00035383,146.59,NOT_INITIATED,ORDER_CANCELLED,,,GW-51016868
REF00002193,ORD0035391,CUST035391,TXN00035391,116.9,NOT_INITIATED,ORDER_CANCELLED,,,GW-34526398
REF00002194,ORD0035414,CUST035414,TXN00035414,419.75,NOT_INITIATED,RETURN,,,GW-62523273
REF00002195,ORD0035423,CUST035423,TXN00035423,1909.86,NOT_INITIATED,ORDER_CANCELLED,,,GW-62372983
REF00002196,ORD0035449,CUST035449,TXN00035449,489.66,NOT_INITIATED,RETURN,,,GW-48231998
REF00002197,ORD0035472,CUST035472,TXN00035472,1461.31,NOT_INITIATED,ORDER_CANCELLED,,,GW-98392778
REF00002198,ORD0035478,CUST035478,TXN00035478,344.85,NOT_INITIATED,ORDER_CANCELLED,,,GW-89689680
REF00002199,ORD0035482,CUST035482,TXN00035482,252.51,NOT_INITIATED,RETURN,,,GW-93892716
REF00002200,ORD0035499,CUST035499,TXN00035499,539.08,NOT_INITIATED,RETURN,,,GW-93791794
REF00002201,ORD0035512,CUST035512,TXN00035512,192.12,NOT_INITIATED,ORDER_CANCELLED,,,GW-35860844
REF00002202,ORD0035513,CUST035513,TXN00035513,421.21,NOT_INITIATED,ORDER_CANCELLED,,,GW-97728989
REF00002203,ORD0035518,CUST035518,TXN00035518,392.69,NOT_INITIATED,RETURN,,,GW-19151486
REF00002204,ORD0035528,CUST035528,TXN00035528,277.14,NOT_INITIATED,RETURN,,,GW-27964122
REF00002205,ORD0035529,CUST035529,TXN00035529,557.63,NOT_INITIATED,ORDER_CANCELLED,,,GW-94312620
REF00002206,ORD0035597,CUST035597,TXN00035597,521.48,NOT_INITIATED,RETURN,,,GW-25092756
REF00002207,ORD0035626,CUST035626,TXN00035626,743.7,NOT_INITIATED,ORDER_CANCELLED,,,GW-30609569
REF00002208,ORD0035628,CUST035628,TXN00035628,1080.71,NOT_INITIATED,RETURN,,,GW-73416720
REF00002209,ORD0035631,CUST035631,TXN00035631,1278.68,NOT_INITIATED,ORDER_CANCELLED,,,GW-85934973
REF00002210,ORD0035643,CUST035643,TXN00035643,145.2,NOT_INITIATED,ORDER_CANCELLED,,,GW-93491924
REF00002211,ORD0035655,CUST035655,TXN00035655,102.71,NOT_INITIATED,RETURN,,,GW-23661894
REF00002212,ORD0035690,CUST035690,TXN00035690,380.16,NOT_INITIATED,ORDER_CANCELLED,,,GW-43157603
REF00002213,ORD0035703,CUST035703,TXN00035703,1037.28,NOT_INITIATED,ORDER_CANCELLED,,,GW-40382844
REF00002214,ORD0035705,CUST035705,TXN00035705,1222.0,NOT_INITIATED,ORDER_CANCELLED,,,GW-24260344
REF00002215,ORD0035715,CUST035715,TXN00035715,660.73,NOT_INITIATED,ORDER_CANCELLED,,,GW-24336308
REF00002216,ORD0035735,CUST035735,TXN00035735,1071.34,NOT_INITIATED,ORDER_CANCELLED,,,GW-68118648
REF00002217,ORD0035747,CUST035747,TXN00035747,648.54,NOT_INITIATED,ORDER_CANCELLED,,,GW-33719821
REF00002218,ORD0035759,CUST035759,TXN00035759,649.74,NOT_INITIATED,ORDER_CANCELLED,,,GW-65063657
REF00002219,ORD0035760,CUST035760,TXN00035760,261.83,NOT_INITIATED,ORDER_CANCELLED,,,GW-25906340
REF00002220,ORD0035765,CUST035765,TXN00035765,605.84,NOT_INITIATED,RETURN,,,GW-39049977
REF00002221,ORD0035776,CUST035776,TXN00035776,1600.5,NOT_INITIATED,ORDER_CANCELLED,,,GW-35446955
REF00002222,ORD0035812,CUST035812,TXN00035812,205.91,NOT_INITIATED,ORDER_CANCELLED,,,GW-93860265
REF00002223,ORD0035817,CUST035817,TXN00035817,1086.48,NOT_INITIATED,ORDER_CANCELLED,,,GW-97555479
REF00002224,ORD0035819,CUST035819,TXN00035819,140.57,NOT_INITIATED,ORDER_CANCELLED,,,GW-90161565
REF00002225,ORD0035828,CUST035828,TXN00035828,2430.42,NOT_INITIATED,RETURN,,,GW-71091407
REF00002226,ORD0035840,CUST035840,TXN00035840,264.89,NOT_INITIATED,ORDER_CANCELLED,,,GW-30117654
REF00002227,ORD0035851,CUST035851,TXN00035851,615.2,NOT_INITIATED,ORDER_CANCELLED,,,GW-96633081
REF00002228,ORD0035855,CUST035855,TXN00035855,334.22,NOT_INITIATED,RETURN,,,GW-65524772
REF00002229,ORD0035861,CUST035861,TXN00035861,2702.51,NOT_INITIATED,ORDER_CANCELLED,,,GW-73721449
REF00002230,ORD0035869,CUST035869,TXN00035869,549.68,NOT_INITIATED,RETURN,,,GW-66723327
REF00002231,ORD0035871,CUST035871,TXN00035871,1861.51,NOT_INITIATED,RETURN,,,GW-54465535
REF00002232,ORD0035881,CUST035881,TXN00035881,444.3,NOT_INITIATED,ORDER_CANCELLED,,,GW-96413929
REF00002233,ORD0035892,CUST035892,TXN00035892,2385.38,NOT_INITIATED,ORDER_CANCELLED,,,GW-43034452
REF00002234,ORD0035901,CUST035901,TXN00035901,1805.07,NOT_INITIATED,ORDER_CANCELLED,,,GW-15264769
REF00002235,ORD0035909,CUST035909,TXN00035909,953.43,NOT_INITIATED,RETURN,,,GW-96616448
REF00002236,ORD0035910,CUST035910,TXN00035910,1719.68,NOT_INITIATED,ORDER_CANCELLED,,,GW-28873436
REF00002237,ORD0035929,CUST035929,TXN00035929,1623.76,NOT_INITIATED,ORDER_CANCELLED,,,GW-59313082
REF00002238,ORD0035946,CUST035946,TXN00035946,1739.09,NOT_INITIATED,RETURN,,,GW-53604994
REF00002239,ORD0035949,CUST035949,TXN00035949,2664.3,NOT_INITIATED,RETURN,,,GW-86751995
REF00002240,ORD0035954,CUST035954,TXN00035954,1141.43,NOT_INITIATED,ORDER_CANCELLED,,,GW-14500808
REF00002241,ORD0035982,CUST035982,TXN00035982,1557.64,NOT_INITIATED,RETURN,,,GW-55592578
REF00002242,ORD0035992,CUST035992,TXN00035992,1476.54,NOT_INITIATED,RETURN,,,GW-48344501
REF00002243,ORD0036007,CUST036007,TXN00036007,229.74,NOT_INITIATED,RETURN,,,GW-93396263
REF00002244,ORD0036012,CUST036012,TXN00036012,281.9,NOT_INITIATED,RETURN,,,GW-84759871
REF00002245,ORD0036049,CUST036049,TXN00036049,623.39,NOT_INITIATED,RETURN,,,GW-85883850
REF00002246,ORD0036078,CUST036078,TXN00036078,2589.27,NOT_INITIATED,ORDER_CANCELLED,,,GW-99307957
REF00002247,ORD0036112,CUST036112,TXN00036112,789.5,NOT_INITIATED,ORDER_CANCELLED,,,GW-87965164
REF00002248,ORD0036135,CUST036135,TXN00036135,453.38,NOT_INITIATED,RETURN,,,GW-82168167
REF00002249,ORD0036157,CUST036157,TXN00036157,535.72,NOT_INITIATED,RETURN,,,GW-65661726
REF00002250,ORD0036193,CUST036193,TXN00036193,864.34,NOT_INITIATED,ORDER_CANCELLED,,,GW-77187966
REF00002251,ORD0036198,CUST036198,TXN00036198,209.07,NOT_INITIATED,RETURN,,,GW-67803312
REF00002252,ORD0036199,CUST036199,TXN00036199,242.98,NOT_INITIATED,ORDER_CANCELLED,,,GW-64672238
REF00002253,ORD0036240,CUST036240,TXN00036240,101.6,NOT_INITIATED,ORDER_CANCELLED,,,GW-33576561
REF00002254,ORD0036263,CUST036263,TXN00036263,520.57,NOT_INITIATED,ORDER_CANCELLED,,,GW-18285097
REF00002255,ORD0036298,CUST036298,TXN00036298,89.51,NOT_INITIATED,RETURN,,,GW-84998339
REF00002256,ORD0036325,CUST036325,TXN00036325,1148.08,NOT_INITIATED,ORDER_CANCELLED,,,GW-40820861
REF00002257,ORD0036351,CUST036351,TXN00036351,776.69,NOT_INITIATED,ORDER_CANCELLED,,,GW-49587609
REF00002258,ORD0036369,CUST036369,TXN00036369,205.93,NOT_INITIATED,RETURN,,,GW-59389066
REF00002259,ORD0036397,CUST036397,TXN00036397,179.23,NOT_INITIATED,ORDER_CANCELLED,,,GW-64841510
REF00002260,ORD0036417,CUST036417,TXN00036417,1449.6,NOT_INITIATED,ORDER_CANCELLED,,,GW-18484061
REF00002261,ORD0036421,CUST036421,TXN00036421,1083.75,NOT_INITIATED,ORDER_CANCELLED,,,GW-47387554
REF00002262,ORD0036423,CUST036423,TXN00036423,817.25,NOT_INITIATED,RETURN,,,GW-86996694
REF00002263,ORD0036429,CUST036429,TXN00036429,1595.07,NOT_INITIATED,RETURN,,,GW-12289001
REF00002264,ORD0036472,CUST036472,TXN00036472,780.69,NOT_INITIATED,RETURN,,,GW-26463929
REF00002265,ORD0036506,CUST036506,TXN00036506,299.17,NOT_INITIATED,ORDER_CANCELLED,,,GW-58139006
REF00002266,ORD0036513,CUST036513,TXN00036513,112.09,NOT_INITIATED,RETURN,,,GW-13227854
REF00002267,ORD0036547,CUST036547,TXN00036547,658.67,NOT_INITIATED,ORDER_CANCELLED,,,GW-37064708
REF00002268,ORD0036557,CUST036557,TXN00036557,604.17,NOT_INITIATED,ORDER_CANCELLED,,,GW-69788504
REF00002269,ORD0036559,CUST036559,TXN00036559,3101.46,NOT_INITIATED,ORDER_CANCELLED,,,GW-95678362
REF00002270,ORD0036597,CUST036597,TXN00036597,1020.04,NOT_INITIATED,RETURN,,,GW-94001453
REF00002271,ORD0036606,CUST036606,TXN00036606,1071.12,NOT_INITIATED,ORDER_CANCELLED,,,GW-89575004
REF00002272,ORD0036612,CUST036612,TXN00036612,2030.08,NOT_INITIATED,RETURN,,,GW-54035470
REF00002273,ORD0036613,CUST036613,TXN00036613,372.45,NOT_INITIATED,RETURN,,,GW-80392626
REF00002274,ORD0036618,CUST036618,TXN00036618,405.68,NOT_INITIATED,ORDER_CANCELLED,,,GW-56257512
REF00002275,ORD0036620,CUST036620,TXN00036620,1931.73,NOT_INITIATED,RETURN,,,GW-24409358
REF00002276,ORD0036656,CUST036656,TXN00036656,55.0,NOT_INITIATED,RETURN,,,GW-78559226
REF00002277,ORD0036661,CUST036661,TXN00036661,692.23,NOT_INITIATED,RETURN,,,GW-96922501
REF00002278,ORD0036691,CUST036691,TXN00036691,54.76,NOT_INITIATED,RETURN,,,GW-85085026
REF00002279,ORD0036693,CUST036693,TXN00036693,1787.3,NOT_INITIATED,ORDER_CANCELLED,,,GW-79896826
REF00002280,ORD0036714,CUST036714,TXN00036714,1648.19,NOT_INITIATED,ORDER_CANCELLED,,,GW-56269220
REF00002281,ORD0036751,CUST036751,TXN00036751,1219.19,NOT_INITIATED,ORDER_CANCELLED,,,GW-29564472
REF00002282,ORD0036752,CUST036752,TXN00036752,1437.19,NOT_INITIATED,RETURN,,,GW-78241436
REF00002283,ORD0036760,CUST036760,TXN00036760,2181.12,NOT_INITIATED,RETURN,,,GW-41769012
REF00002284,ORD0036761,CUST036761,TXN00036761,659.49,NOT_INITIATED,RETURN,,,GW-96221557
REF00002285,ORD0036789,CUST036789,TXN00036789,2878.95,NOT_INITIATED,RETURN,,,GW-67493774
REF00002286,ORD0036791,CUST036791,TXN00036791,269.09,NOT_INITIATED,RETURN,,,GW-54822795
REF00002287,ORD0036818,CUST036818,TXN00036818,294.95,NOT_INITIATED,ORDER_CANCELLED,,,GW-22573293
REF00002288,ORD0036825,CUST036825,TXN00036825,46.36,NOT_INITIATED,RETURN,,,GW-92578177
REF00002289,ORD0036831,CUST036831,TXN00036831,334.65,NOT_INITIATED,ORDER_CANCELLED,,,GW-73997151
REF00002290,ORD0036842,CUST036842,TXN00036842,1329.7,NOT_INITIATED,RETURN,,,GW-59723263
REF00002291,ORD0036850,CUST036850,TXN00036850,821.08,NOT_INITIATED,RETURN,,,GW-59096796
REF00002292,ORD0036887,CUST036887,TXN00036887,259.87,NOT_INITIATED,RETURN,,,GW-31499926
REF00002293,ORD0036913,CUST036913,TXN00036913,37.82,NOT_INITIATED,RETURN,,,GW-31952409
REF00002294,ORD0036969,CUST036969,TXN00036969,362.19,NOT_INITIATED,RETURN,,,GW-40538913
REF00002295,ORD0036982,CUST036982,TXN00036982,144.73,NOT_INITIATED,ORDER_CANCELLED,,,GW-68955486
REF00002296,ORD0037000,CUST037000,TXN00037000,336.11,NOT_INITIATED,ORDER_CANCELLED,,,GW-99143055
REF00002297,ORD0037003,CUST037003,TXN00037003,2605.04,NOT_INITIATED,ORDER_CANCELLED,,,GW-81769592
REF00002298,ORD0037026,CUST037026,TXN00037026,1253.47,NOT_INITIATED,ORDER_CANCELLED,,,GW-97681038
REF00002299,ORD0037032,CUST037032,TXN00037032,1122.01,NOT_INITIATED,ORDER_CANCELLED,,,GW-37310863
REF00002300,ORD0037063,CUST037063,TXN00037063,908.12,NOT_INITIATED,ORDER_CANCELLED,,,GW-65890167
REF00002301,ORD0037070,CUST037070,TXN00037070,2698.78,NOT_INITIATED,RETURN,,,GW-34588029
REF00002302,ORD0037078,CUST037078,TXN00037078,314.21,NOT_INITIATED,ORDER_CANCELLED,,,GW-44974264
REF00002303,ORD0037081,CUST037081,TXN00037081,914.65,NOT_INITIATED,ORDER_CANCELLED,,,GW-72845181
REF00002304,ORD0037108,CUST037108,TXN00037108,1389.99,NOT_INITIATED,RETURN,,,GW-59886872
REF00002305,ORD0037125,CUST037125,TXN00037125,2568.62,NOT_INITIATED,RETURN,,,GW-11868211
REF00002306,ORD0037140,CUST037140,TXN00037140,671.48,NOT_INITIATED,ORDER_CANCELLED,,,GW-10413090
REF00002307,ORD0037143,CUST037143,TXN00037143,498.07,NOT_INITIATED,RETURN,,,GW-61491235
REF00002308,ORD0037176,CUST037176,TXN00037176,121.98,NOT_INITIATED,ORDER_CANCELLED,,,GW-37151787
REF00002309,ORD0037178,CUST037178,TXN00037178,492.18,NOT_INITIATED,ORDER_CANCELLED,,,GW-33102024
REF00002310,ORD0037179,CUST037179,TXN00037179,2013.81,NOT_INITIATED,ORDER_CANCELLED,,,GW-33508145
REF00002311,ORD0037198,CUST037198,TXN00037198,437.27,NOT_INITIATED,ORDER_CANCELLED,,,GW-90821334
REF00002312,ORD0037204,CUST037204,TXN00037204,314.12,NOT_INITIATED,ORDER_CANCELLED,,,GW-60110957
REF00002313,ORD0037219,CUST037219,TXN00037219,964.58,NOT_INITIATED,RETURN,,,GW-54563898
REF00002314,ORD0037239,CUST037239,TXN00037239,291.01,NOT_INITIATED,ORDER_CANCELLED,,,GW-31457062
REF00002315,ORD0037257,CUST037257,TXN00037257,3213.55,NOT_INITIATED,ORDER_CANCELLED,,,GW-91870890
REF00002316,ORD0037279,CUST037279,TXN00037279,374.21,NOT_INITIATED,RETURN,,,GW-95029697
REF00002317,ORD0037291,CUST037291,TXN00037291,511.94,NOT_INITIATED,ORDER_CANCELLED,,,GW-10098038
REF00002318,ORD0037294,CUST037294,TXN00037294,2201.92,NOT_INITIATED,RETURN,,,GW-65876473
REF00002319,ORD0037308,CUST037308,TXN00037308,370.19,NOT_INITIATED,ORDER_CANCELLED,,,GW-42510890
REF00002320,ORD0037309,CUST037309,TXN00037309,1483.6,NOT_INITIATED,RETURN,,,GW-11942466
REF00002321,ORD0037345,CUST037345,TXN00037345,305.71,NOT_INITIATED,ORDER_CANCELLED,,,GW-97811412
REF00002322,ORD0037366,CUST037366,TXN00037366,415.1,NOT_INITIATED,ORDER_CANCELLED,,,GW-18754161
REF00002323,ORD0037374,CUST037374,TXN00037374,1781.55,NOT_INITIATED,ORDER_CANCELLED,,,GW-39831345
REF00002324,ORD0037375,CUST037375,TXN00037375,2225.94,NOT_INITIATED,RETURN,,,GW-37817655
REF00002325,ORD0037393,CUST037393,TXN00037393,1941.67,NOT_INITIATED,RETURN,,,GW-82555367
REF00002326,ORD0037398,CUST037398,TXN00037398,531.79,NOT_INITIATED,RETURN,,,GW-44179162
REF00002327,ORD0037407,CUST037407,TXN00037407,630.26,NOT_INITIATED,ORDER_CANCELLED,,,GW-89834900
REF00002328,ORD0037419,CUST037419,TXN00037419,42.42,NOT_INITIATED,ORDER_CANCELLED,,,GW-42947209
REF00002329,ORD0037451,CUST037451,TXN00037451,809.03,NOT_INITIATED,ORDER_CANCELLED,,,GW-78728967
REF00002330,ORD0037469,CUST037469,TXN00037469,1547.05,NOT_INITIATED,ORDER_CANCELLED,,,GW-90699192
REF00002331,ORD0037471,CUST037471,TXN00037471,941.7,NOT_INITIATED,RETURN,,,GW-71676852
REF00002332,ORD0037495,CUST037495,TXN00037495,50.16,NOT_INITIATED,ORDER_CANCELLED,,,GW-21763635
REF00002333,ORD0037509,CUST037509,TXN00037509,2971.7,NOT_INITIATED,RETURN,,,GW-71307729
REF00002334,ORD0037530,CUST037530,TXN00037530,424.07,NOT_INITIATED,RETURN,,,GW-99662645
REF00002335,ORD0037534,CUST037534,TXN00037534,96.14,NOT_INITIATED,RETURN,,,GW-69527389
REF00002336,ORD0037536,CUST037536,TXN00037536,1656.65,NOT_INITIATED,RETURN,,,GW-33787775
REF00002337,ORD0037545,CUST037545,TXN00037545,334.17,NOT_INITIATED,ORDER_CANCELLED,,,GW-87946831
REF00002338,ORD0037574,CUST037574,TXN00037574,226.83,NOT_INITIATED,ORDER_CANCELLED,,,GW-56313834
REF00002339,ORD0037576,CUST037576,TXN00037576,1214.76,NOT_INITIATED,RETURN,,,GW-90911862
REF00002340,ORD0037582,CUST037582,TXN00037582,407.97,NOT_INITIATED,ORDER_CANCELLED,,,GW-62151537
REF00002341,ORD0037587,CUST037587,TXN00037587,318.15,NOT_INITIATED,ORDER_CANCELLED,,,GW-44767800
REF00002342,ORD0037649,CUST037649,TXN00037649,243.16,NOT_INITIATED,ORDER_CANCELLED,,,GW-12274649
REF00002343,ORD0037657,CUST037657,TXN00037657,1873.13,NOT_INITIATED,ORDER_CANCELLED,,,GW-67932348
REF00002344,ORD0037687,CUST037687,TXN00037687,889.68,NOT_INITIATED,ORDER_CANCELLED,,,GW-15395100
REF00002345,ORD0037711,CUST037711,TXN00037711,90.83,NOT_INITIATED,ORDER_CANCELLED,,,GW-25430915
REF00002346,ORD0037768,CUST037768,TXN00037768,288.69,NOT_INITIATED,ORDER_CANCELLED,,,GW-99371098
REF00002347,ORD0037771,CUST037771,TXN00037771,1192.01,NOT_INITIATED,ORDER_CANCELLED,,,GW-90328399
REF00002348,ORD0037785,CUST037785,TXN00037785,1007.76,NOT_INITIATED,RETURN,,,GW-14822719
REF00002349,ORD0037810,CUST037810,TXN00037810,1627.55,NOT_INITIATED,ORDER_CANCELLED,,,GW-33946351
REF00002350,ORD0037834,CUST037834,TXN00037834,618.39,NOT_INITIATED,RETURN,,,GW-84767532
REF00002351,ORD0037878,CUST037878,TXN00037878,244.06,NOT_INITIATED,RETURN,,,GW-27178387
REF00002352,ORD0037898,CUST037898,TXN00037898,970.16,NOT_INITIATED,ORDER_CANCELLED,,,GW-42016870
REF00002353,ORD0037941,CUST037941,TXN00037941,637.23,NOT_INITIATED,ORDER_CANCELLED,,,GW-29856675
REF00002354,ORD0037988,CUST037988,TXN00037988,1524.62,NOT_INITIATED,RETURN,,,GW-80742370
REF00002355,ORD0038029,CUST038029,TXN00038029,1610.88,NOT_INITIATED,ORDER_CANCELLED,,,GW-54165750
REF00002356,ORD0038042,CUST038042,TXN00038042,119.95,NOT_INITIATED,ORDER_CANCELLED,,,GW-73261374
REF00002357,ORD0038079,CUST038079,TXN00038079,1081.78,NOT_INITIATED,ORDER_CANCELLED,,,GW-39796644
REF00002358,ORD0038084,CUST038084,TXN00038084,375.48,NOT_INITIATED,RETURN,,,GW-56328984
REF00002359,ORD0038090,CUST038090,TXN00038090,378.16,NOT_INITIATED,RETURN,,,GW-65504819
REF00002360,ORD0038091,CUST038091,TXN00038091,201.3,NOT_INITIATED,RETURN,,,GW-98867476
REF00002361,ORD0038132,CUST038132,TXN00038132,2203.06,NOT_INITIATED,ORDER_CANCELLED,,,GW-61896189
REF00002362,ORD0038140,CUST038140,TXN00038140,1411.53,NOT_INITIATED,RETURN,,,GW-35434372
REF00002363,ORD0038206,CUST038206,TXN00038206,964.13,NOT_INITIATED,RETURN,,,GW-18973063
REF00002364,ORD0038213,CUST038213,TXN00038213,873.23,NOT_INITIATED,ORDER_CANCELLED,,,GW-62708091
REF00002365,ORD0038226,CUST038226,TXN00038226,1508.69,NOT_INITIATED,ORDER_CANCELLED,,,GW-58497665
REF00002366,ORD0038231,CUST038231,TXN00038231,664.09,NOT_INITIATED,ORDER_CANCELLED,,,GW-76701047
REF00002367,ORD0038237,CUST038237,TXN00038237,1024.5,NOT_INITIATED,RETURN,,,GW-53887685
REF00002368,ORD0038245,CUST038245,TXN00038245,1119.48,NOT_INITIATED,ORDER_CANCELLED,,,GW-84067125
REF00002369,ORD0038246,CUST038246,TXN00038246,487.28,NOT_INITIATED,RETURN,,,GW-94239996
REF00002370,ORD0038251,CUST038251,TXN00038251,1622.81,NOT_INITIATED,RETURN,,,GW-59910884
REF00002371,ORD0038290,CUST038290,TXN00038290,1361.44,NOT_INITIATED,RETURN,,,GW-62884016
REF00002372,ORD0038295,CUST038295,TXN00038295,1490.89,NOT_INITIATED,ORDER_CANCELLED,,,GW-47281742
REF00002373,ORD0038334,CUST038334,TXN00038334,359.89,NOT_INITIATED,ORDER_CANCELLED,,,GW-28882363
REF00002374,ORD0038350,CUST038350,TXN00038350,993.56,NOT_INITIATED,RETURN,,,GW-25799962
REF00002375,ORD0038369,CUST038369,TXN00038369,513.57,NOT_INITIATED,RETURN,,,GW-47575814
REF00002376,ORD0038383,CUST038383,TXN00038383,448.42,NOT_INITIATED,RETURN,,,GW-99603149
REF00002377,ORD0038393,CUST038393,TXN00038393,1821.97,NOT_INITIATED,ORDER_CANCELLED,,,GW-76801716
REF00002378,ORD0038395,CUST038395,TXN00038395,47.42,NOT_INITIATED,RETURN,,,GW-65579369
REF00002379,ORD0038396,CUST038396,TXN00038396,332.44,NOT_INITIATED,RETURN,,,GW-37820439
REF00002380,ORD0038400,CUST038400,TXN00038400,89.54,NOT_INITIATED,RETURN,,,GW-85022556
REF00002381,ORD0038427,CUST038427,TXN00038427,947.43,NOT_INITIATED,ORDER_CANCELLED,,,GW-90442698
REF00002382,ORD0038437,CUST038437,TXN00038437,153.72,NOT_INITIATED,ORDER_CANCELLED,,,GW-14296190
REF00002383,ORD0038457,CUST038457,TXN00038457,755.3,NOT_INITIATED,ORDER_CANCELLED,,,GW-14451528
REF00002384,ORD0038469,CUST038469,TXN00038469,1520.47,NOT_INITIATED,ORDER_CANCELLED,,,GW-33635579
REF00002385,ORD0038471,CUST038471,TXN00038471,1014.7,NOT_INITIATED,ORDER_CANCELLED,,,GW-62671555
REF00002386,ORD0038478,CUST038478,TXN00038478,800.03,NOT_INITIATED,RETURN,,,GW-94177907
REF00002387,ORD0038488,CUST038488,TXN00038488,1461.7,NOT_INITIATED,ORDER_CANCELLED,,,GW-86243764
REF00002388,ORD0038491,CUST038491,TXN00038491,1049.22,NOT_INITIATED,RETURN,,,GW-48182215
REF00002389,ORD0038493,CUST038493,TXN00038493,506.27,NOT_INITIATED,RETURN,,,GW-97371633
REF00002390,ORD0038494,CUST038494,TXN00038494,2146.57,NOT_INITIATED,RETURN,,,GW-86964798
REF00002391,ORD0038513,CUST038513,TXN00038513,426.08,NOT_INITIATED,RETURN,,,GW-97507768
REF00002392,ORD0038527,CUST038527,TXN00038527,2216.3,NOT_INITIATED,ORDER_CANCELLED,,,GW-82061652
REF00002393,ORD0038531,CUST038531,TXN00038531,744.1,NOT_INITIATED,ORDER_CANCELLED,,,GW-59244939
REF00002394,ORD0038532,CUST038532,TXN00038532,1562.65,NOT_INITIATED,ORDER_CANCELLED,,,GW-13933259
REF00002395,ORD0038554,CUST038554,TXN00038554,2162.11,NOT_INITIATED,RETURN,,,GW-92461468
REF00002396,ORD0038555,CUST038555,TXN00038555,23.45,NOT_INITIATED,ORDER_CANCELLED,,,GW-30282672
REF00002397,ORD0038558,CUST038558,TXN00038558,1174.41,NOT_INITIATED,ORDER_CANCELLED,,,GW-72008328
REF00002398,ORD0038563,CUST038563,TXN00038563,919.09,NOT_INITIATED,RETURN,,,GW-73202871
REF00002399,ORD0038565,CUST038565,TXN00038565,198.6,NOT_INITIATED,RETURN,,,GW-37803124
REF00002400,ORD0038566,CUST038566,TXN00038566,2065.36,NOT_INITIATED,ORDER_CANCELLED,,,GW-52735677
REF00002401,ORD0038571,CUST038571,TXN00038571,1374.63,NOT_INITIATED,RETURN,,,GW-30370260
REF00002402,ORD0038605,CUST038605,TXN00038605,2129.34,NOT_INITIATED,ORDER_CANCELLED,,,GW-68172611
REF00002403,ORD0038608,CUST038608,TXN00038608,1507.11,NOT_INITIATED,RETURN,,,GW-49090614
REF00002404,ORD0038621,CUST038621,TXN00038621,170.18,NOT_INITIATED,RETURN,,,GW-22853779
REF00002405,ORD0038641,CUST038641,TXN00038641,415.47,NOT_INITIATED,ORDER_CANCELLED,,,GW-34444942
REF00002406,ORD0038652,CUST038652,TXN00038652,466.95,NOT_INITIATED,ORDER_CANCELLED,,,GW-13760255
REF00002407,ORD0038657,CUST038657,TXN00038657,302.78,NOT_INITIATED,RETURN,,,GW-58416526
REF00002408,ORD0038670,CUST038670,TXN00038670,79.46,NOT_INITIATED,ORDER_CANCELLED,,,GW-91536002
REF00002409,ORD0038676,CUST038676,TXN00038676,305.47,NOT_INITIATED,RETURN,,,GW-47562103
REF00002410,ORD0038678,CUST038678,TXN00038678,561.2,NOT_INITIATED,RETURN,,,GW-72608543
REF00002411,ORD0038693,CUST038693,TXN00038693,241.39,NOT_INITIATED,RETURN,,,GW-30573234
REF00002412,ORD0038698,CUST038698,TXN00038698,316.52,NOT_INITIATED,RETURN,,,GW-21443440
REF00002413,ORD0038699,CUST038699,TXN00038699,1251.52,NOT_INITIATED,RETURN,,,GW-86366011
REF00002414,ORD0038714,CUST038714,TXN00038714,401.5,NOT_INITIATED,ORDER_CANCELLED,,,GW-23328031
REF00002415,ORD0038719,CUST038719,TXN00038719,543.62,NOT_INITIATED,RETURN,,,GW-17332880
REF00002416,ORD0038721,CUST038721,TXN00038721,177.91,NOT_INITIATED,ORDER_CANCELLED,,,GW-52770536
REF00002417,ORD0038730,CUST038730,TXN00038730,410.81,NOT_INITIATED,ORDER_CANCELLED,,,GW-28296744
REF00002418,ORD0038733,CUST038733,TXN00038733,710.38,NOT_INITIATED,ORDER_CANCELLED,,,GW-72641060
REF00002419,ORD0038762,CUST038762,TXN00038762,1828.83,NOT_INITIATED,ORDER_CANCELLED,,,GW-57352062
REF00002420,ORD0038772,CUST038772,TXN00038772,1058.02,NOT_INITIATED,ORDER_CANCELLED,,,GW-65851150
REF00002421,ORD0038832,CUST038832,TXN00038832,77.36,NOT_INITIATED,RETURN,,,GW-85260813
REF00002422,ORD0038853,CUST038853,TXN00038853,227.62,NOT_INITIATED,RETURN,,,GW-91894601
REF00002423,ORD0038865,CUST038865,TXN00038865,442.71,NOT_INITIATED,RETURN,,,GW-86813668
REF00002424,ORD0038882,CUST038882,TXN00038882,1270.75,NOT_INITIATED,RETURN,,,GW-23784805
REF00002425,ORD0038946,CUST038946,TXN00038946,1580.68,NOT_INITIATED,RETURN,,,GW-39115841
REF00002426,ORD0038947,CUST038947,TXN00038947,47.33,NOT_INITIATED,ORDER_CANCELLED,,,GW-61866507
REF00002427,ORD0038959,CUST038959,TXN00038959,132.99,NOT_INITIATED,ORDER_CANCELLED,,,GW-22470740
REF00002428,ORD0038968,CUST038968,TXN00038968,1470.87,NOT_INITIATED,ORDER_CANCELLED,,,GW-61738890
REF00002429,ORD0038982,CUST038982,TXN00038982,79.81,NOT_INITIATED,ORDER_CANCELLED,,,GW-60982425
REF00002430,ORD0038987,CUST038987,TXN00038987,554.0,NOT_INITIATED,ORDER_CANCELLED,,,GW-16660203
REF00002431,ORD0039001,CUST039001,TXN00039001,1721.91,NOT_INITIATED,ORDER_CANCELLED,,,GW-23018954
REF00002432,ORD0039002,CUST039002,TXN00039002,563.94,NOT_INITIATED,ORDER_CANCELLED,,,GW-51930467
REF00002433,ORD0039004,CUST039004,TXN00039004,2053.16,NOT_INITIATED,RETURN,,,GW-68932444
REF00002434,ORD0039013,CUST039013,TXN00039013,1616.25,NOT_INITIATED,ORDER_CANCELLED,,,GW-95341687
REF00002435,ORD0039015,CUST039015,TXN00039015,240.56,NOT_INITIATED,ORDER_CANCELLED,,,GW-33277437
REF00002436,ORD0039027,CUST039027,TXN00039027,478.42,NOT_INITIATED,ORDER_CANCELLED,,,GW-49021440
REF00002437,ORD0039030,CUST039030,TXN00039030,437.91,NOT_INITIATED,RETURN,,,GW-99854362
REF00002438,ORD0039040,CUST039040,TXN00039040,1322.43,NOT_INITIATED,ORDER_CANCELLED,,,GW-65676392
REF00002439,ORD0039091,CUST039091,TXN00039091,1171.7,NOT_INITIATED,ORDER_CANCELLED,,,GW-96716961
REF00002440,ORD0039093,CUST039093,TXN00039093,522.86,NOT_INITIATED,RETURN,,,GW-92608450
REF00002441,ORD0039105,CUST039105,TXN00039105,616.93,NOT_INITIATED,ORDER_CANCELLED,,,GW-50798010
REF00002442,ORD0039146,CUST039146,TXN00039146,603.31,NOT_INITIATED,RETURN,,,GW-93980719
REF00002443,ORD0039164,CUST039164,TXN00039164,978.86,NOT_INITIATED,ORDER_CANCELLED,,,GW-23825948
REF00002444,ORD0039188,CUST039188,TXN00039188,1349.65,NOT_INITIATED,RETURN,,,GW-94297330
REF00002445,ORD0039213,CUST039213,TXN00039213,2402.54,NOT_INITIATED,ORDER_CANCELLED,,,GW-22106605
REF00002446,ORD0039214,CUST039214,TXN00039214,117.84,NOT_INITIATED,ORDER_CANCELLED,,,GW-80555774
REF00002447,ORD0039215,CUST039215,TXN00039215,2750.23,NOT_INITIATED,ORDER_CANCELLED,,,GW-23332791
REF00002448,ORD0039229,CUST039229,TXN00039229,1096.49,NOT_INITIATED,ORDER_CANCELLED,,,GW-84038066
REF00002449,ORD0039230,CUST039230,TXN00039230,36.54,NOT_INITIATED,RETURN,,,GW-36886761
REF00002450,ORD0039259,CUST039259,TXN00039259,182.18,NOT_INITIATED,ORDER_CANCELLED,,,GW-22540746
REF00002451,ORD0039313,CUST039313,TXN00039313,1139.89,NOT_INITIATED,RETURN,,,GW-67058335
REF00002452,ORD0039330,CUST039330,TXN00039330,474.01,NOT_INITIATED,RETURN,,,GW-90506451
REF00002453,ORD0039337,CUST039337,TXN00039337,1876.58,NOT_INITIATED,ORDER_CANCELLED,,,GW-47802824
REF00002454,ORD0039342,CUST039342,TXN00039342,822.83,NOT_INITIATED,ORDER_CANCELLED,,,GW-55425966
REF00002455,ORD0039348,CUST039348,TXN00039348,1738.52,NOT_INITIATED,RETURN,,,GW-22973348
REF00002456,ORD0039368,CUST039368,TXN00039368,766.24,NOT_INITIATED,ORDER_CANCELLED,,,GW-44530764
REF00002457,ORD0039391,CUST039391,TXN00039391,422.4,NOT_INITIATED,ORDER_CANCELLED,,,GW-76299328
REF00002458,ORD0039394,CUST039394,TXN00039394,684.97,NOT_INITIATED,ORDER_CANCELLED,,,GW-16298632
REF00002459,ORD0039407,CUST039407,TXN00039407,335.97,NOT_INITIATED,RETURN,,,GW-78837819
REF00002460,ORD0039412,CUST039412,TXN00039412,2016.56,NOT_INITIATED,RETURN,,,GW-11695551
REF00002461,ORD0039418,CUST039418,TXN00039418,1318.37,NOT_INITIATED,RETURN,,,GW-45347806
REF00002462,ORD0039442,CUST039442,TXN00039442,1542.32,NOT_INITIATED,ORDER_CANCELLED,,,GW-86949321
REF00002463,ORD0039458,CUST039458,TXN00039458,486.17,NOT_INITIATED,RETURN,,,GW-70182221
REF00002464,ORD0039476,CUST039476,TXN00039476,642.68,NOT_INITIATED,RETURN,,,GW-53327432
REF00002465,ORD0039491,CUST039491,TXN00039491,1512.4,NOT_INITIATED,ORDER_CANCELLED,,,GW-49029276
REF00002466,ORD0039497,CUST039497,TXN00039497,2321.98,NOT_INITIATED,ORDER_CANCELLED,,,GW-54478413
REF00002467,ORD0039551,CUST039551,TXN00039551,1464.78,NOT_INITIATED,RETURN,,,GW-13223222
REF00002468,ORD0039580,CUST039580,TXN00039580,566.34,NOT_INITIATED,RETURN,,,GW-51373204
REF00002469,ORD0039582,CUST039582,TXN00039582,734.84,NOT_INITIATED,RETURN,,,GW-34413246
REF00002470,ORD0039592,CUST039592,TXN00039592,270.01,NOT_INITIATED,RETURN,,,GW-89418594
REF00002471,ORD0039593,CUST039593,TXN00039593,2442.34,NOT_INITIATED,ORDER_CANCELLED,,,GW-50219716
REF00002472,ORD0039631,CUST039631,TXN00039631,767.81,NOT_INITIATED,ORDER_CANCELLED,,,GW-42319826
REF00002473,ORD0039637,CUST039637,TXN00039637,2732.68,NOT_INITIATED,RETURN,,,GW-71171277
REF00002474,ORD0039641,CUST039641,TXN00039641,201.12,NOT_INITIATED,ORDER_CANCELLED,,,GW-19309586
REF00002475,ORD0039650,CUST039650,TXN00039650,3145.04,NOT_INITIATED,ORDER_CANCELLED,,,GW-62037498
REF00002476,ORD0039667,CUST039667,TXN00039667,288.82,NOT_INITIATED,RETURN,,,GW-73711334
REF00002477,ORD0039690,CUST039690,TXN00039690,111.03,NOT_INITIATED,ORDER_CANCELLED,,,GW-32353029
REF00002478,ORD0039756,CUST039756,TXN00039756,422.59,NOT_INITIATED,RETURN,,,GW-79237555
REF00002479,ORD0039772,CUST039772,TXN00039772,288.55,NOT_INITIATED,RETURN,,,GW-74714508
REF00002480,ORD0039799,CUST039799,TXN00039799,1745.66,NOT_INITIATED,ORDER_CANCELLED,,,GW-85772820
REF00002481,ORD0039845,CUST039845,TXN00039845,1122.9,NOT_INITIATED,RETURN,,,GW-95608843
REF00002482,ORD0039902,CUST039902,TXN00039902,196.57,NOT_INITIATED,RETURN,,,GW-19428745
REF00002483,ORD0039905,CUST039905,TXN00039905,27.08,NOT_INITIATED,RETURN,,,GW-68515406
REF00002484,ORD0039920,CUST039920,TXN00039920,1235.01,NOT_INITIATED,RETURN,,,GW-93853415
REF00002485,ORD0039926,CUST039926,TXN00039926,1818.68,NOT_INITIATED,ORDER_CANCELLED,,,GW-52648630
REF00002486,ORD0039942,CUST039942,TXN00039942,944.65,NOT_INITIATED,RETURN,,,GW-11449814
REF00002487,ORD0039948,CUST039948,TXN00039948,1651.33,NOT_INITIATED,ORDER_CANCELLED,,,GW-39784734
REF00002488,ORD0039961,CUST039961,TXN00039961,18.17,NOT_INITIATED,ORDER_CANCELLED,,,GW-76150312
REF00002489,ORD0039974,CUST039974,TXN00039974,3267.05,NOT_INITIATED,RETURN,,,GW-36141665
REF00002490,ORD0040032,CUST040032,TXN00040032,1027.43,NOT_INITIATED,ORDER_CANCELLED,,,GW-60006386
REF00002491,ORD0040042,CUST040042,TXN00040042,1773.19,NOT_INITIATED,ORDER_CANCELLED,,,GW-70084341
REF00002492,ORD0040054,CUST040054,TXN00040054,518.29,NOT_INITIATED,RETURN,,,GW-80910573
REF00002493,ORD0040082,CUST040082,TXN00040082,860.67,NOT_INITIATED,ORDER_CANCELLED,,,GW-92611012
REF00002494,ORD0040108,CUST040108,TXN00040108,1674.72,NOT_INITIATED,ORDER_CANCELLED,,,GW-49282331
REF00002495,ORD0040124,CUST040124,TXN00040124,487.57,NOT_INITIATED,RETURN,,,GW-78068436
REF00002496,ORD0040153,CUST040153,TXN00040153,2030.36,NOT_INITIATED,RETURN,,,GW-68821063
REF00002497,ORD0040156,CUST040156,TXN00040156,319.1,NOT_INITIATED,RETURN,,,GW-98292711
REF00002498,ORD0040157,CUST040157,TXN00040157,1241.51,NOT_INITIATED,RETURN,,,GW-63347146
REF00002499,ORD0040169,CUST040169,TXN00040169,980.62,NOT_INITIATED,ORDER_CANCELLED,,,GW-59385975
REF00002500,ORD0040201,CUST040201,TXN00040201,208.36,NOT_INITIATED,ORDER_CANCELLED,,,GW-30873991
REF00002501,ORD0040204,CUST040204,TXN00040204,1112.83,NOT_INITIATED,ORDER_CANCELLED,,,GW-16780976
REF00002502,ORD0040206,CUST040206,TXN00040206,1309.17,NOT_INITIATED,RETURN,,,GW-73214960
REF00002503,ORD0040233,CUST040233,TXN00040233,148.6,NOT_INITIATED,RETURN,,,GW-69190066
REF00002504,ORD0040253,CUST040253,TXN00040253,579.79,NOT_INITIATED,ORDER_CANCELLED,,,GW-64326293
REF00002505,ORD0040257,CUST040257,TXN00040257,1051.95,NOT_INITIATED,ORDER_CANCELLED,,,GW-34002205
REF00002506,ORD0040261,CUST040261,TXN00040261,1890.16,NOT_INITIATED,RETURN,,,GW-45019651
REF00002507,ORD0040302,CUST040302,TXN00040302,1395.65,NOT_INITIATED,ORDER_CANCELLED,,,GW-27128686
REF00002508,ORD0040330,CUST040330,TXN00040330,1840.96,NOT_INITIATED,RETURN,,,GW-59590573
REF00002509,ORD0040332,CUST040332,TXN00040332,86.49,NOT_INITIATED,RETURN,,,GW-67801507
REF00002510,ORD0040333,CUST040333,TXN00040333,1701.65,NOT_INITIATED,RETURN,,,GW-69576922
REF00002511,ORD0040365,CUST040365,TXN00040365,314.2,NOT_INITIATED,ORDER_CANCELLED,,,GW-37536226
REF00002512,ORD0040376,CUST040376,TXN00040376,579.94,NOT_INITIATED,RETURN,,,GW-91919162
REF00002513,ORD0040412,CUST040412,TXN00040412,1179.91,NOT_INITIATED,ORDER_CANCELLED,,,GW-26213713
REF00002514,ORD0040425,CUST040425,TXN00040425,663.3,NOT_INITIATED,RETURN,,,GW-29046726
REF00002515,ORD0040439,CUST040439,TXN00040439,92.22,NOT_INITIATED,RETURN,,,GW-24977963
REF00002516,ORD0040456,CUST040456,TXN00040456,920.41,NOT_INITIATED,ORDER_CANCELLED,,,GW-58961294
REF00002517,ORD0040511,CUST040511,TXN00040511,277.73,NOT_INITIATED,ORDER_CANCELLED,,,GW-57370028
REF00002518,ORD0040557,CUST040557,TXN00040557,1279.38,NOT_INITIATED,RETURN,,,GW-14880204
REF00002519,ORD0040559,CUST040559,TXN00040559,2337.64,NOT_INITIATED,ORDER_CANCELLED,,,GW-78478362
REF00002520,ORD0040571,CUST040571,TXN00040571,822.84,NOT_INITIATED,RETURN,,,GW-21281414
REF00002521,ORD0040578,CUST040578,TXN00040578,517.17,NOT_INITIATED,RETURN,,,GW-46871174
REF00002522,ORD0040598,CUST040598,TXN00040598,118.3,NOT_INITIATED,RETURN,,,GW-66580027
REF00002523,ORD0040606,CUST040606,TXN00040606,193.89,NOT_INITIATED,RETURN,,,GW-22978456
REF00002524,ORD0040607,CUST040607,TXN00040607,1895.66,NOT_INITIATED,ORDER_CANCELLED,,,GW-44353541
REF00002525,ORD0040616,CUST040616,TXN00040616,227.91,NOT_INITIATED,RETURN,,,GW-85288661
REF00002526,ORD0040636,CUST040636,TXN00040636,696.46,NOT_INITIATED,RETURN,,,GW-86797149
REF00002527,ORD0040682,CUST040682,TXN00040682,508.12,NOT_INITIATED,ORDER_CANCELLED,,,GW-27210869
REF00002528,ORD0040703,CUST040703,TXN00040703,1726.17,NOT_INITIATED,ORDER_CANCELLED,,,GW-68421525
REF00002529,ORD0040704,CUST040704,TXN00040704,1138.67,NOT_INITIATED,ORDER_CANCELLED,,,GW-56978304
REF00002530,ORD0040720,CUST040720,TXN00040720,714.55,NOT_INITIATED,RETURN,,,GW-60475001
REF00002531,ORD0040730,CUST040730,TXN00040730,1842.2,NOT_INITIATED,ORDER_CANCELLED,,,GW-22863565
REF00002532,ORD0040732,CUST040732,TXN00040732,1564.76,NOT_INITIATED,RETURN,,,GW-63348396
REF00002533,ORD0040741,CUST040741,TXN00040741,1397.49,NOT_INITIATED,RETURN,,,GW-37226146
REF00002534,ORD0040743,CUST040743,TXN00040743,289.33,NOT_INITIATED,ORDER_CANCELLED,,,GW-73524204
REF00002535,ORD0040759,CUST040759,TXN00040759,230.17,NOT_INITIATED,ORDER_CANCELLED,,,GW-27884518
REF00002536,ORD0040812,CUST040812,TXN00040812,624.84,NOT_INITIATED,ORDER_CANCELLED,,,GW-41507602
REF00002537,ORD0040831,CUST040831,TXN00040831,534.3,NOT_INITIATED,RETURN,,,GW-29286958
REF00002538,ORD0040859,CUST040859,TXN00040859,182.19,NOT_INITIATED,RETURN,,,GW-93095738
REF00002539,ORD0040876,CUST040876,TXN00040876,784.33,NOT_INITIATED,RETURN,,,GW-70920644
REF00002540,ORD0040883,CUST040883,TXN00040883,1356.46,NOT_INITIATED,RETURN,,,GW-90165196
REF00002541,ORD0040929,CUST040929,TXN00040929,157.48,NOT_INITIATED,RETURN,,,GW-36771900
REF00002542,ORD0040952,CUST040952,TXN00040952,684.65,NOT_INITIATED,ORDER_CANCELLED,,,GW-89550525
REF00002543,ORD0041003,CUST041003,TXN00041003,1625.41,NOT_INITIATED,ORDER_CANCELLED,,,GW-48648989
REF00002544,ORD0041010,CUST041010,TXN00041010,114.49,NOT_INITIATED,ORDER_CANCELLED,,,GW-19453829
REF00002545,ORD0041041,CUST041041,TXN00041041,37.6,NOT_INITIATED,ORDER_CANCELLED,,,GW-57295030
REF00002546,ORD0041061,CUST041061,TXN00041061,293.52,NOT_INITIATED,RETURN,,,GW-33346452
REF00002547,ORD0041082,CUST041082,TXN00041082,1847.5,NOT_INITIATED,RETURN,,,GW-67428648
REF00002548,ORD0041122,CUST041122,TXN00041122,702.01,NOT_INITIATED,ORDER_CANCELLED,,,GW-80070107
REF00002549,ORD0041172,CUST041172,TXN00041172,729.94,NOT_INITIATED,RETURN,,,GW-86723072
REF00002550,ORD0041189,CUST041189,TXN00041189,726.91,NOT_INITIATED,RETURN,,,GW-20645435
REF00002551,ORD0041217,CUST041217,TXN00041217,612.17,NOT_INITIATED,RETURN,,,GW-22906618
REF00002552,ORD0041220,CUST041220,TXN00041220,381.52,NOT_INITIATED,ORDER_CANCELLED,,,GW-65465569
REF00002553,ORD0041227,CUST041227,TXN00041227,1000.28,NOT_INITIATED,ORDER_CANCELLED,,,GW-81803840
REF00002554,ORD0041233,CUST041233,TXN00041233,332.96,NOT_INITIATED,RETURN,,,GW-63351912
REF00002555,ORD0041240,CUST041240,TXN00041240,327.45,NOT_INITIATED,RETURN,,,GW-37724562
REF00002556,ORD0041243,CUST041243,TXN00041243,1116.64,NOT_INITIATED,ORDER_CANCELLED,,,GW-11957189
REF00002557,ORD0041262,CUST041262,TXN00041262,1316.46,NOT_INITIATED,RETURN,,,GW-84087165
REF00002558,ORD0041273,CUST041273,TXN00041273,230.45,NOT_INITIATED,ORDER_CANCELLED,,,GW-70904983
REF00002559,ORD0041293,CUST041293,TXN00041293,1061.05,NOT_INITIATED,ORDER_CANCELLED,,,GW-58537893
REF00002560,ORD0041298,CUST041298,TXN00041298,333.2,NOT_INITIATED,RETURN,,,GW-31066609
REF00002561,ORD0041314,CUST041314,TXN00041314,798.56,NOT_INITIATED,RETURN,,,GW-26600647
REF00002562,ORD0041327,CUST041327,TXN00041327,820.89,NOT_INITIATED,RETURN,,,GW-82591079
REF00002563,ORD0041334,CUST041334,TXN00041334,426.9,NOT_INITIATED,ORDER_CANCELLED,,,GW-48912804
REF00002564,ORD0041343,CUST041343,TXN00041343,1256.54,NOT_INITIATED,RETURN,,,GW-69098708
REF00002565,ORD0041347,CUST041347,TXN00041347,179.5,NOT_INITIATED,ORDER_CANCELLED,,,GW-27645699
REF00002566,ORD0041408,CUST041408,TXN00041408,388.23,NOT_INITIATED,RETURN,,,GW-43801111
REF00002567,ORD0041412,CUST041412,TXN00041412,1901.28,NOT_INITIATED,ORDER_CANCELLED,,,GW-83376141
REF00002568,ORD0041445,CUST041445,TXN00041445,1489.07,NOT_INITIATED,RETURN,,,GW-74306649
REF00002569,ORD0041464,CUST041464,TXN00041464,851.64,NOT_INITIATED,ORDER_CANCELLED,,,GW-38778345
REF00002570,ORD0041475,CUST041475,TXN00041475,2094.63,NOT_INITIATED,RETURN,,,GW-79831542
REF00002571,ORD0041584,CUST041584,TXN00041584,169.1,NOT_INITIATED,RETURN,,,GW-12154945
REF00002572,ORD0041593,CUST041593,TXN00041593,289.72,NOT_INITIATED,ORDER_CANCELLED,,,GW-98387306
REF00002573,ORD0041598,CUST041598,TXN00041598,358.25,NOT_INITIATED,RETURN,,,GW-29169361
REF00002574,ORD0041631,CUST041631,TXN00041631,1116.04,NOT_INITIATED,ORDER_CANCELLED,,,GW-46454333
REF00002575,ORD0041668,CUST041668,TXN00041668,474.88,NOT_INITIATED,RETURN,,,GW-33826924
REF00002576,ORD0041681,CUST041681,TXN00041681,693.94,NOT_INITIATED,ORDER_CANCELLED,,,GW-96645697
REF00002577,ORD0041685,CUST041685,TXN00041685,349.82,NOT_INITIATED,ORDER_CANCELLED,,,GW-75121316
REF00002578,ORD0041704,CUST041704,TXN00041704,1227.54,NOT_INITIATED,RETURN,,,GW-10825687
REF00002579,ORD0041709,CUST041709,TXN00041709,1592.36,NOT_INITIATED,ORDER_CANCELLED,,,GW-63825339
REF00002580,ORD0041730,CUST041730,TXN00041730,1936.65,NOT_INITIATED,RETURN,,,GW-83847384
REF00002581,ORD0041733,CUST041733,TXN00041733,1501.89,NOT_INITIATED,RETURN,,,GW-14007840
REF00002582,ORD0041734,CUST041734,TXN00041734,673.37,NOT_INITIATED,RETURN,,,GW-72215367
REF00002583,ORD0041762,CUST041762,TXN00041762,650.98,NOT_INITIATED,RETURN,,,GW-23699778
REF00002584,ORD0041774,CUST041774,TXN00041774,1512.7,NOT_INITIATED,RETURN,,,GW-29841269
REF00002585,ORD0041782,CUST041782,TXN00041782,510.45,NOT_INITIATED,RETURN,,,GW-67245114
REF00002586,ORD0041784,CUST041784,TXN00041784,717.8,NOT_INITIATED,ORDER_CANCELLED,,,GW-11207531
REF00002587,ORD0041798,CUST041798,TXN00041798,973.98,NOT_INITIATED,ORDER_CANCELLED,,,GW-40396555
REF00002588,ORD0041806,CUST041806,TXN00041806,135.07,NOT_INITIATED,RETURN,,,GW-15612148
REF00002589,ORD0041836,CUST041836,TXN00041836,43.91,NOT_INITIATED,RETURN,,,GW-52576336
REF00002590,ORD0041837,CUST041837,TXN00041837,1033.86,NOT_INITIATED,ORDER_CANCELLED,,,GW-44860389
REF00002591,ORD0041879,CUST041879,TXN00041879,1009.69,NOT_INITIATED,ORDER_CANCELLED,,,GW-71373995
REF00002592,ORD0041903,CUST041903,TXN00041903,579.5,NOT_INITIATED,ORDER_CANCELLED,,,GW-25133491
REF00002593,ORD0041922,CUST041922,TXN00041922,232.37,NOT_INITIATED,RETURN,,,GW-73305999
REF00002594,ORD0041925,CUST041925,TXN00041925,869.04,NOT_INITIATED,RETURN,,,GW-67808406
REF00002595,ORD0041927,CUST041927,TXN00041927,326.04,NOT_INITIATED,ORDER_CANCELLED,,,GW-83765514
REF00002596,ORD0041966,CUST041966,TXN00041966,2408.58,NOT_INITIATED,RETURN,,,GW-71852144
REF00002597,ORD0041973,CUST041973,TXN00041973,931.41,NOT_INITIATED,RETURN,,,GW-45158380
REF00002598,ORD0041976,CUST041976,TXN00041976,715.41,NOT_INITIATED,ORDER_CANCELLED,,,GW-70899295
REF00002599,ORD0041987,CUST041987,TXN00041987,1880.85,NOT_INITIATED,ORDER_CANCELLED,,,GW-30742203
REF00002600,ORD0042017,CUST042017,TXN00042017,3206.19,NOT_INITIATED,RETURN,,,GW-43696957
REF00002601,ORD0042025,CUST042025,TXN00042025,1002.52,NOT_INITIATED,RETURN,,,GW-51282628
REF00002602,ORD0042036,CUST042036,TXN00042036,396.61,NOT_INITIATED,ORDER_CANCELLED,,,GW-25261954
REF00002603,ORD0042114,CUST042114,TXN00042114,991.36,NOT_INITIATED,RETURN,,,GW-16416855
REF00002604,ORD0042187,CUST042187,TXN00042187,484.49,NOT_INITIATED,RETURN,,,GW-87480351
REF00002605,ORD0042224,CUST042224,TXN00042224,610.53,NOT_INITIATED,RETURN,,,GW-35029158
REF00002606,ORD0042274,CUST042274,TXN00042274,35.17,NOT_INITIATED,RETURN,,,GW-70526534
REF00002607,ORD0042278,CUST042278,TXN00042278,1263.44,NOT_INITIATED,RETURN,,,GW-77709238
REF00002608,ORD0042310,CUST042310,TXN00042310,1283.34,NOT_INITIATED,ORDER_CANCELLED,,,GW-25608907
REF00002609,ORD0042311,CUST042311,TXN00042311,1108.06,NOT_INITIATED,ORDER_CANCELLED,,,GW-12757604
REF00002610,ORD0042321,CUST042321,TXN00042321,29.36,NOT_INITIATED,RETURN,,,GW-75277773
REF00002611,ORD0042352,CUST042352,TXN00042352,548.64,NOT_INITIATED,RETURN,,,GW-30439992
REF00002612,ORD0042356,CUST042356,TXN00042356,1521.74,NOT_INITIATED,ORDER_CANCELLED,,,GW-92614654
REF00002613,ORD0042360,CUST042360,TXN00042360,56.09,NOT_INITIATED,RETURN,,,GW-74032148
REF00002614,ORD0042380,CUST042380,TXN00042380,954.9,NOT_INITIATED,ORDER_CANCELLED,,,GW-14546700
REF00002615,ORD0042399,CUST042399,TXN00042399,895.33,NOT_INITIATED,ORDER_CANCELLED,,,GW-43152710
REF00002616,ORD0042412,CUST042412,TXN00042412,645.67,NOT_INITIATED,ORDER_CANCELLED,,,GW-92465651
REF00002617,ORD0042421,CUST042421,TXN00042421,1315.21,NOT_INITIATED,ORDER_CANCELLED,,,GW-49159169
REF00002618,ORD0042423,CUST042423,TXN00042423,1659.86,NOT_INITIATED,RETURN,,,GW-99121969
REF00002619,ORD0042427,CUST042427,TXN00042427,2848.66,NOT_INITIATED,RETURN,,,GW-98267399
REF00002620,ORD0042436,CUST042436,TXN00042436,191.66,NOT_INITIATED,ORDER_CANCELLED,,,GW-63989179
REF00002621,ORD0042438,CUST042438,TXN00042438,82.46,NOT_INITIATED,RETURN,,,GW-51306238
REF00002622,ORD0042462,CUST042462,TXN00042462,1481.0,NOT_INITIATED,RETURN,,,GW-53724012
REF00002623,ORD0042474,CUST042474,TXN00042474,398.4,NOT_INITIATED,RETURN,,,GW-45729953
REF00002624,ORD0042524,CUST042524,TXN00042524,2906.45,NOT_INITIATED,ORDER_CANCELLED,,,GW-53192483
REF00002625,ORD0042538,CUST042538,TXN00042538,71.71,NOT_INITIATED,RETURN,,,GW-91528568
REF00002626,ORD0042594,CUST042594,TXN00042594,1780.98,NOT_INITIATED,RETURN,,,GW-13959244
REF00002627,ORD0042595,CUST042595,TXN00042595,1870.19,NOT_INITIATED,ORDER_CANCELLED,,,GW-42028780
REF00002628,ORD0042646,CUST042646,TXN00042646,355.62,NOT_INITIATED,RETURN,,,GW-86078134
REF00002629,ORD0042652,CUST042652,TXN00042652,275.77,NOT_INITIATED,ORDER_CANCELLED,,,GW-13864743
REF00002630,ORD0042656,CUST042656,TXN00042656,703.95,NOT_INITIATED,RETURN,,,GW-22509445
REF00002631,ORD0042657,CUST042657,TXN00042657,2082.4,NOT_INITIATED,ORDER_CANCELLED,,,GW-49005969
REF00002632,ORD0042758,CUST042758,TXN00042758,213.1,NOT_INITIATED,RETURN,,,GW-74622455
REF00002633,ORD0042765,CUST042765,TXN00042765,434.8,NOT_INITIATED,RETURN,,,GW-44552900
REF00002634,ORD0042785,CUST042785,TXN00042785,276.0,NOT_INITIATED,ORDER_CANCELLED,,,GW-61486114
REF00002635,ORD0042832,CUST042832,TXN00042832,1014.87,NOT_INITIATED,RETURN,,,GW-85309658
REF00002636,ORD0042855,CUST042855,TXN00042855,1288.95,NOT_INITIATED,ORDER_CANCELLED,,,GW-88051070
REF00002637,ORD0042875,CUST042875,TXN00042875,731.44,NOT_INITIATED,RETURN,,,GW-29515515
REF00002638,ORD0042880,CUST042880,TXN00042880,467.38,NOT_INITIATED,ORDER_CANCELLED,,,GW-21497396
REF00002639,ORD0042883,CUST042883,TXN00042883,1256.79,NOT_INITIATED,ORDER_CANCELLED,,,GW-14477915
REF00002640,ORD0042894,CUST042894,TXN00042894,1937.42,NOT_INITIATED,RETURN,,,GW-12653466
REF00002641,ORD0042902,CUST042902,TXN00042902,2293.41,NOT_INITIATED,ORDER_CANCELLED,,,GW-87833666
REF00002642,ORD0042909,CUST042909,TXN00042909,165.39,NOT_INITIATED,ORDER_CANCELLED,,,GW-52045061
REF00002643,ORD0042959,CUST042959,TXN00042959,1030.51,NOT_INITIATED,RETURN,,,GW-42685042
REF00002644,ORD0042965,CUST042965,TXN00042965,1788.56,NOT_INITIATED,RETURN,,,GW-25602606
REF00002645,ORD0042984,CUST042984,TXN00042984,1297.33,NOT_INITIATED,RETURN,,,GW-81363811
REF00002646,ORD0043003,CUST043003,TXN00043003,870.99,NOT_INITIATED,ORDER_CANCELLED,,,GW-13361151
REF00002647,ORD0043005,CUST043005,TXN00043005,577.92,NOT_INITIATED,ORDER_CANCELLED,,,GW-66318518
REF00002648,ORD0043008,CUST043008,TXN00043008,525.82,NOT_INITIATED,RETURN,,,GW-67468436
REF00002649,ORD0043014,CUST043014,TXN00043014,1388.46,NOT_INITIATED,ORDER_CANCELLED,,,GW-75549668
REF00002650,ORD0043052,CUST043052,TXN00043052,89.27,NOT_INITIATED,RETURN,,,GW-95398223
REF00002651,ORD0043058,CUST043058,TXN00043058,136.49,NOT_INITIATED,RETURN,,,GW-33673485
REF00002652,ORD0043071,CUST043071,TXN00043071,423.09,NOT_INITIATED,ORDER_CANCELLED,,,GW-73015754
REF00002653,ORD0043076,CUST043076,TXN00043076,389.94,NOT_INITIATED,RETURN,,,GW-21322274
REF00002654,ORD0043081,CUST043081,TXN00043081,1106.05,NOT_INITIATED,RETURN,,,GW-53251202
REF00002655,ORD0043084,CUST043084,TXN00043084,398.62,NOT_INITIATED,ORDER_CANCELLED,,,GW-97213470
REF00002656,ORD0043096,CUST043096,TXN00043096,1703.84,NOT_INITIATED,RETURN,,,GW-43584439
REF00002657,ORD0043118,CUST043118,TXN00043118,2006.32,NOT_INITIATED,RETURN,,,GW-41157281
REF00002658,ORD0043127,CUST043127,TXN00043127,1005.33,NOT_INITIATED,ORDER_CANCELLED,,,GW-97241560
REF00002659,ORD0043132,CUST043132,TXN00043132,44.36,NOT_INITIATED,RETURN,,,GW-35799450
REF00002660,ORD0043146,CUST043146,TXN00043146,79.61,NOT_INITIATED,ORDER_CANCELLED,,,GW-71833602
REF00002661,ORD0043150,CUST043150,TXN00043150,269.83,NOT_INITIATED,ORDER_CANCELLED,,,GW-86694281
REF00002662,ORD0043158,CUST043158,TXN00043158,1473.59,NOT_INITIATED,RETURN,,,GW-68231302
REF00002663,ORD0043181,CUST043181,TXN00043181,1329.94,NOT_INITIATED,RETURN,,,GW-32491894
REF00002664,ORD0043196,CUST043196,TXN00043196,517.02,NOT_INITIATED,RETURN,,,GW-73880703
REF00002665,ORD0043202,CUST043202,TXN00043202,1702.16,NOT_INITIATED,RETURN,,,GW-32519750
REF00002666,ORD0043205,CUST043205,TXN00043205,129.5,NOT_INITIATED,ORDER_CANCELLED,,,GW-88774643
REF00002667,ORD0043224,CUST043224,TXN00043224,511.87,NOT_INITIATED,ORDER_CANCELLED,,,GW-84131475
REF00002668,ORD0043237,CUST043237,TXN00043237,971.52,NOT_INITIATED,RETURN,,,GW-20633882
REF00002669,ORD0043249,CUST043249,TXN00043249,351.51,NOT_INITIATED,ORDER_CANCELLED,,,GW-77782217
REF00002670,ORD0043274,CUST043274,TXN00043274,167.95,NOT_INITIATED,RETURN,,,GW-55752551
REF00002671,ORD0043286,CUST043286,TXN00043286,46.99,NOT_INITIATED,ORDER_CANCELLED,,,GW-80310408
REF00002672,ORD0043291,CUST043291,TXN00043291,1076.07,NOT_INITIATED,ORDER_CANCELLED,,,GW-26032632
REF00002673,ORD0043317,CUST043317,TXN00043317,551.02,NOT_INITIATED,ORDER_CANCELLED,,,GW-35678045
REF00002674,ORD0043321,CUST043321,TXN00043321,344.92,NOT_INITIATED,RETURN,,,GW-83599840
REF00002675,ORD0043343,CUST043343,TXN00043343,3047.25,NOT_INITIATED,RETURN,,,GW-84774924
REF00002676,ORD0043347,CUST043347,TXN00043347,480.53,NOT_INITIATED,ORDER_CANCELLED,,,GW-78060765
REF00002677,ORD0043376,CUST043376,TXN00043376,1489.4,NOT_INITIATED,RETURN,,,GW-98528973
REF00002678,ORD0043382,CUST043382,TXN00043382,2049.36,NOT_INITIATED,ORDER_CANCELLED,,,GW-58914655
REF00002679,ORD0043393,CUST043393,TXN00043393,244.33,NOT_INITIATED,RETURN,,,GW-90885844
REF00002680,ORD0043423,CUST043423,TXN00043423,1692.63,NOT_INITIATED,ORDER_CANCELLED,,,GW-62687500
REF00002681,ORD0043431,CUST043431,TXN00043431,1120.85,NOT_INITIATED,ORDER_CANCELLED,,,GW-79232533
REF00002682,ORD0043468,CUST043468,TXN00043468,443.0,NOT_INITIATED,RETURN,,,GW-42625917
REF00002683,ORD0043472,CUST043472,TXN00043472,476.95,NOT_INITIATED,RETURN,,,GW-12986716
REF00002684,ORD0043478,CUST043478,TXN00043478,221.86,NOT_INITIATED,ORDER_CANCELLED,,,GW-75523881
REF00002685,ORD0043484,CUST043484,TXN00043484,1233.26,NOT_INITIATED,RETURN,,,GW-99183312
REF00002686,ORD0043493,CUST043493,TXN00043493,631.88,NOT_INITIATED,ORDER_CANCELLED,,,GW-91995143
REF00002687,ORD0043531,CUST043531,TXN00043531,759.34,NOT_INITIATED,ORDER_CANCELLED,,,GW-96962195
REF00002688,ORD0043537,CUST043537,TXN00043537,959.68,NOT_INITIATED,ORDER_CANCELLED,,,GW-39514817
REF00002689,ORD0043558,CUST043558,TXN00043558,718.95,NOT_INITIATED,RETURN,,,GW-90151870
REF00002690,ORD0043567,CUST043567,TXN00043567,1168.22,NOT_INITIATED,RETURN,,,GW-94516856
REF00002691,ORD0043602,CUST043602,TXN00043602,297.14,NOT_INITIATED,RETURN,,,GW-18743268
REF00002692,ORD0043624,CUST043624,TXN00043624,336.99,NOT_INITIATED,RETURN,,,GW-55062468
REF00002693,ORD0043628,CUST043628,TXN00043628,515.68,NOT_INITIATED,ORDER_CANCELLED,,,GW-57777576
REF00002694,ORD0043632,CUST043632,TXN00043632,769.88,NOT_INITIATED,ORDER_CANCELLED,,,GW-40831584
REF00002695,ORD0043641,CUST043641,TXN00043641,85.76,NOT_INITIATED,ORDER_CANCELLED,,,GW-80640074
REF00002696,ORD0043672,CUST043672,TXN00043672,2694.36,NOT_INITIATED,ORDER_CANCELLED,,,GW-67791618
REF00002697,ORD0043721,CUST043721,TXN00043721,646.62,NOT_INITIATED,RETURN,,,GW-98082697
REF00002698,ORD0043723,CUST043723,TXN00043723,2504.08,NOT_INITIATED,ORDER_CANCELLED,,,GW-39454858
REF00002699,ORD0043738,CUST043738,TXN00043738,1182.21,NOT_INITIATED,ORDER_CANCELLED,,,GW-55640587
REF00002700,ORD0043750,CUST043750,TXN00043750,96.16,NOT_INITIATED,ORDER_CANCELLED,,,GW-83555371
REF00002701,ORD0043752,CUST043752,TXN00043752,464.57,NOT_INITIATED,ORDER_CANCELLED,,,GW-68986024
REF00002702,ORD0043777,CUST043777,TXN00043777,631.67,NOT_INITIATED,ORDER_CANCELLED,,,GW-63337440
REF00002703,ORD0043778,CUST043778,TXN00043778,142.1,NOT_INITIATED,ORDER_CANCELLED,,,GW-21584149
REF00002704,ORD0043796,CUST043796,TXN00043796,1107.9,NOT_INITIATED,RETURN,,,GW-82993692
REF00002705,ORD0043830,CUST043830,TXN00043830,782.37,NOT_INITIATED,RETURN,,,GW-47660395
REF00002706,ORD0043892,CUST043892,TXN00043892,1277.64,NOT_INITIATED,RETURN,,,GW-87748788
REF00002707,ORD0043908,CUST043908,TXN00043908,1551.42,NOT_INITIATED,RETURN,,,GW-44111992
REF00002708,ORD0043913,CUST043913,TXN00043913,1346.26,NOT_INITIATED,RETURN,,,GW-80674265
REF00002709,ORD0043930,CUST043930,TXN00043930,218.79,NOT_INITIATED,RETURN,,,GW-12302955
REF00002710,ORD0043943,CUST043943,TXN00043943,47.52,NOT_INITIATED,ORDER_CANCELLED,,,GW-59768691
REF00002711,ORD0043953,CUST043953,TXN00043953,3181.17,NOT_INITIATED,ORDER_CANCELLED,,,GW-53109472
REF00002712,ORD0043959,CUST043959,TXN00043959,1610.11,NOT_INITIATED,RETURN,,,GW-36502557
REF00002713,ORD0043979,CUST043979,TXN00043979,1750.45,NOT_INITIATED,ORDER_CANCELLED,,,GW-24030237
REF00002714,ORD0044002,CUST044002,TXN00044002,47.14,NOT_INITIATED,ORDER_CANCELLED,,,GW-99088530
REF00002715,ORD0044036,CUST044036,TXN00044036,1076.41,NOT_INITIATED,RETURN,,,GW-29928407
REF00002716,ORD0044037,CUST044037,TXN00044037,173.26,NOT_INITIATED,RETURN,,,GW-53562866
REF00002717,ORD0044090,CUST044090,TXN00044090,2169.33,NOT_INITIATED,RETURN,,,GW-96674844
REF00002718,ORD0044099,CUST044099,TXN00044099,255.74,NOT_INITIATED,ORDER_CANCELLED,,,GW-57791257
REF00002719,ORD0044116,CUST044116,TXN00044116,1084.73,NOT_INITIATED,RETURN,,,GW-90525197
REF00002720,ORD0044144,CUST044144,TXN00044144,262.05,NOT_INITIATED,ORDER_CANCELLED,,,GW-24780314
REF00002721,ORD0044160,CUST044160,TXN00044160,186.54,NOT_INITIATED,ORDER_CANCELLED,,,GW-68885507
REF00002722,ORD0044163,CUST044163,TXN00044163,585.98,NOT_INITIATED,RETURN,,,GW-72765846
REF00002723,ORD0044168,CUST044168,TXN00044168,3374.42,NOT_INITIATED,RETURN,,,GW-34446676
REF00002724,ORD0044211,CUST044211,TXN00044211,728.68,NOT_INITIATED,ORDER_CANCELLED,,,GW-81394586
REF00002725,ORD0044225,CUST044225,TXN00044225,102.01,NOT_INITIATED,RETURN,,,GW-78309032
REF00002726,ORD0044244,CUST044244,TXN00044244,180.11,NOT_INITIATED,RETURN,,,GW-85496826
REF00002727,ORD0044248,CUST044248,TXN00044248,583.7,NOT_INITIATED,RETURN,,,GW-91688332
REF00002728,ORD0044265,CUST044265,TXN00044265,759.87,NOT_INITIATED,RETURN,,,GW-14860099
REF00002729,ORD0044268,CUST044268,TXN00044268,233.25,NOT_INITIATED,ORDER_CANCELLED,,,GW-20222708
REF00002730,ORD0044283,CUST044283,TXN00044283,424.19,NOT_INITIATED,ORDER_CANCELLED,,,GW-69774099
REF00002731,ORD0044292,CUST044292,TXN00044292,266.81,NOT_INITIATED,RETURN,,,GW-15545438
REF00002732,ORD0044299,CUST044299,TXN00044299,799.79,NOT_INITIATED,ORDER_CANCELLED,,,GW-45649855
REF00002733,ORD0044319,CUST044319,TXN00044319,262.9,NOT_INITIATED,ORDER_CANCELLED,,,GW-50059531
REF00002734,ORD0044322,CUST044322,TXN00044322,1827.99,NOT_INITIATED,RETURN,,,GW-30021015
REF00002735,ORD0044326,CUST044326,TXN00044326,2009.61,NOT_INITIATED,RETURN,,,GW-24690748
REF00002736,ORD0044329,CUST044329,TXN00044329,485.26,NOT_INITIATED,RETURN,,,GW-21821552
REF00002737,ORD0044332,CUST044332,TXN00044332,370.21,NOT_INITIATED,RETURN,,,GW-11055462
REF00002738,ORD0044343,CUST044343,TXN00044343,1219.45,NOT_INITIATED,ORDER_CANCELLED,,,GW-40243752
REF00002739,ORD0044369,CUST044369,TXN00044369,615.42,NOT_INITIATED,RETURN,,,GW-85197444
REF00002740,ORD0044380,CUST044380,TXN00044380,264.44,NOT_INITIATED,ORDER_CANCELLED,,,GW-71285294
REF00002741,ORD0044405,CUST044405,TXN00044405,948.71,NOT_INITIATED,RETURN,,,GW-37695561
REF00002742,ORD0044406,CUST044406,TXN00044406,3132.63,NOT_INITIATED,ORDER_CANCELLED,,,GW-66267422
REF00002743,ORD0044423,CUST044423,TXN00044423,2082.12,NOT_INITIATED,RETURN,,,GW-21521766
REF00002744,ORD0044430,CUST044430,TXN00044430,460.97,NOT_INITIATED,RETURN,,,GW-94936489
REF00002745,ORD0044432,CUST044432,TXN00044432,914.45,NOT_INITIATED,ORDER_CANCELLED,,,GW-64082474
REF00002746,ORD0044484,CUST044484,TXN00044484,1499.51,NOT_INITIATED,RETURN,,,GW-78835519
REF00002747,ORD0044493,CUST044493,TXN00044493,571.6,NOT_INITIATED,ORDER_CANCELLED,,,GW-11568868
REF00002748,ORD0044498,CUST044498,TXN00044498,352.13,NOT_INITIATED,RETURN,,,GW-35807533
REF00002749,ORD0044502,CUST044502,TXN00044502,1148.28,NOT_INITIATED,ORDER_CANCELLED,,,GW-15967711
REF00002750,ORD0044524,CUST044524,TXN00044524,991.1,NOT_INITIATED,ORDER_CANCELLED,,,GW-41299731
REF00002751,ORD0044567,CUST044567,TXN00044567,1191.28,NOT_INITIATED,RETURN,,,GW-51259587
REF00002752,ORD0044581,CUST044581,TXN00044581,989.69,NOT_INITIATED,ORDER_CANCELLED,,,GW-10509710
REF00002753,ORD0044586,CUST044586,TXN00044586,350.0,NOT_INITIATED,ORDER_CANCELLED,,,GW-31628349
REF00002754,ORD0044613,CUST044613,TXN00044613,645.33,NOT_INITIATED,ORDER_CANCELLED,,,GW-19451050
REF00002755,ORD0044615,CUST044615,TXN00044615,581.29,NOT_INITIATED,ORDER_CANCELLED,,,GW-66888327
REF00002756,ORD0044633,CUST044633,TXN00044633,2350.32,NOT_INITIATED,ORDER_CANCELLED,,,GW-32974118
REF00002757,ORD0044637,CUST044637,TXN00044637,1685.1,NOT_INITIATED,ORDER_CANCELLED,,,GW-24815473
REF00002758,ORD0044641,CUST044641,TXN00044641,98.27,NOT_INITIATED,ORDER_CANCELLED,,,GW-34185853
REF00002759,ORD0044664,CUST044664,TXN00044664,2365.08,NOT_INITIATED,RETURN,,,GW-97554303
REF00002760,ORD0044674,CUST044674,TXN00044674,1913.42,NOT_INITIATED,ORDER_CANCELLED,,,GW-47515002
REF00002761,ORD0044689,CUST044689,TXN00044689,2572.98,NOT_INITIATED,ORDER_CANCELLED,,,GW-45287847
REF00002762,ORD0044697,CUST044697,TXN00044697,1029.32,NOT_INITIATED,ORDER_CANCELLED,,,GW-42400649
REF00002763,ORD0044708,CUST044708,TXN00044708,2554.52,NOT_INITIATED,ORDER_CANCELLED,,,GW-16644725
REF00002764,ORD0044716,CUST044716,TXN00044716,270.66,NOT_INITIATED,RETURN,,,GW-96014242
REF00002765,ORD0044741,CUST044741,TXN00044741,532.87,NOT_INITIATED,RETURN,,,GW-53795093
REF00002766,ORD0044749,CUST044749,TXN00044749,177.14,NOT_INITIATED,RETURN,,,GW-32808050
REF00002767,ORD0044772,CUST044772,TXN00044772,441.76,NOT_INITIATED,ORDER_CANCELLED,,,GW-81882942
REF00002768,ORD0044794,CUST044794,TXN00044794,461.17,NOT_INITIATED,ORDER_CANCELLED,,,GW-80427472
REF00002769,ORD0044825,CUST044825,TXN00044825,2923.48,NOT_INITIATED,ORDER_CANCELLED,,,GW-95584094
REF00002770,ORD0044832,CUST044832,TXN00044832,203.84,NOT_INITIATED,RETURN,,,GW-30380336
REF00002771,ORD0044846,CUST044846,TXN00044846,1737.85,NOT_INITIATED,ORDER_CANCELLED,,,GW-29491183
REF00002772,ORD0044858,CUST044858,TXN00044858,435.02,NOT_INITIATED,ORDER_CANCELLED,,,GW-50530050
REF00002773,ORD0044914,CUST044914,TXN00044914,1507.99,NOT_INITIATED,ORDER_CANCELLED,,,GW-91364429
REF00002774,ORD0044916,CUST044916,TXN00044916,1585.72,NOT_INITIATED,RETURN,,,GW-96444052
REF00002775,ORD0044922,CUST044922,TXN00044922,147.63,NOT_INITIATED,RETURN,,,GW-12491113
REF00002776,ORD0044924,CUST044924,TXN00044924,1210.26,NOT_INITIATED,RETURN,,,GW-53651865
REF00002777,ORD0044925,CUST044925,TXN00044925,668.66,NOT_INITIATED,ORDER_CANCELLED,,,GW-17282332
REF00002778,ORD0044941,CUST044941,TXN00044941,1228.83,NOT_INITIATED,RETURN,,,GW-54208792
REF00002779,ORD0044948,CUST044948,TXN00044948,552.23,NOT_INITIATED,ORDER_CANCELLED,,,GW-18052317
REF00002780,ORD0044985,CUST044985,TXN00044985,20.85,NOT_INITIATED,RETURN,,,GW-88293668
REF00002781,ORD0044990,CUST044990,TXN00044990,288.59,NOT_INITIATED,ORDER_CANCELLED,,,GW-57348323
REF00002782,ORD0044995,CUST044995,TXN00044995,718.11,NOT_INITIATED,ORDER_CANCELLED,,,GW-17460817
REF00002783,ORD0044999,CUST044999,TXN00044999,1583.34,NOT_INITIATED,RETURN,,,GW-95633615
REF00002784,ORD0045001,CUST045001,TXN00045001,564.65,NOT_INITIATED,ORDER_CANCELLED,,,GW-38806223
REF00002785,ORD0045011,CUST045011,TXN00045011,886.0,NOT_INITIATED,ORDER_CANCELLED,,,GW-53439169
REF00002786,ORD0045040,CUST045040,TXN00045040,214.6,NOT_INITIATED,RETURN,,,GW-52639359
REF00002787,ORD0045043,CUST045043,TXN00045043,708.42,NOT_INITIATED,ORDER_CANCELLED,,,GW-25315022
REF00002788,ORD0045055,CUST045055,TXN00045055,1007.98,NOT_INITIATED,ORDER_CANCELLED,,,GW-56855394
REF00002789,ORD0045068,CUST045068,TXN00045068,1483.06,NOT_INITIATED,RETURN,,,GW-13512896
REF00002790,ORD0045073,CUST045073,TXN00045073,281.52,NOT_INITIATED,ORDER_CANCELLED,,,GW-35242973
REF00002791,ORD0045102,CUST045102,TXN00045102,376.54,NOT_INITIATED,ORDER_CANCELLED,,,GW-11938849
REF00002792,ORD0045104,CUST045104,TXN00045104,1070.89,NOT_INITIATED,RETURN,,,GW-93322782
REF00002793,ORD0045159,CUST045159,TXN00045159,445.86,NOT_INITIATED,RETURN,,,GW-31180599
REF00002794,ORD0045169,CUST045169,TXN00045169,606.11,NOT_INITIATED,RETURN,,,GW-77780123
REF00002795,ORD0045176,CUST045176,TXN00045176,701.44,NOT_INITIATED,RETURN,,,GW-56607780
REF00002796,ORD0045223,CUST045223,TXN00045223,1488.16,NOT_INITIATED,RETURN,,,GW-18949833
REF00002797,ORD0045231,CUST045231,TXN00045231,433.47,NOT_INITIATED,RETURN,,,GW-13249209
REF00002798,ORD0045244,CUST045244,TXN00045244,1054.58,NOT_INITIATED,RETURN,,,GW-82538492
REF00002799,ORD0045257,CUST045257,TXN00045257,429.63,NOT_INITIATED,ORDER_CANCELLED,,,GW-85398854
REF00002800,ORD0045278,CUST045278,TXN00045278,2075.54,NOT_INITIATED,ORDER_CANCELLED,,,GW-54146570
REF00002801,ORD0045284,CUST045284,TXN00045284,1481.88,NOT_INITIATED,ORDER_CANCELLED,,,GW-19971992
REF00002802,ORD0045291,CUST045291,TXN00045291,521.67,NOT_INITIATED,ORDER_CANCELLED,,,GW-62143901
REF00002803,ORD0045293,CUST045293,TXN00045293,595.85,NOT_INITIATED,ORDER_CANCELLED,,,GW-68404587
REF00002804,ORD0045306,CUST045306,TXN00045306,596.94,NOT_INITIATED,RETURN,,,GW-88798418
REF00002805,ORD0045321,CUST045321,TXN00045321,1924.31,NOT_INITIATED,RETURN,,,GW-91035822
REF00002806,ORD0045366,CUST045366,TXN00045366,2293.23,NOT_INITIATED,ORDER_CANCELLED,,,GW-22721504
REF00002807,ORD0045370,CUST045370,TXN00045370,730.65,NOT_INITIATED,ORDER_CANCELLED,,,GW-11531180
REF00002808,ORD0045371,CUST045371,TXN00045371,736.6,NOT_INITIATED,ORDER_CANCELLED,,,GW-81230936
REF00002809,ORD0045394,CUST045394,TXN00045394,1358.61,NOT_INITIATED,ORDER_CANCELLED,,,GW-46405998
REF00002810,ORD0045402,CUST045402,TXN00045402,1994.77,NOT_INITIATED,ORDER_CANCELLED,,,GW-56329790
REF00002811,ORD0045404,CUST045404,TXN00045404,792.57,NOT_INITIATED,RETURN,,,GW-83587121
REF00002812,ORD0045438,CUST045438,TXN00045438,240.79,NOT_INITIATED,ORDER_CANCELLED,,,GW-79825822
REF00002813,ORD0045480,CUST045480,TXN00045480,334.84,NOT_INITIATED,ORDER_CANCELLED,,,GW-20581509
REF00002814,ORD0045483,CUST045483,TXN00045483,196.79,NOT_INITIATED,ORDER_CANCELLED,,,GW-49906211
REF00002815,ORD0045507,CUST045507,TXN00045507,1258.7,NOT_INITIATED,ORDER_CANCELLED,,,GW-97084195
REF00002816,ORD0045545,CUST045545,TXN00045545,2030.37,NOT_INITIATED,ORDER_CANCELLED,,,GW-56657749
REF00002817,ORD0045569,CUST045569,TXN00045569,691.6,NOT_INITIATED,RETURN,,,GW-13732507
REF00002818,ORD0045599,CUST045599,TXN00045599,2406.61,NOT_INITIATED,ORDER_CANCELLED,,,GW-37964976
REF00002819,ORD0045618,CUST045618,TXN00045618,1096.84,NOT_INITIATED,ORDER_CANCELLED,,,GW-47804070
REF00002820,ORD0045631,CUST045631,TXN00045631,186.99,NOT_INITIATED,RETURN,,,GW-81864022
REF00002821,ORD0045635,CUST045635,TXN00045635,527.82,NOT_INITIATED,ORDER_CANCELLED,,,GW-59772139
REF00002822,ORD0045655,CUST045655,TXN00045655,464.7,NOT_INITIATED,RETURN,,,GW-58134434
REF00002823,ORD0045682,CUST045682,TXN00045682,357.87,NOT_INITIATED,ORDER_CANCELLED,,,GW-25786050
REF00002824,ORD0045684,CUST045684,TXN00045684,305.82,NOT_INITIATED,RETURN,,,GW-67633971
REF00002825,ORD0045691,CUST045691,TXN00045691,2650.57,NOT_INITIATED,ORDER_CANCELLED,,,GW-74913693
REF00002826,ORD0045705,CUST045705,TXN00045705,1185.5,NOT_INITIATED,RETURN,,,GW-86968366
REF00002827,ORD0045740,CUST045740,TXN00045740,469.75,NOT_INITIATED,RETURN,,,GW-31897239
REF00002828,ORD0045766,CUST045766,TXN00045766,1530.05,NOT_INITIATED,RETURN,,,GW-14251204
REF00002829,ORD0045782,CUST045782,TXN00045782,512.73,NOT_INITIATED,RETURN,,,GW-50601914
REF00002830,ORD0045786,CUST045786,TXN00045786,2333.43,NOT_INITIATED,ORDER_CANCELLED,,,GW-13892442
REF00002831,ORD0045790,CUST045790,TXN00045790,118.53,NOT_INITIATED,RETURN,,,GW-49900687
REF00002832,ORD0045824,CUST045824,TXN00045824,1018.01,NOT_INITIATED,ORDER_CANCELLED,,,GW-80480396
REF00002833,ORD0045829,CUST045829,TXN00045829,1229.93,NOT_INITIATED,RETURN,,,GW-90824145
REF00002834,ORD0045859,CUST045859,TXN00045859,2250.72,NOT_INITIATED,RETURN,,,GW-10305267
REF00002835,ORD0045862,CUST045862,TXN00045862,616.27,NOT_INITIATED,RETURN,,,GW-55570458
REF00002836,ORD0045867,CUST045867,TXN00045867,20.0,NOT_INITIATED,ORDER_CANCELLED,,,GW-97564394
REF00002837,ORD0045886,CUST045886,TXN00045886,26.52,NOT_INITIATED,ORDER_CANCELLED,,,GW-74496478
REF00002838,ORD0045895,CUST045895,TXN00045895,747.09,NOT_INITIATED,ORDER_CANCELLED,,,GW-54495188
REF00002839,ORD0045956,CUST045956,TXN00045956,1118.12,NOT_INITIATED,ORDER_CANCELLED,,,GW-34761394
REF00002840,ORD0045967,CUST045967,TXN00045967,58.91,NOT_INITIATED,RETURN,,,GW-35526497
REF00002841,ORD0045968,CUST045968,TXN00045968,2734.84,NOT_INITIATED,RETURN,,,GW-34791023
REF00002842,ORD0045973,CUST045973,TXN00045973,1091.03,NOT_INITIATED,RETURN,,,GW-84310689
REF00002843,ORD0045977,CUST045977,TXN00045977,976.26,NOT_INITIATED,ORDER_CANCELLED,,,GW-56265449
REF00002844,ORD0045979,CUST045979,TXN00045979,1625.65,NOT_INITIATED,ORDER_CANCELLED,,,GW-74905809
REF00002845,ORD0045988,CUST045988,TXN00045988,455.97,NOT_INITIATED,ORDER_CANCELLED,,,GW-72919092
REF00002846,ORD0046005,CUST046005,TXN00046005,358.37,NOT_INITIATED,RETURN,,,GW-25449716
REF00002847,ORD0046011,CUST046011,TXN00046011,1864.29,NOT_INITIATED,RETURN,,,GW-64879136
REF00002848,ORD0046036,CUST046036,TXN00046036,271.05,NOT_INITIATED,RETURN,,,GW-79377367
REF00002849,ORD0046044,CUST046044,TXN00046044,685.09,NOT_INITIATED,RETURN,,,GW-67616099
REF00002850,ORD0046052,CUST046052,TXN00046052,1795.06,NOT_INITIATED,ORDER_CANCELLED,,,GW-77809099
REF00002851,ORD0046073,CUST046073,TXN00046073,437.78,NOT_INITIATED,RETURN,,,GW-39928100
REF00002852,ORD0046075,CUST046075,TXN00046075,731.1,NOT_INITIATED,ORDER_CANCELLED,,,GW-74171756
REF00002853,ORD0046113,CUST046113,TXN00046113,2227.49,NOT_INITIATED,RETURN,,,GW-31192457
REF00002854,ORD0046117,CUST046117,TXN00046117,28.7,NOT_INITIATED,ORDER_CANCELLED,,,GW-36876981
REF00002855,ORD0046127,CUST046127,TXN00046127,2919.27,NOT_INITIATED,ORDER_CANCELLED,,,GW-68275986
REF00002856,ORD0046131,CUST046131,TXN00046131,538.07,NOT_INITIATED,RETURN,,,GW-50050767
REF00002857,ORD0046132,CUST046132,TXN00046132,1366.64,NOT_INITIATED,ORDER_CANCELLED,,,GW-98836831
REF00002858,ORD0046136,CUST046136,TXN00046136,281.5,NOT_INITIATED,ORDER_CANCELLED,,,GW-49970551
REF00002859,ORD0046194,CUST046194,TXN00046194,1347.54,NOT_INITIATED,RETURN,,,GW-56508312
REF00002860,ORD0046195,CUST046195,TXN00046195,884.42,NOT_INITIATED,RETURN,,,GW-33781107
REF00002861,ORD0046205,CUST046205,TXN00046205,151.48,NOT_INITIATED,RETURN,,,GW-20001778
REF00002862,ORD0046212,CUST046212,TXN00046212,260.81,NOT_INITIATED,ORDER_CANCELLED,,,GW-57359550
REF00002863,ORD0046235,CUST046235,TXN00046235,194.96,NOT_INITIATED,RETURN,,,GW-53298486
REF00002864,ORD0046256,CUST046256,TXN00046256,1379.34,NOT_INITIATED,RETURN,,,GW-58406725
REF00002865,ORD0046265,CUST046265,TXN00046265,598.43,NOT_INITIATED,RETURN,,,GW-72611747
REF00002866,ORD0046272,CUST046272,TXN00046272,1560.11,NOT_INITIATED,RETURN,,,GW-95877702
REF00002867,ORD0046286,CUST046286,TXN00046286,296.6,NOT_INITIATED,ORDER_CANCELLED,,,GW-90427406
REF00002868,ORD0046295,CUST046295,TXN00046295,853.44,NOT_INITIATED,RETURN,,,GW-40320058
REF00002869,ORD0046302,CUST046302,TXN00046302,1019.89,NOT_INITIATED,ORDER_CANCELLED,,,GW-62700915
REF00002870,ORD0046305,CUST046305,TXN00046305,108.9,NOT_INITIATED,ORDER_CANCELLED,,,GW-64819517
REF00002871,ORD0046306,CUST046306,TXN00046306,876.61,NOT_INITIATED,ORDER_CANCELLED,,,GW-57742390
REF00002872,ORD0046314,CUST046314,TXN00046314,145.95,NOT_INITIATED,RETURN,,,GW-85793082
REF00002873,ORD0046318,CUST046318,TXN00046318,1182.58,NOT_INITIATED,RETURN,,,GW-46761242
REF00002874,ORD0046328,CUST046328,TXN00046328,378.18,NOT_INITIATED,RETURN,,,GW-53322736
REF00002875,ORD0046361,CUST046361,TXN00046361,495.84,NOT_INITIATED,RETURN,,,GW-48423297
REF00002876,ORD0046367,CUST046367,TXN00046367,1619.75,NOT_INITIATED,RETURN,,,GW-91898304
REF00002877,ORD0046370,CUST046370,TXN00046370,452.59,NOT_INITIATED,ORDER_CANCELLED,,,GW-80324117
REF00002878,ORD0046376,CUST046376,TXN00046376,2098.02,NOT_INITIATED,RETURN,,,GW-44353662
REF00002879,ORD0046386,CUST046386,TXN00046386,2019.15,NOT_INITIATED,ORDER_CANCELLED,,,GW-61681456
REF00002880,ORD0046398,CUST046398,TXN00046398,2047.93,NOT_INITIATED,ORDER_CANCELLED,,,GW-45788370
REF00002881,ORD0046403,CUST046403,TXN00046403,307.06,NOT_INITIATED,RETURN,,,GW-94656160
REF00002882,ORD0046404,CUST046404,TXN00046404,975.33,NOT_INITIATED,ORDER_CANCELLED,,,GW-66416337
REF00002883,ORD0046429,CUST046429,TXN00046429,1283.16,NOT_INITIATED,RETURN,,,GW-22501398
REF00002884,ORD0046433,CUST046433,TXN00046433,992.25,NOT_INITIATED,ORDER_CANCELLED,,,GW-18654366
REF00002885,ORD0046436,CUST046436,TXN00046436,142.52,NOT_INITIATED,ORDER_CANCELLED,,,GW-80156119
REF00002886,ORD0046445,CUST046445,TXN00046445,663.28,NOT_INITIATED,ORDER_CANCELLED,,,GW-93712549
REF00002887,ORD0046450,CUST046450,TXN00046450,1594.82,NOT_INITIATED,RETURN,,,GW-23480050
REF00002888,ORD0046474,CUST046474,TXN00046474,102.45,NOT_INITIATED,ORDER_CANCELLED,,,GW-62711682
REF00002889,ORD0046489,CUST046489,TXN00046489,468.25,NOT_INITIATED,RETURN,,,GW-50521894
REF00002890,ORD0046511,CUST046511,TXN00046511,1057.91,NOT_INITIATED,RETURN,,,GW-47249498
REF00002891,ORD0046518,CUST046518,TXN00046518,28.47,NOT_INITIATED,ORDER_CANCELLED,,,GW-53856058
REF00002892,ORD0046521,CUST046521,TXN00046521,1022.26,NOT_INITIATED,ORDER_CANCELLED,,,GW-86452816
REF00002893,ORD0046542,CUST046542,TXN00046542,1879.96,NOT_INITIATED,RETURN,,,GW-19662095
REF00002894,ORD0046555,CUST046555,TXN00046555,1052.8,NOT_INITIATED,ORDER_CANCELLED,,,GW-45622335
REF00002895,ORD0046579,CUST046579,TXN00046579,565.55,NOT_INITIATED,ORDER_CANCELLED,,,GW-79265901
REF00002896,ORD0046585,CUST046585,TXN00046585,308.74,NOT_INITIATED,RETURN,,,GW-68641587
REF00002897,ORD0046639,CUST046639,TXN00046639,83.42,NOT_INITIATED,RETURN,,,GW-90413412
REF00002898,ORD0046640,CUST046640,TXN00046640,281.27,NOT_INITIATED,RETURN,,,GW-20776218
REF00002899,ORD0046664,CUST046664,TXN00046664,1119.24,NOT_INITIATED,ORDER_CANCELLED,,,GW-44221157
REF00002900,ORD0046666,CUST046666,TXN00046666,697.35,NOT_INITIATED,ORDER_CANCELLED,,,GW-78017123
REF00002901,ORD0046682,CUST046682,TXN00046682,455.41,NOT_INITIATED,RETURN,,,GW-77926472
REF00002902,ORD0046686,CUST046686,TXN00046686,559.89,NOT_INITIATED,RETURN,,,GW-49311771
REF00002903,ORD0046699,CUST046699,TXN00046699,633.77,NOT_INITIATED,RETURN,,,GW-28403625
REF00002904,ORD0046711,CUST046711,TXN00046711,1321.08,NOT_INITIATED,RETURN,,,GW-87305526
REF00002905,ORD0046720,CUST046720,TXN00046720,942.2,NOT_INITIATED,ORDER_CANCELLED,,,GW-25900539
REF00002906,ORD0046747,CUST046747,TXN00046747,203.21,NOT_INITIATED,RETURN,,,GW-22078213
REF00002907,ORD0046769,CUST046769,TXN00046769,957.4,NOT_INITIATED,ORDER_CANCELLED,,,GW-52630753
REF00002908,ORD0046790,CUST046790,TXN00046790,618.47,NOT_INITIATED,RETURN,,,GW-44594595
REF00002909,ORD0046793,CUST046793,TXN00046793,218.34,NOT_INITIATED,ORDER_CANCELLED,,,GW-25917670
REF00002910,ORD0046796,CUST046796,TXN00046796,73.76,NOT_INITIATED,ORDER_CANCELLED,,,GW-30285358
REF00002911,ORD0046803,CUST046803,TXN00046803,511.63,NOT_INITIATED,RETURN,,,GW-26040095
REF00002912,ORD0046804,CUST046804,TXN00046804,458.46,NOT_INITIATED,ORDER_CANCELLED,,,GW-83606889
REF00002913,ORD0046825,CUST046825,TXN00046825,424.05,NOT_INITIATED,RETURN,,,GW-19925126
REF00002914,ORD0046833,CUST046833,TXN00046833,315.86,NOT_INITIATED,ORDER_CANCELLED,,,GW-64477058
REF00002915,ORD0046840,CUST046840,TXN00046840,2609.59,NOT_INITIATED,RETURN,,,GW-89109390
REF00002916,ORD0046851,CUST046851,TXN00046851,1929.27,NOT_INITIATED,RETURN,,,GW-65426779
REF00002917,ORD0046877,CUST046877,TXN00046877,508.94,NOT_INITIATED,RETURN,,,GW-71165514
REF00002918,ORD0046890,CUST046890,TXN00046890,1883.23,NOT_INITIATED,ORDER_CANCELLED,,,GW-26731967
REF00002919,ORD0046902,CUST046902,TXN00046902,1868.5,NOT_INITIATED,ORDER_CANCELLED,,,GW-20669432
REF00002920,ORD0046927,CUST046927,TXN00046927,297.87,NOT_INITIATED,ORDER_CANCELLED,,,GW-39859233
REF00002921,ORD0046930,CUST046930,TXN00046930,1375.82,NOT_INITIATED,RETURN,,,GW-10436743
REF00002922,ORD0046938,CUST046938,TXN00046938,495.2,NOT_INITIATED,RETURN,,,GW-54364677
REF00002923,ORD0046977,CUST046977,TXN00046977,2041.14,NOT_INITIATED,ORDER_CANCELLED,,,GW-85430090
REF00002924,ORD0046980,CUST046980,TXN00046980,70.0,NOT_INITIATED,ORDER_CANCELLED,,,GW-32734715
REF00002925,ORD0046981,CUST046981,TXN00046981,234.82,NOT_INITIATED,RETURN,,,GW-31139242
REF00002926,ORD0046987,CUST046987,TXN00046987,768.72,NOT_INITIATED,RETURN,,,GW-98766442
REF00002927,ORD0047021,CUST047021,TXN00047021,704.08,NOT_INITIATED,RETURN,,,GW-93376276
REF00002928,ORD0047029,CUST047029,TXN00047029,1067.84,NOT_INITIATED,ORDER_CANCELLED,,,GW-29898494
REF00002929,ORD0047037,CUST047037,TXN00047037,401.68,NOT_INITIATED,ORDER_CANCELLED,,,GW-74039739
REF00002930,ORD0047062,CUST047062,TXN00047062,1394.34,NOT_INITIATED,ORDER_CANCELLED,,,GW-13768266
REF00002931,ORD0047078,CUST047078,TXN00047078,436.49,NOT_INITIATED,RETURN,,,GW-21276549
REF00002932,ORD0047089,CUST047089,TXN00047089,1012.42,NOT_INITIATED,RETURN,,,GW-41043199
REF00002933,ORD0047093,CUST047093,TXN00047093,1790.2,NOT_INITIATED,RETURN,,,GW-24333593
REF00002934,ORD0047107,CUST047107,TXN00047107,2185.7,NOT_INITIATED,RETURN,,,GW-21783285
REF00002935,ORD0047113,CUST047113,TXN00047113,1876.53,NOT_INITIATED,ORDER_CANCELLED,,,GW-10000792
REF00002936,ORD0047118,CUST047118,TXN00047118,431.05,NOT_INITIATED,RETURN,,,GW-65586686
REF00002937,ORD0047198,CUST047198,TXN00047198,118.92,NOT_INITIATED,ORDER_CANCELLED,,,GW-17795814
REF00002938,ORD0047206,CUST047206,TXN00047206,1154.4,NOT_INITIATED,ORDER_CANCELLED,,,GW-96243607
REF00002939,ORD0047209,CUST047209,TXN00047209,1514.92,NOT_INITIATED,ORDER_CANCELLED,,,GW-73418331
REF00002940,ORD0047215,CUST047215,TXN00047215,471.16,NOT_INITIATED,ORDER_CANCELLED,,,GW-33468715
REF00002941,ORD0047220,CUST047220,TXN00047220,493.75,NOT_INITIATED,ORDER_CANCELLED,,,GW-95056649
REF00002942,ORD0047223,CUST047223,TXN00047223,958.55,NOT_INITIATED,RETURN,,,GW-78906462
REF00002943,ORD0047246,CUST047246,TXN00047246,681.99,NOT_INITIATED,RETURN,,,GW-42078393
REF00002944,ORD0047250,CUST047250,TXN00047250,215.18,NOT_INITIATED,ORDER_CANCELLED,,,GW-90836746
REF00002945,ORD0047254,CUST047254,TXN00047254,1406.93,NOT_INITIATED,ORDER_CANCELLED,,,GW-15805156
REF00002946,ORD0047259,CUST047259,TXN00047259,1945.48,NOT_INITIATED,ORDER_CANCELLED,,,GW-42437303
REF00002947,ORD0047282,CUST047282,TXN00047282,2189.71,NOT_INITIATED,RETURN,,,GW-11605536
REF00002948,ORD0047288,CUST047288,TXN00047288,1212.78,NOT_INITIATED,ORDER_CANCELLED,,,GW-73991500
REF00002949,ORD0047292,CUST047292,TXN00047292,323.88,NOT_INITIATED,RETURN,,,GW-77864978
REF00002950,ORD0047305,CUST047305,TXN00047305,408.84,NOT_INITIATED,ORDER_CANCELLED,,,GW-94139306
REF00002951,ORD0047307,CUST047307,TXN00047307,905.81,NOT_INITIATED,RETURN,,,GW-39845233
REF00002952,ORD0047325,CUST047325,TXN00047325,405.34,NOT_INITIATED,ORDER_CANCELLED,,,GW-19609016
REF00002953,ORD0047328,CUST047328,TXN00047328,98.78,NOT_INITIATED,RETURN,,,GW-82250260
REF00002954,ORD0047340,CUST047340,TXN00047340,203.08,NOT_INITIATED,ORDER_CANCELLED,,,GW-18962557
REF00002955,ORD0047343,CUST047343,TXN00047343,1261.65,NOT_INITIATED,ORDER_CANCELLED,,,GW-53870712
REF00002956,ORD0047379,CUST047379,TXN00047379,683.72,NOT_INITIATED,ORDER_CANCELLED,,,GW-53138064
REF00002957,ORD0047384,CUST047384,TXN00047384,622.01,NOT_INITIATED,ORDER_CANCELLED,,,GW-56787724
REF00002958,ORD0047403,CUST047403,TXN00047403,31.69,NOT_INITIATED,ORDER_CANCELLED,,,GW-30221809
REF00002959,ORD0047437,CUST047437,TXN00047437,103.02,NOT_INITIATED,RETURN,,,GW-70011594
REF00002960,ORD0047477,CUST047477,TXN00047477,263.38,NOT_INITIATED,ORDER_CANCELLED,,,GW-66191205
REF00002961,ORD0047481,CUST047481,TXN00047481,570.97,NOT_INITIATED,ORDER_CANCELLED,,,GW-94346938
REF00002962,ORD0047485,CUST047485,TXN00047485,69.46,NOT_INITIATED,ORDER_CANCELLED,,,GW-31450030
REF00002963,ORD0047498,CUST047498,TXN00047498,1040.95,NOT_INITIATED,RETURN,,,GW-72321433
REF00002964,ORD0047501,CUST047501,TXN00047501,1341.77,NOT_INITIATED,RETURN,,,GW-76435568
REF00002965,ORD0047505,CUST047505,TXN00047505,525.43,NOT_INITIATED,ORDER_CANCELLED,,,GW-18246373
REF00002966,ORD0047510,CUST047510,TXN00047510,94.36,NOT_INITIATED,ORDER_CANCELLED,,,GW-83086861
REF00002967,ORD0047519,CUST047519,TXN00047519,460.99,NOT_INITIATED,RETURN,,,GW-84282786
REF00002968,ORD0047529,CUST047529,TXN00047529,393.83,NOT_INITIATED,RETURN,,,GW-31293780
REF00002969,ORD0047573,CUST047573,TXN00047573,335.06,NOT_INITIATED,RETURN,,,GW-65928088
REF00002970,ORD0047588,CUST047588,TXN00047588,490.55,NOT_INITIATED,ORDER_CANCELLED,,,GW-78449265
REF00002971,ORD0047604,CUST047604,TXN00047604,2713.66,NOT_INITIATED,ORDER_CANCELLED,,,GW-40451199
REF00002972,ORD0047619,CUST047619,TXN00047619,390.97,NOT_INITIATED,ORDER_CANCELLED,,,GW-95166436
REF00002973,ORD0047645,CUST047645,TXN00047645,1296.87,NOT_INITIATED,ORDER_CANCELLED,,,GW-92307711
REF00002974,ORD0047671,CUST047671,TXN00047671,518.46,NOT_INITIATED,ORDER_CANCELLED,,,GW-52859912
REF00002975,ORD0047696,CUST047696,TXN00047696,2318.13,NOT_INITIATED,RETURN,,,GW-62669192
REF00002976,ORD0047703,CUST047703,TXN00047703,1848.17,NOT_INITIATED,ORDER_CANCELLED,,,GW-77920964
REF00002977,ORD0047707,CUST047707,TXN00047707,1519.18,NOT_INITIATED,RETURN,,,GW-85824583
REF00002978,ORD0047749,CUST047749,TXN00047749,15.28,NOT_INITIATED,ORDER_CANCELLED,,,GW-11614622
REF00002979,ORD0047754,CUST047754,TXN00047754,1356.8,NOT_INITIATED,ORDER_CANCELLED,,,GW-71793543
REF00002980,ORD0047759,CUST047759,TXN00047759,426.43,NOT_INITIATED,RETURN,,,GW-58856985
REF00002981,ORD0047761,CUST047761,TXN00047761,1227.87,NOT_INITIATED,RETURN,,,GW-81123366
REF00002982,ORD0047776,CUST047776,TXN00047776,1610.59,NOT_INITIATED,ORDER_CANCELLED,,,GW-36716146
REF00002983,ORD0047788,CUST047788,TXN00047788,2124.16,NOT_INITIATED,ORDER_CANCELLED,,,GW-73664116
REF00002984,ORD0047796,CUST047796,TXN00047796,575.91,NOT_INITIATED,RETURN,,,GW-27124583
REF00002985,ORD0047814,CUST047814,TXN00047814,800.07,NOT_INITIATED,RETURN,,,GW-16494264
REF00002986,ORD0047840,CUST047840,TXN00047840,278.45,NOT_INITIATED,RETURN,,,GW-72617977
REF00002987,ORD0047843,CUST047843,TXN00047843,110.11,NOT_INITIATED,RETURN,,,GW-75184316
REF00002988,ORD0047883,CUST047883,TXN00047883,2264.37,NOT_INITIATED,ORDER_CANCELLED,,,GW-16015928
REF00002989,ORD0047889,CUST047889,TXN00047889,203.01,NOT_INITIATED,RETURN,,,GW-63534003
REF00002990,ORD0047927,CUST047927,TXN00047927,478.3,NOT_INITIATED,ORDER_CANCELLED,,,GW-61894742
REF00002991,ORD0047945,CUST047945,TXN00047945,275.76,NOT_INITIATED,ORDER_CANCELLED,,,GW-35118716
REF00002992,ORD0047952,CUST047952,TXN00047952,187.06,NOT_INITIATED,ORDER_CANCELLED,,,GW-11361239
REF00002993,ORD0047967,CUST047967,TXN00047967,995.94,NOT_INITIATED,RETURN,,,GW-50361913
REF00002994,ORD0047976,CUST047976,TXN00047976,355.85,NOT_INITIATED,ORDER_CANCELLED,,,GW-26010837
REF00002995,ORD0048006,CUST048006,TXN00048006,870.41,NOT_INITIATED,RETURN,,,GW-39972521
REF00002996,ORD0048053,CUST048053,TXN00048053,331.99,NOT_INITIATED,ORDER_CANCELLED,,,GW-56073469
REF00002997,ORD0048074,CUST048074,TXN00048074,171.14,NOT_INITIATED,RETURN,,,GW-40766839
REF00002998,ORD0048178,CUST048178,TXN00048178,210.93,NOT_INITIATED,ORDER_CANCELLED,,,GW-42489500
REF00002999,ORD0048194,CUST048194,TXN00048194,430.47,NOT_INITIATED,ORDER_CANCELLED,,,GW-19278430
REF00003000,ORD0048223,CUST048223,TXN00048223,1488.36,NOT_INITIATED,ORDER_CANCELLED,,,GW-28329222
REF00003001,ORD0048240,CUST048240,TXN00048240,98.65,NOT_INITIATED,ORDER_CANCELLED,,,GW-40661219
REF00003002,ORD0048243,CUST048243,TXN00048243,1131.96,NOT_INITIATED,ORDER_CANCELLED,,,GW-75484394
REF00003003,ORD0048244,CUST048244,TXN00048244,576.43,NOT_INITIATED,ORDER_CANCELLED,,,GW-66304738
REF00003004,ORD0048259,CUST048259,TXN00048259,516.11,NOT_INITIATED,ORDER_CANCELLED,,,GW-60771297
REF00003005,ORD0048262,CUST048262,TXN00048262,465.61,NOT_INITIATED,RETURN,,,GW-79427624
REF00003006,ORD0048276,CUST048276,TXN00048276,1185.77,NOT_INITIATED,RETURN,,,GW-68495165
REF00003007,ORD0048283,CUST048283,TXN00048283,691.96,NOT_INITIATED,RETURN,,,GW-88804336
REF00003008,ORD0048319,CUST048319,TXN00048319,370.18,NOT_INITIATED,RETURN,,,GW-17824582
REF00003009,ORD0048325,CUST048325,TXN00048325,554.63,NOT_INITIATED,ORDER_CANCELLED,,,GW-95712859
REF00003010,ORD0048329,CUST048329,TXN00048329,183.76,NOT_INITIATED,ORDER_CANCELLED,,,GW-54248363
REF00003011,ORD0048351,CUST048351,TXN00048351,49.79,NOT_INITIATED,RETURN,,,GW-29230531
REF00003012,ORD0048363,CUST048363,TXN00048363,623.12,NOT_INITIATED,RETURN,,,GW-32905181
REF00003013,ORD0048366,CUST048366,TXN00048366,373.66,NOT_INITIATED,RETURN,,,GW-78757241
REF00003014,ORD0048370,CUST048370,TXN00048370,576.58,NOT_INITIATED,RETURN,,,GW-10774973
REF00003015,ORD0048419,CUST048419,TXN00048419,1225.98,NOT_INITIATED,RETURN,,,GW-60064149
REF00003016,ORD0048424,CUST048424,TXN00048424,847.0,NOT_INITIATED,ORDER_CANCELLED,,,GW-50644013
REF00003017,ORD0048428,CUST048428,TXN00048428,111.12,NOT_INITIATED,ORDER_CANCELLED,,,GW-70953467
REF00003018,ORD0048435,CUST048435,TXN00048435,1160.8,NOT_INITIATED,ORDER_CANCELLED,,,GW-67402443
REF00003019,ORD0048440,CUST048440,TXN00048440,122.76,NOT_INITIATED,RETURN,,,GW-69006630
REF00003020,ORD0048460,CUST048460,TXN00048460,474.71,NOT_INITIATED,ORDER_CANCELLED,,,GW-24749327
REF00003021,ORD0048537,CUST048537,TXN00048537,2018.42,NOT_INITIATED,ORDER_CANCELLED,,,GW-38122997
REF00003022,ORD0048546,CUST048546,TXN00048546,1548.73,NOT_INITIATED,ORDER_CANCELLED,,,GW-31164267
REF00003023,ORD0048556,CUST048556,TXN00048556,477.56,NOT_INITIATED,RETURN,,,GW-94602778
REF00003024,ORD0048565,CUST048565,TXN00048565,723.51,NOT_INITIATED,RETURN,,,GW-65527105
REF00003025,ORD0048568,CUST048568,TXN00048568,497.86,NOT_INITIATED,ORDER_CANCELLED,,,GW-12726761
REF00003026,ORD0048577,CUST048577,TXN00048577,2018.91,NOT_INITIATED,RETURN,,,GW-36714345
REF00003027,ORD0048628,CUST048628,TXN00048628,762.54,NOT_INITIATED,RETURN,,,GW-24838722
REF00003028,ORD0048658,CUST048658,TXN00048658,590.85,NOT_INITIATED,RETURN,,,GW-36059871
REF00003029,ORD0048687,CUST048687,TXN00048687,874.06,NOT_INITIATED,RETURN,,,GW-76888942
REF00003030,ORD0048692,CUST048692,TXN00048692,1710.45,NOT_INITIATED,ORDER_CANCELLED,,,GW-48757401
REF00003031,ORD0048699,CUST048699,TXN00048699,1636.49,NOT_INITIATED,ORDER_CANCELLED,,,GW-39437663
REF00003032,ORD0048721,CUST048721,TXN00048721,87.95,NOT_INITIATED,ORDER_CANCELLED,,,GW-92638119
REF00003033,ORD0048727,CUST048727,TXN00048727,50.59,NOT_INITIATED,RETURN,,,GW-43207810
REF00003034,ORD0048735,CUST048735,TXN00048735,1115.19,NOT_INITIATED,RETURN,,,GW-29248968
REF00003035,ORD0048749,CUST048749,TXN00048749,791.53,NOT_INITIATED,RETURN,,,GW-82819652
REF00003036,ORD0048752,CUST048752,TXN00048752,1132.35,NOT_INITIATED,ORDER_CANCELLED,,,GW-48656224
REF00003037,ORD0048756,CUST048756,TXN00048756,588.56,NOT_INITIATED,ORDER_CANCELLED,,,GW-64454665
REF00003038,ORD0048761,CUST048761,TXN00048761,338.99,NOT_INITIATED,RETURN,,,GW-58572330
REF00003039,ORD0048772,CUST048772,TXN00048772,1989.28,NOT_INITIATED,ORDER_CANCELLED,,,GW-51602567
REF00003040,ORD0048813,CUST048813,TXN00048813,520.95,NOT_INITIATED,RETURN,,,GW-12555372
REF00003041,ORD0048814,CUST048814,TXN00048814,911.16,NOT_INITIATED,ORDER_CANCELLED,,,GW-17861572
REF00003042,ORD0048831,CUST048831,TXN00048831,264.51,NOT_INITIATED,RETURN,,,GW-87411716
REF00003043,ORD0048833,CUST048833,TXN00048833,258.87,NOT_INITIATED,RETURN,,,GW-94570345
REF00003044,ORD0048835,CUST048835,TXN00048835,312.41,NOT_INITIATED,RETURN,,,GW-25700354
REF00003045,ORD0048837,CUST048837,TXN00048837,1308.19,NOT_INITIATED,RETURN,,,GW-20412967
REF00003046,ORD0048857,CUST048857,TXN00048857,787.01,NOT_INITIATED,ORDER_CANCELLED,,,GW-98858608
REF00003047,ORD0048858,CUST048858,TXN00048858,726.76,NOT_INITIATED,ORDER_CANCELLED,,,GW-90987699
REF00003048,ORD0048861,CUST048861,TXN00048861,1084.06,NOT_INITIATED,ORDER_CANCELLED,,,GW-43577034
REF00003049,ORD0048872,CUST048872,TXN00048872,83.14,NOT_INITIATED,ORDER_CANCELLED,,,GW-38917298
REF00003050,ORD0048875,CUST048875,TXN00048875,934.93,NOT_INITIATED,ORDER_CANCELLED,,,GW-15079524
REF00003051,ORD0048885,CUST048885,TXN00048885,148.13,NOT_INITIATED,RETURN,,,GW-91288957
REF00003052,ORD0048888,CUST048888,TXN00048888,695.55,NOT_INITIATED,RETURN,,,GW-66619501
REF00003053,ORD0048894,CUST048894,TXN00048894,1607.76,NOT_INITIATED,RETURN,,,GW-91540308
REF00003054,ORD0048909,CUST048909,TXN00048909,651.1,NOT_INITIATED,RETURN,,,GW-48931386
REF00003055,ORD0048934,CUST048934,TXN00048934,805.03,NOT_INITIATED,ORDER_CANCELLED,,,GW-70227446
REF00003056,ORD0048946,CUST048946,TXN00048946,413.41,NOT_INITIATED,RETURN,,,GW-37669503
REF00003057,ORD0048973,CUST048973,TXN00048973,338.63,NOT_INITIATED,RETURN,,,GW-36831909
REF00003058,ORD0048977,CUST048977,TXN00048977,883.65,NOT_INITIATED,RETURN,,,GW-48318369
REF00003059,ORD0048993,CUST048993,TXN00048993,1054.98,NOT_INITIATED,ORDER_CANCELLED,,,GW-72789041
REF00003060,ORD0049005,CUST049005,TXN00049005,1268.84,NOT_INITIATED,ORDER_CANCELLED,,,GW-41581120
REF00003061,ORD0049013,CUST049013,TXN00049013,970.13,NOT_INITIATED,RETURN,,,GW-32803868
REF00003062,ORD0049046,CUST049046,TXN00049046,277.82,NOT_INITIATED,ORDER_CANCELLED,,,GW-97610370
REF00003063,ORD0049134,CUST049134,TXN00049134,1228.81,NOT_INITIATED,RETURN,,,GW-85250757
REF00003064,ORD0049143,CUST049143,TXN00049143,1179.96,NOT_INITIATED,RETURN,,,GW-59711612
REF00003065,ORD0049156,CUST049156,TXN00049156,556.19,NOT_INITIATED,ORDER_CANCELLED,,,GW-72756623
REF00003066,ORD0049184,CUST049184,TXN00049184,52.92,NOT_INITIATED,RETURN,,,GW-11360560
REF00003067,ORD0049197,CUST049197,TXN00049197,1555.77,NOT_INITIATED,ORDER_CANCELLED,,,GW-72761140
REF00003068,ORD0049201,CUST049201,TXN00049201,364.7,NOT_INITIATED,RETURN,,,GW-75935494
REF00003069,ORD0049212,CUST049212,TXN00049212,2261.2,NOT_INITIATED,RETURN,,,GW-83161389
REF00003070,ORD0049252,CUST049252,TXN00049252,2077.77,NOT_INITIATED,RETURN,,,GW-45710493
REF00003071,ORD0049277,CUST049277,TXN00049277,134.11,NOT_INITIATED,ORDER_CANCELLED,,,GW-62649611
REF00003072,ORD0049283,CUST049283,TXN00049283,48.44,NOT_INITIATED,RETURN,,,GW-16454028
REF00003073,ORD0049316,CUST049316,TXN00049316,263.25,NOT_INITIATED,ORDER_CANCELLED,,,GW-50620874
REF00003074,ORD0049346,CUST049346,TXN00049346,815.02,NOT_INITIATED,RETURN,,,GW-73650268
REF00003075,ORD0049369,CUST049369,TXN00049369,455.49,NOT_INITIATED,RETURN,,,GW-40343524
REF00003076,ORD0049403,CUST049403,TXN00049403,373.42,NOT_INITIATED,RETURN,,,GW-31308270
REF00003077,ORD0049458,CUST049458,TXN00049458,87.87,NOT_INITIATED,ORDER_CANCELLED,,,GW-29839961
REF00003078,ORD0049460,CUST049460,TXN00049460,360.35,NOT_INITIATED,ORDER_CANCELLED,,,GW-41893811
REF00003079,ORD0049464,CUST049464,TXN00049464,665.94,NOT_INITIATED,RETURN,,,GW-75625121
REF00003080,ORD0049477,CUST049477,TXN00049477,930.88,NOT_INITIATED,ORDER_CANCELLED,,,GW-15400858
REF00003081,ORD0049481,CUST049481,TXN00049481,1582.58,NOT_INITIATED,RETURN,,,GW-55318856
REF00003082,ORD0049517,CUST049517,TXN00049517,434.96,NOT_INITIATED,RETURN,,,GW-67127335
REF00003083,ORD0049545,CUST049545,TXN00049545,2330.5,NOT_INITIATED,ORDER_CANCELLED,,,GW-77567636
REF00003084,ORD0049549,CUST049549,TXN00049549,647.29,NOT_INITIATED,RETURN,,,GW-57585489
REF00003085,ORD0049560,CUST049560,TXN00049560,140.89,NOT_INITIATED,RETURN,,,GW-28261782
REF00003086,ORD0049574,CUST049574,TXN00049574,1203.57,NOT_INITIATED,ORDER_CANCELLED,,,GW-94938734
REF00003087,ORD0049590,CUST049590,TXN00049590,197.29,NOT_INITIATED,RETURN,,,GW-33341034
REF00003088,ORD0049591,CUST049591,TXN00049591,366.78,NOT_INITIATED,ORDER_CANCELLED,,,GW-74033066
REF00003089,ORD0049600,CUST049600,TXN00049600,90.27,NOT_INITIATED,RETURN,,,GW-60240127
REF00003090,ORD0049606,CUST049606,TXN00049606,1048.86,NOT_INITIATED,ORDER_CANCELLED,,,GW-74936627
REF00003091,ORD0049609,CUST049609,TXN00049609,926.54,NOT_INITIATED,ORDER_CANCELLED,,,GW-19029680
REF00003092,ORD0049654,CUST049654,TXN00049654,303.61,NOT_INITIATED,RETURN,,,GW-92941238
REF00003093,ORD0049663,CUST049663,TXN00049663,1695.42,NOT_INITIATED,ORDER_CANCELLED,,,GW-64793076
REF00003094,ORD0049684,CUST049684,TXN00049684,125.36,NOT_INITIATED,RETURN,,,GW-57719486
REF00003095,ORD0049691,CUST049691,TXN00049691,160.09,NOT_INITIATED,ORDER_CANCELLED,,,GW-87083994
REF00003096,ORD0049707,CUST049707,TXN00049707,781.76,NOT_INITIATED,ORDER_CANCELLED,,,GW-79978717
REF00003097,ORD0049714,CUST049714,TXN00049714,1190.99,NOT_INITIATED,RETURN,,,GW-75685607
REF00003098,ORD0049726,CUST049726,TXN00049726,1338.7,NOT_INITIATED,RETURN,,,GW-40677166
REF00003099,ORD0049745,CUST049745,TXN00049745,332.55,NOT_INITIATED,RETURN,,,GW-59870241
REF00003100,ORD0049756,CUST049756,TXN00049756,32.93,NOT_INITIATED,RETURN,,,GW-51762703
REF00003101,ORD0049767,CUST049767,TXN00049767,2142.35,NOT_INITIATED,ORDER_CANCELLED,,,GW-47624013
REF00003102,ORD0049768,CUST049768,TXN00049768,577.17,NOT_INITIATED,ORDER_CANCELLED,,,GW-84286133
REF00003103,ORD0049820,CUST049820,TXN00049820,404.73,NOT_INITIATED,ORDER_CANCELLED,,,GW-86018234
REF00003104,ORD0049822,CUST049822,TXN00049822,185.77,NOT_INITIATED,RETURN,,,GW-33918732
REF00003105,ORD0049824,CUST049824,TXN00049824,496.35,NOT_INITIATED,ORDER_CANCELLED,,,GW-66357126
REF00003106,ORD0049861,CUST049861,TXN00049861,663.04,NOT_INITIATED,RETURN,,,GW-29026995
REF00003107,ORD0049865,CUST049865,TXN00049865,212.83,NOT_INITIATED,RETURN,,,GW-41551354
REF00003108,ORD0049877,CUST049877,TXN00049877,1124.5,NOT_INITIATED,ORDER_CANCELLED,,,GW-98272975
REF00003109,ORD0049904,CUST049904,TXN00049904,1711.13,NOT_INITIATED,RETURN,,,GW-22143985
REF00003110,ORD0049907,CUST049907,TXN00049907,126.29,NOT_INITIATED,RETURN,,,GW-12768832
REF00003111,ORD0049914,CUST049914,TXN00049914,2609.94,NOT_INITIATED,ORDER_CANCELLED,,,GW-35894356
REF00003112,ORD0049927,CUST049927,TXN00049927,1236.44,NOT_INITIATED,RETURN,,,GW-64319368
REF00003113,ORD0049983,CUST049983,TXN00049983,337.19,NOT_INITIATED,ORDER_CANCELLED,,,GW-79438391
REF00003114,ORD0049984,CUST049984,TXN00049984,512.59,NOT_INITIATED,ORDER_CANCELLED,,,GW-17976400
REF00003115,ORD0049996,CUST049996,TXN00049996,419.49,NOT_INITIATED,ORDER_CANCELLED,,,GW-31035853
REF00003116,ORD0050002,CUST050002,TXN00050002,443.79,NOT_INITIATED,RETURN,,,GW-88322632
REF00003117,ORD0050014,CUST050014,TXN00050014,294.09,NOT_INITIATED,RETURN,,,GW-35372423
REF00003118,ORD0050075,CUST050075,TXN00050075,454.76,NOT_INITIATED,ORDER_CANCELLED,,,GW-25860287
REF00003119,ORD0050097,CUST050097,TXN00050097,1045.89,NOT_INITIATED,ORDER_CANCELLED,,,GW-71254284
REF00003120,ORD0050116,CUST050116,TXN00050116,2355.61,NOT_INITIATED,RETURN,,,GW-80137017
REF00003121,ORD0050134,CUST050134,TXN00050134,1284.93,NOT_INITIATED,ORDER_CANCELLED,,,GW-89969544
REF00003122,ORD0050136,CUST050136,TXN00050136,1629.47,NOT_INITIATED,ORDER_CANCELLED,,,GW-31572898
REF00003123,ORD0050178,CUST050178,TXN00050178,1426.21,NOT_INITIATED,RETURN,,,GW-79588037
REF00003124,ORD0050185,CUST050185,TXN00050185,213.17,NOT_INITIATED,RETURN,,,GW-32457374
REF00003125,ORD0050209,CUST050209,TXN00050209,762.83,NOT_INITIATED,ORDER_CANCELLED,,,GW-38696420
REF00003126,ORD0050235,CUST050235,TXN00050235,601.45,NOT_INITIATED,RETURN,,,GW-97431472
REF00003127,ORD0050245,CUST050245,TXN00050245,805.81,NOT_INITIATED,ORDER_CANCELLED,,,GW-79487654
REF00003128,ORD0050273,CUST050273,TXN00050273,551.46,NOT_INITIATED,ORDER_CANCELLED,,,GW-30212901
REF00003129,ORD0050288,CUST050288,TXN00050288,539.06,NOT_INITIATED,RETURN,,,GW-21775088
REF00003130,ORD0050289,CUST050289,TXN00050289,22.54,NOT_INITIATED,RETURN,,,GW-74431619
REF00003131,ORD0050318,CUST050318,TXN00050318,837.7,NOT_INITIATED,ORDER_CANCELLED,,,GW-58187710
REF00003132,ORD0050418,CUST050418,TXN00050418,253.42,NOT_INITIATED,ORDER_CANCELLED,,,GW-26297562
REF00003133,ORD0050454,CUST050454,TXN00050454,755.67,NOT_INITIATED,RETURN,,,GW-13648948
REF00003134,ORD0050471,CUST050471,TXN00050471,512.74,NOT_INITIATED,RETURN,,,GW-19253614
REF00003135,ORD0050487,CUST050487,TXN00050487,618.09,NOT_INITIATED,ORDER_CANCELLED,,,GW-33948744
REF00003136,ORD0050489,CUST050489,TXN00050489,260.28,NOT_INITIATED,RETURN,,,GW-42477757
REF00003137,ORD0050517,CUST050517,TXN00050517,2195.05,NOT_INITIATED,ORDER_CANCELLED,,,GW-34502900
REF00003138,ORD0050524,CUST050524,TXN00050524,2503.35,NOT_INITIATED,RETURN,,,GW-31458098
REF00003139,ORD0050540,CUST050540,TXN00050540,429.7,NOT_INITIATED,ORDER_CANCELLED,,,GW-67622368
REF00003140,ORD0050557,CUST050557,TXN00050557,606.73,NOT_INITIATED,RETURN,,,GW-92354613
REF00003141,ORD0050583,CUST050583,TXN00050583,1723.63,NOT_INITIATED,RETURN,,,GW-60735885
REF00003142,ORD0050586,CUST050586,TXN00050586,1945.13,NOT_INITIATED,RETURN,,,GW-88688303
REF00003143,ORD0050589,CUST050589,TXN00050589,74.08,NOT_INITIATED,ORDER_CANCELLED,,,GW-13373721
REF00003144,ORD0050590,CUST050590,TXN00050590,2144.88,NOT_INITIATED,RETURN,,,GW-23665996
REF00003145,ORD0050595,CUST050595,TXN00050595,836.5,NOT_INITIATED,RETURN,,,GW-14617823
REF00003146,ORD0050596,CUST050596,TXN00050596,37.37,NOT_INITIATED,ORDER_CANCELLED,,,GW-49714050
REF00003147,ORD0050618,CUST050618,TXN00050618,1079.64,NOT_INITIATED,ORDER_CANCELLED,,,GW-86820422
REF00003148,ORD0050664,CUST050664,TXN00050664,84.73,NOT_INITIATED,ORDER_CANCELLED,,,GW-93702088
REF00003149,ORD0050687,CUST050687,TXN00050687,2609.44,NOT_INITIATED,ORDER_CANCELLED,,,GW-59734931
REF00003150,ORD0050733,CUST050733,TXN00050733,112.71,NOT_INITIATED,RETURN,,,GW-20966628
REF00003151,ORD0050789,CUST050789,TXN00050789,2924.05,NOT_INITIATED,RETURN,,,GW-52044428
REF00003152,ORD0050796,CUST050796,TXN00050796,831.85,NOT_INITIATED,ORDER_CANCELLED,,,GW-11417432
REF00003153,ORD0050803,CUST050803,TXN00050803,3102.37,NOT_INITIATED,RETURN,,,GW-77142267
REF00003154,ORD0050807,CUST050807,TXN00050807,325.85,NOT_INITIATED,ORDER_CANCELLED,,,GW-90391949
REF00003155,ORD0050827,CUST050827,TXN00050827,1902.59,NOT_INITIATED,RETURN,,,GW-14568609
REF00003156,ORD0050830,CUST050830,TXN00050830,37.56,NOT_INITIATED,RETURN,,,GW-40959623
REF00003157,ORD0050866,CUST050866,TXN00050866,1707.41,NOT_INITIATED,RETURN,,,GW-31745548
REF00003158,ORD0050874,CUST050874,TXN00050874,1007.25,NOT_INITIATED,RETURN,,,GW-60649652
REF00003159,ORD0050908,CUST050908,TXN00050908,262.95,NOT_INITIATED,RETURN,,,GW-46993825
REF00003160,ORD0050912,CUST050912,TXN00050912,219.53,NOT_INITIATED,RETURN,,,GW-51317909
REF00003161,ORD0050919,CUST050919,TXN00050919,453.67,NOT_INITIATED,RETURN,,,GW-40425337
REF00003162,ORD0050929,CUST050929,TXN00050929,1410.62,NOT_INITIATED,RETURN,,,GW-35446155
REF00003163,ORD0050962,CUST050962,TXN00050962,39.24,NOT_INITIATED,ORDER_CANCELLED,,,GW-11373829
REF00003164,ORD0050967,CUST050967,TXN00050967,1180.91,NOT_INITIATED,ORDER_CANCELLED,,,GW-86448832
REF00003165,ORD0050972,CUST050972,TXN00050972,224.74,NOT_INITIATED,ORDER_CANCELLED,,,GW-32504196
REF00003166,ORD0050980,CUST050980,TXN00050980,503.76,NOT_INITIATED,ORDER_CANCELLED,,,GW-58259590
REF00003167,ORD0050986,CUST050986,TXN00050986,157.92,NOT_INITIATED,RETURN,,,GW-34159170
REF00003168,ORD0050992,CUST050992,TXN00050992,616.44,NOT_INITIATED,RETURN,,,GW-84198008
REF00003169,ORD0051030,CUST051030,TXN00051030,2361.11,NOT_INITIATED,RETURN,,,GW-12474757
REF00003170,ORD0051036,CUST051036,TXN00051036,1188.79,NOT_INITIATED,RETURN,,,GW-36183460
REF00003171,ORD0051037,CUST051037,TXN00051037,2416.04,NOT_INITIATED,ORDER_CANCELLED,,,GW-86679238
REF00003172,ORD0051038,CUST051038,TXN00051038,161.16,NOT_INITIATED,ORDER_CANCELLED,,,GW-90435748
REF00003173,ORD0051057,CUST051057,TXN00051057,864.29,NOT_INITIATED,ORDER_CANCELLED,,,GW-79452221
REF00003174,ORD0051078,CUST051078,TXN00051078,1482.91,NOT_INITIATED,RETURN,,,GW-80226624
REF00003175,ORD0051082,CUST051082,TXN00051082,840.64,NOT_INITIATED,ORDER_CANCELLED,,,GW-71708307
REF00003176,ORD0051088,CUST051088,TXN00051088,1020.93,NOT_INITIATED,RETURN,,,GW-78513341
REF00003177,ORD0051092,CUST051092,TXN00051092,161.23,NOT_INITIATED,RETURN,,,GW-76943554
REF00003178,ORD0051103,CUST051103,TXN00051103,113.13,NOT_INITIATED,RETURN,,,GW-63047321
REF00003179,ORD0051106,CUST051106,TXN00051106,762.15,NOT_INITIATED,RETURN,,,GW-24170332
REF00003180,ORD0051141,CUST051141,TXN00051141,1671.26,NOT_INITIATED,RETURN,,,GW-87169468
REF00003181,ORD0051154,CUST051154,TXN00051154,1153.3,NOT_INITIATED,ORDER_CANCELLED,,,GW-16204887
REF00003182,ORD0051164,CUST051164,TXN00051164,1084.82,NOT_INITIATED,ORDER_CANCELLED,,,GW-84529947
REF00003183,ORD0051179,CUST051179,TXN00051179,587.4,NOT_INITIATED,ORDER_CANCELLED,,,GW-28563412
REF00003184,ORD0051193,CUST051193,TXN00051193,471.52,NOT_INITIATED,ORDER_CANCELLED,,,GW-50278536
REF00003185,ORD0051215,CUST051215,TXN00051215,1156.36,NOT_INITIATED,ORDER_CANCELLED,,,GW-55426635
REF00003186,ORD0051236,CUST051236,TXN00051236,2524.91,NOT_INITIATED,ORDER_CANCELLED,,,GW-27123965
REF00003187,ORD0051280,CUST051280,TXN00051280,1172.33,NOT_INITIATED,ORDER_CANCELLED,,,GW-23905984
REF00003188,ORD0051298,CUST051298,TXN00051298,501.17,NOT_INITIATED,ORDER_CANCELLED,,,GW-66877635
REF00003189,ORD0051307,CUST051307,TXN00051307,162.0,NOT_INITIATED,ORDER_CANCELLED,,,GW-17315933
REF00003190,ORD0051308,CUST051308,TXN00051308,667.05,NOT_INITIATED,RETURN,,,GW-18799780
REF00003191,ORD0051332,CUST051332,TXN00051332,869.18,NOT_INITIATED,RETURN,,,GW-78359804
REF00003192,ORD0051348,CUST051348,TXN00051348,204.23,NOT_INITIATED,ORDER_CANCELLED,,,GW-36207941
REF00003193,ORD0051349,CUST051349,TXN00051349,1577.12,NOT_INITIATED,ORDER_CANCELLED,,,GW-17836016
REF00003194,ORD0051375,CUST051375,TXN00051375,579.57,NOT_INITIATED,ORDER_CANCELLED,,,GW-83549603
REF00003195,ORD0051383,CUST051383,TXN00051383,372.31,NOT_INITIATED,ORDER_CANCELLED,,,GW-42146952
REF00003196,ORD0051385,CUST051385,TXN00051385,2065.22,NOT_INITIATED,ORDER_CANCELLED,,,GW-98095129
REF00003197,ORD0051388,CUST051388,TXN00051388,1670.24,NOT_INITIATED,RETURN,,,GW-39562553
REF00003198,ORD0051389,CUST051389,TXN00051389,438.5,NOT_INITIATED,ORDER_CANCELLED,,,GW-50759419
REF00003199,ORD0051403,CUST051403,TXN00051403,344.6,NOT_INITIATED,RETURN,,,GW-18735067
REF00003200,ORD0051408,CUST051408,TXN00051408,364.03,NOT_INITIATED,RETURN,,,GW-57260684
REF00003201,ORD0051422,CUST051422,TXN00051422,1054.59,NOT_INITIATED,RETURN,,,GW-47426747
REF00003202,ORD0051427,CUST051427,TXN00051427,1129.08,NOT_INITIATED,RETURN,,,GW-38719119
REF00003203,ORD0051452,CUST051452,TXN00051452,872.84,NOT_INITIATED,ORDER_CANCELLED,,,GW-93216976
REF00003204,ORD0051456,CUST051456,TXN00051456,1042.43,NOT_INITIATED,RETURN,,,GW-61968540
REF00003205,ORD0051479,CUST051479,TXN00051479,633.27,NOT_INITIATED,RETURN,,,GW-18688524
REF00003206,ORD0051492,CUST051492,TXN00051492,76.7,NOT_INITIATED,ORDER_CANCELLED,,,GW-10459046
REF00003207,ORD0051514,CUST051514,TXN00051514,424.88,NOT_INITIATED,ORDER_CANCELLED,,,GW-31470870
REF00003208,ORD0051529,CUST051529,TXN00051529,1142.24,NOT_INITIATED,RETURN,,,GW-40050524
REF00003209,ORD0051558,CUST051558,TXN00051558,33.71,NOT_INITIATED,ORDER_CANCELLED,,,GW-25819485
REF00003210,ORD0051568,CUST051568,TXN00051568,304.18,NOT_INITIATED,ORDER_CANCELLED,,,GW-81107573
REF00003211,ORD0051586,CUST051586,TXN00051586,1170.74,NOT_INITIATED,RETURN,,,GW-69370544
REF00003212,ORD0051594,CUST051594,TXN00051594,436.22,NOT_INITIATED,RETURN,,,GW-44957769
REF00003213,ORD0051636,CUST051636,TXN00051636,385.5,NOT_INITIATED,RETURN,,,GW-21772573
REF00003214,ORD0051638,CUST051638,TXN00051638,1403.78,NOT_INITIATED,ORDER_CANCELLED,,,GW-49968047
REF00003215,ORD0051651,CUST051651,TXN00051651,1759.72,NOT_INITIATED,RETURN,,,GW-28879703
REF00003216,ORD0051689,CUST051689,TXN00051689,2270.68,NOT_INITIATED,RETURN,,,GW-64666851
REF00003217,ORD0051707,CUST051707,TXN00051707,1378.89,NOT_INITIATED,ORDER_CANCELLED,,,GW-27751454
REF00003218,ORD0051714,CUST051714,TXN00051714,1621.46,NOT_INITIATED,RETURN,,,GW-76455611
REF00003219,ORD0051724,CUST051724,TXN00051724,1456.53,NOT_INITIATED,RETURN,,,GW-30459033
REF00003220,ORD0051754,CUST051754,TXN00051754,762.86,NOT_INITIATED,ORDER_CANCELLED,,,GW-68273722
REF00003221,ORD0051760,CUST051760,TXN00051760,741.29,NOT_INITIATED,ORDER_CANCELLED,,,GW-63408870
REF00003222,ORD0051789,CUST051789,TXN00051789,229.95,NOT_INITIATED,RETURN,,,GW-69375417
REF00003223,ORD0051792,CUST051792,TXN00051792,1442.69,NOT_INITIATED,ORDER_CANCELLED,,,GW-16876817
REF00003224,ORD0051808,CUST051808,TXN00051808,377.69,NOT_INITIATED,ORDER_CANCELLED,,,GW-39172258
REF00003225,ORD0051818,CUST051818,TXN00051818,1749.65,NOT_INITIATED,RETURN,,,GW-15392158
REF00003226,ORD0051825,CUST051825,TXN00051825,444.52,NOT_INITIATED,RETURN,,,GW-18034846
REF00003227,ORD0051857,CUST051857,TXN00051857,1197.68,NOT_INITIATED,RETURN,,,GW-76756783
REF00003228,ORD0051881,CUST051881,TXN00051881,866.01,NOT_INITIATED,ORDER_CANCELLED,,,GW-71705560
REF00003229,ORD0051882,CUST051882,TXN00051882,507.57,NOT_INITIATED,ORDER_CANCELLED,,,GW-11634654
REF00003230,ORD0051884,CUST051884,TXN00051884,191.18,NOT_INITIATED,RETURN,,,GW-95460082
REF00003231,ORD0051930,CUST051930,TXN00051930,192.81,NOT_INITIATED,RETURN,,,GW-33280820
REF00003232,ORD0051937,CUST051937,TXN00051937,650.97,NOT_INITIATED,RETURN,,,GW-85892669
REF00003233,ORD0051957,CUST051957,TXN00051957,2155.76,NOT_INITIATED,ORDER_CANCELLED,,,GW-92822393
REF00003234,ORD0051962,CUST051962,TXN00051962,1310.32,NOT_INITIATED,ORDER_CANCELLED,,,GW-49976123
REF00003235,ORD0051970,CUST051970,TXN00051970,125.53,NOT_INITIATED,ORDER_CANCELLED,,,GW-77767293
REF00003236,ORD0051986,CUST051986,TXN00051986,2443.69,NOT_INITIATED,ORDER_CANCELLED,,,GW-69476745
REF00003237,ORD0051993,CUST051993,TXN00051993,788.32,NOT_INITIATED,RETURN,,,GW-21129960
REF00003238,ORD0052003,CUST052003,TXN00052003,181.06,NOT_INITIATED,ORDER_CANCELLED,,,GW-46524080
REF00003239,ORD0052010,CUST052010,TXN00052010,77.56,NOT_INITIATED,ORDER_CANCELLED,,,GW-61983398
REF00003240,ORD0052032,CUST052032,TXN00052032,649.82,NOT_INITIATED,RETURN,,,GW-25978598
REF00003241,ORD0052039,CUST052039,TXN00052039,209.03,NOT_INITIATED,ORDER_CANCELLED,,,GW-65084259
REF00003242,ORD0052058,CUST052058,TXN00052058,504.74,NOT_INITIATED,RETURN,,,GW-22410367
REF00003243,ORD0052073,CUST052073,TXN00052073,1039.81,NOT_INITIATED,ORDER_CANCELLED,,,GW-29447949
REF00003244,ORD0052074,CUST052074,TXN00052074,76.58,NOT_INITIATED,ORDER_CANCELLED,,,GW-40314475
REF00003245,ORD0052128,CUST052128,TXN00052128,816.25,NOT_INITIATED,ORDER_CANCELLED,,,GW-16281148
REF00003246,ORD0052132,CUST052132,TXN00052132,21.52,NOT_INITIATED,ORDER_CANCELLED,,,GW-70312164
REF00003247,ORD0052137,CUST052137,TXN00052137,565.04,NOT_INITIATED,RETURN,,,GW-28653688
REF00003248,ORD0052140,CUST052140,TXN00052140,1407.46,NOT_INITIATED,ORDER_CANCELLED,,,GW-91301746
REF00003249,ORD0052146,CUST052146,TXN00052146,208.36,NOT_INITIATED,ORDER_CANCELLED,,,GW-27553855
REF00003250,ORD0052149,CUST052149,TXN00052149,924.3,NOT_INITIATED,RETURN,,,GW-93012955
REF00003251,ORD0052157,CUST052157,TXN00052157,699.51,NOT_INITIATED,ORDER_CANCELLED,,,GW-72512014
REF00003252,ORD0052189,CUST052189,TXN00052189,1306.48,NOT_INITIATED,ORDER_CANCELLED,,,GW-60642687
REF00003253,ORD0052206,CUST052206,TXN00052206,2121.58,NOT_INITIATED,RETURN,,,GW-30019228
REF00003254,ORD0052211,CUST052211,TXN00052211,525.49,NOT_INITIATED,RETURN,,,GW-69079743
REF00003255,ORD0052220,CUST052220,TXN00052220,210.53,NOT_INITIATED,ORDER_CANCELLED,,,GW-35393425
REF00003256,ORD0052251,CUST052251,TXN00052251,625.73,NOT_INITIATED,RETURN,,,GW-25357459
REF00003257,ORD0052298,CUST052298,TXN00052298,411.93,NOT_INITIATED,RETURN,,,GW-30273521
REF00003258,ORD0052301,CUST052301,TXN00052301,183.64,NOT_INITIATED,ORDER_CANCELLED,,,GW-52290956
REF00003259,ORD0052344,CUST052344,TXN00052344,1040.98,NOT_INITIATED,RETURN,,,GW-80517990
REF00003260,ORD0052347,CUST052347,TXN00052347,786.83,NOT_INITIATED,ORDER_CANCELLED,,,GW-77701282
REF00003261,ORD0052354,CUST052354,TXN00052354,107.09,NOT_INITIATED,RETURN,,,GW-78306276
REF00003262,ORD0052377,CUST052377,TXN00052377,391.87,NOT_INITIATED,ORDER_CANCELLED,,,GW-98784604
REF00003263,ORD0052396,CUST052396,TXN00052396,72.24,NOT_INITIATED,RETURN,,,GW-58911635
REF00003264,ORD0052397,CUST052397,TXN00052397,269.57,NOT_INITIATED,RETURN,,,GW-30754136
REF00003265,ORD0052400,CUST052400,TXN00052400,611.04,NOT_INITIATED,ORDER_CANCELLED,,,GW-50469875
REF00003266,ORD0052409,CUST052409,TXN00052409,1237.7,NOT_INITIATED,RETURN,,,GW-77378031
REF00003267,ORD0052412,CUST052412,TXN00052412,2209.82,NOT_INITIATED,ORDER_CANCELLED,,,GW-35610007
REF00003268,ORD0052419,CUST052419,TXN00052419,1012.44,NOT_INITIATED,RETURN,,,GW-50759581
REF00003269,ORD0052451,CUST052451,TXN00052451,798.88,NOT_INITIATED,ORDER_CANCELLED,,,GW-29223709
REF00003270,ORD0052504,CUST052504,TXN00052504,211.48,NOT_INITIATED,ORDER_CANCELLED,,,GW-81479508
REF00003271,ORD0052507,CUST052507,TXN00052507,551.13,NOT_INITIATED,ORDER_CANCELLED,,,GW-68072134
REF00003272,ORD0052552,CUST052552,TXN00052552,1702.21,NOT_INITIATED,RETURN,,,GW-60390012
REF00003273,ORD0052570,CUST052570,TXN00052570,834.81,NOT_INITIATED,RETURN,,,GW-97513041
REF00003274,ORD0052571,CUST052571,TXN00052571,119.78,NOT_INITIATED,RETURN,,,GW-13740480
REF00003275,ORD0052578,CUST052578,TXN00052578,225.95,NOT_INITIATED,ORDER_CANCELLED,,,GW-52545405
REF00003276,ORD0052621,CUST052621,TXN00052621,1334.66,NOT_INITIATED,ORDER_CANCELLED,,,GW-31277529
REF00003277,ORD0052627,CUST052627,TXN00052627,966.39,NOT_INITIATED,RETURN,,,GW-24388139
REF00003278,ORD0052629,CUST052629,TXN00052629,657.2,NOT_INITIATED,ORDER_CANCELLED,,,GW-52546966
REF00003279,ORD0052634,CUST052634,TXN00052634,1260.49,NOT_INITIATED,RETURN,,,GW-29400244
REF00003280,ORD0052642,CUST052642,TXN00052642,2411.01,NOT_INITIATED,ORDER_CANCELLED,,,GW-43941112
REF00003281,ORD0052653,CUST052653,TXN00052653,431.43,NOT_INITIATED,RETURN,,,GW-11189279
REF00003282,ORD0052679,CUST052679,TXN00052679,670.62,NOT_INITIATED,ORDER_CANCELLED,,,GW-43440053
REF00003283,ORD0052699,CUST052699,TXN00052699,278.5,NOT_INITIATED,RETURN,,,GW-73836496
REF00003284,ORD0052702,CUST052702,TXN00052702,2515.63,NOT_INITIATED,ORDER_CANCELLED,,,GW-34071024
REF00003285,ORD0052710,CUST052710,TXN00052710,283.84,NOT_INITIATED,ORDER_CANCELLED,,,GW-33122150
REF00003286,ORD0052711,CUST052711,TXN00052711,915.22,NOT_INITIATED,ORDER_CANCELLED,,,GW-99088731
REF00003287,ORD0052721,CUST052721,TXN00052721,700.37,NOT_INITIATED,RETURN,,,GW-72666599
REF00003288,ORD0052783,CUST052783,TXN00052783,1317.42,NOT_INITIATED,ORDER_CANCELLED,,,GW-90808046
REF00003289,ORD0052824,CUST052824,TXN00052824,1278.58,NOT_INITIATED,ORDER_CANCELLED,,,GW-91902953
REF00003290,ORD0052853,CUST052853,TXN00052853,1932.65,NOT_INITIATED,ORDER_CANCELLED,,,GW-91166913
REF00003291,ORD0052870,CUST052870,TXN00052870,293.23,NOT_INITIATED,ORDER_CANCELLED,,,GW-61367228
REF00003292,ORD0052914,CUST052914,TXN00052914,471.7,NOT_INITIATED,RETURN,,,GW-14387278
REF00003293,ORD0052915,CUST052915,TXN00052915,249.22,NOT_INITIATED,RETURN,,,GW-67713000
REF00003294,ORD0052940,CUST052940,TXN00052940,209.22,NOT_INITIATED,ORDER_CANCELLED,,,GW-15314877
REF00003295,ORD0052950,CUST052950,TXN00052950,859.26,NOT_INITIATED,RETURN,,,GW-11388822
REF00003296,ORD0052960,CUST052960,TXN00052960,1954.49,NOT_INITIATED,RETURN,,,GW-34124362
REF00003297,ORD0052987,CUST052987,TXN00052987,611.87,NOT_INITIATED,RETURN,,,GW-98953358
REF00003298,ORD0053000,CUST053000,TXN00053000,335.8,NOT_INITIATED,RETURN,,,GW-84953052
REF00003299,ORD0053018,CUST053018,TXN00053018,1402.39,NOT_INITIATED,ORDER_CANCELLED,,,GW-83228033
REF00003300,ORD0053076,CUST053076,TXN00053076,1159.24,NOT_INITIATED,RETURN,,,GW-40243454
REF00003301,ORD0053084,CUST053084,TXN00053084,434.71,NOT_INITIATED,ORDER_CANCELLED,,,GW-98093015
REF00003302,ORD0053091,CUST053091,TXN00053091,1031.29,NOT_INITIATED,RETURN,,,GW-84438253
REF00003303,ORD0053127,CUST053127,TXN00053127,1278.42,NOT_INITIATED,ORDER_CANCELLED,,,GW-94677773
REF00003304,ORD0053143,CUST053143,TXN00053143,1385.98,NOT_INITIATED,ORDER_CANCELLED,,,GW-50851120
REF00003305,ORD0053169,CUST053169,TXN00053169,216.23,NOT_INITIATED,RETURN,,,GW-78528393
REF00003306,ORD0053179,CUST053179,TXN00053179,449.11,NOT_INITIATED,ORDER_CANCELLED,,,GW-43915895
REF00003307,ORD0053189,CUST053189,TXN00053189,1867.3,NOT_INITIATED,ORDER_CANCELLED,,,GW-49964214
REF00003308,ORD0053191,CUST053191,TXN00053191,430.53,NOT_INITIATED,ORDER_CANCELLED,,,GW-18286742
REF00003309,ORD0053219,CUST053219,TXN00053219,657.56,NOT_INITIATED,RETURN,,,GW-15978325
REF00003310,ORD0053228,CUST053228,TXN00053228,1702.86,NOT_INITIATED,ORDER_CANCELLED,,,GW-33902860
REF00003311,ORD0053232,CUST053232,TXN00053232,1201.74,NOT_INITIATED,ORDER_CANCELLED,,,GW-69202267
REF00003312,ORD0053246,CUST053246,TXN00053246,2210.62,NOT_INITIATED,RETURN,,,GW-91286268
REF00003313,ORD0053253,CUST053253,TXN00053253,361.48,NOT_INITIATED,RETURN,,,GW-57851992
REF00003314,ORD0053266,CUST053266,TXN00053266,589.17,NOT_INITIATED,ORDER_CANCELLED,,,GW-35869476
REF00003315,ORD0053272,CUST053272,TXN00053272,510.89,NOT_INITIATED,ORDER_CANCELLED,,,GW-85380829
REF00003316,ORD0053274,CUST053274,TXN00053274,1870.16,NOT_INITIATED,RETURN,,,GW-42342806
REF00003317,ORD0053282,CUST053282,TXN00053282,35.1,NOT_INITIATED,ORDER_CANCELLED,,,GW-17656215
REF00003318,ORD0053294,CUST053294,TXN00053294,407.64,NOT_INITIATED,RETURN,,,GW-58450583
REF00003319,ORD0053312,CUST053312,TXN00053312,2286.39,NOT_INITIATED,RETURN,,,GW-25396113
REF00003320,ORD0053316,CUST053316,TXN00053316,1132.96,NOT_INITIATED,RETURN,,,GW-52893056
REF00003321,ORD0053324,CUST053324,TXN00053324,544.91,NOT_INITIATED,ORDER_CANCELLED,,,GW-54908971
REF00003322,ORD0053325,CUST053325,TXN00053325,574.5,NOT_INITIATED,ORDER_CANCELLED,,,GW-95135203
REF00003323,ORD0053349,CUST053349,TXN00053349,227.99,NOT_INITIATED,ORDER_CANCELLED,,,GW-40206879
REF00003324,ORD0053378,CUST053378,TXN00053378,701.07,NOT_INITIATED,RETURN,,,GW-82827090
REF00003325,ORD0053389,CUST053389,TXN00053389,836.88,NOT_INITIATED,RETURN,,,GW-85562717
REF00003326,ORD0053413,CUST053413,TXN00053413,954.88,NOT_INITIATED,RETURN,,,GW-17773869
REF00003327,ORD0053429,CUST053429,TXN00053429,1073.09,NOT_INITIATED,ORDER_CANCELLED,,,GW-84015094
REF00003328,ORD0053438,CUST053438,TXN00053438,2874.22,NOT_INITIATED,ORDER_CANCELLED,,,GW-68674665
REF00003329,ORD0053465,CUST053465,TXN00053465,3065.71,NOT_INITIATED,RETURN,,,GW-42754558
REF00003330,ORD0053512,CUST053512,TXN00053512,1894.42,NOT_INITIATED,RETURN,,,GW-78350262
REF00003331,ORD0053526,CUST053526,TXN00053526,1121.63,NOT_INITIATED,ORDER_CANCELLED,,,GW-88328360
REF00003332,ORD0053545,CUST053545,TXN00053545,39.02,NOT_INITIATED,ORDER_CANCELLED,,,GW-19090777
REF00003333,ORD0053567,CUST053567,TXN00053567,2218.08,NOT_INITIATED,RETURN,,,GW-58379537
REF00003334,ORD0053577,CUST053577,TXN00053577,890.22,NOT_INITIATED,ORDER_CANCELLED,,,GW-93577593
REF00003335,ORD0053589,CUST053589,TXN00053589,315.21,NOT_INITIATED,ORDER_CANCELLED,,,GW-31342483
REF00003336,ORD0053597,CUST053597,TXN00053597,1408.24,NOT_INITIATED,RETURN,,,GW-90424654
REF00003337,ORD0053599,CUST053599,TXN00053599,152.72,NOT_INITIATED,ORDER_CANCELLED,,,GW-21426712
REF00003338,ORD0053651,CUST053651,TXN00053651,685.53,NOT_INITIATED,RETURN,,,GW-98768263
REF00003339,ORD0053659,CUST053659,TXN00053659,440.17,NOT_INITIATED,RETURN,,,GW-74957924
REF00003340,ORD0053666,CUST053666,TXN00053666,1556.33,NOT_INITIATED,ORDER_CANCELLED,,,GW-16757482
REF00003341,ORD0053677,CUST053677,TXN00053677,573.79,NOT_INITIATED,RETURN,,,GW-85965309
REF00003342,ORD0053679,CUST053679,TXN00053679,334.72,NOT_INITIATED,RETURN,,,GW-17095570
REF00003343,ORD0053687,CUST053687,TXN00053687,252.6,NOT_INITIATED,ORDER_CANCELLED,,,GW-97274287
REF00003344,ORD0053689,CUST053689,TXN00053689,1729.17,NOT_INITIATED,ORDER_CANCELLED,,,GW-67150129
REF00003345,ORD0053707,CUST053707,TXN00053707,143.29,NOT_INITIATED,ORDER_CANCELLED,,,GW-68165459
REF00003346,ORD0053709,CUST053709,TXN00053709,763.72,NOT_INITIATED,RETURN,,,GW-25410028
REF00003347,ORD0053720,CUST053720,TXN00053720,2687.53,NOT_INITIATED,RETURN,,,GW-53411783
REF00003348,ORD0053724,CUST053724,TXN00053724,129.96,NOT_INITIATED,RETURN,,,GW-44845882
REF00003349,ORD0053788,CUST053788,TXN00053788,2993.72,NOT_INITIATED,RETURN,,,GW-71238041
REF00003350,ORD0053789,CUST053789,TXN00053789,412.64,NOT_INITIATED,RETURN,,,GW-17653299
REF00003351,ORD0053796,CUST053796,TXN00053796,170.16,NOT_INITIATED,RETURN,,,GW-56965312
REF00003352,ORD0053819,CUST053819,TXN00053819,1113.21,NOT_INITIATED,RETURN,,,GW-23945494
REF00003353,ORD0053827,CUST053827,TXN00053827,1634.82,NOT_INITIATED,RETURN,,,GW-12328120
REF00003354,ORD0053845,CUST053845,TXN00053845,1164.69,NOT_INITIATED,RETURN,,,GW-47071422
REF00003355,ORD0053892,CUST053892,TXN00053892,2380.65,NOT_INITIATED,ORDER_CANCELLED,,,GW-16117662
REF00003356,ORD0053896,CUST053896,TXN00053896,1539.84,NOT_INITIATED,ORDER_CANCELLED,,,GW-62355851
REF00003357,ORD0053899,CUST053899,TXN00053899,479.64,NOT_INITIATED,RETURN,,,GW-75214702
REF00003358,ORD0053941,CUST053941,TXN00053941,818.65,NOT_INITIATED,ORDER_CANCELLED,,,GW-97376525
REF00003359,ORD0053973,CUST053973,TXN00053973,474.78,NOT_INITIATED,ORDER_CANCELLED,,,GW-50866358
REF00003360,ORD0053979,CUST053979,TXN00053979,170.88,NOT_INITIATED,RETURN,,,GW-10296223
REF00003361,ORD0053997,CUST053997,TXN00053997,233.54,NOT_INITIATED,RETURN,,,GW-59283776
REF00003362,ORD0054009,CUST054009,TXN00054009,254.9,NOT_INITIATED,RETURN,,,GW-25460378
REF00003363,ORD0054016,CUST054016,TXN00054016,1138.61,NOT_INITIATED,RETURN,,,GW-18873520
REF00003364,ORD0054017,CUST054017,TXN00054017,226.14,NOT_INITIATED,RETURN,,,GW-21142012
REF00003365,ORD0054040,CUST054040,TXN00054040,984.02,NOT_INITIATED,RETURN,,,GW-75611685
REF00003366,ORD0054044,CUST054044,TXN00054044,1062.74,NOT_INITIATED,ORDER_CANCELLED,,,GW-93056185
REF00003367,ORD0054061,CUST054061,TXN00054061,1176.02,NOT_INITIATED,ORDER_CANCELLED,,,GW-84770303
REF00003368,ORD0054075,CUST054075,TXN00054075,908.85,NOT_INITIATED,ORDER_CANCELLED,,,GW-79480849
REF00003369,ORD0054080,CUST054080,TXN00054080,373.32,NOT_INITIATED,RETURN,,,GW-92302113
REF00003370,ORD0054088,CUST054088,TXN00054088,161.03,NOT_INITIATED,ORDER_CANCELLED,,,GW-38182159
REF00003371,ORD0054189,CUST054189,TXN00054189,94.92,NOT_INITIATED,RETURN,,,GW-55923387
REF00003372,ORD0054193,CUST054193,TXN00054193,1137.14,NOT_INITIATED,RETURN,,,GW-41841805
REF00003373,ORD0054223,CUST054223,TXN00054223,246.73,NOT_INITIATED,ORDER_CANCELLED,,,GW-61379995
REF00003374,ORD0054224,CUST054224,TXN00054224,549.76,NOT_INITIATED,ORDER_CANCELLED,,,GW-62651436
REF00003375,ORD0054225,CUST054225,TXN00054225,564.96,NOT_INITIATED,RETURN,,,GW-99187447
REF00003376,ORD0054234,CUST054234,TXN00054234,2435.41,NOT_INITIATED,RETURN,,,GW-57010515
REF00003377,ORD0054237,CUST054237,TXN00054237,2554.99,NOT_INITIATED,ORDER_CANCELLED,,,GW-32841096
REF00003378,ORD0054297,CUST054297,TXN00054297,840.88,NOT_INITIATED,RETURN,,,GW-70524591
REF00003379,ORD0054317,CUST054317,TXN00054317,535.35,NOT_INITIATED,RETURN,,,GW-47923195
REF00003380,ORD0054325,CUST054325,TXN00054325,2381.8,NOT_INITIATED,RETURN,,,GW-61663199
REF00003381,ORD0054331,CUST054331,TXN00054331,1985.31,NOT_INITIATED,RETURN,,,GW-83187208
REF00003382,ORD0054347,CUST054347,TXN00054347,419.19,NOT_INITIATED,ORDER_CANCELLED,,,GW-72149958
REF00003383,ORD0054356,CUST054356,TXN00054356,741.27,NOT_INITIATED,ORDER_CANCELLED,,,GW-15682238
REF00003384,ORD0054357,CUST054357,TXN00054357,807.14,NOT_INITIATED,RETURN,,,GW-85853958
REF00003385,ORD0054377,CUST054377,TXN00054377,1131.1,NOT_INITIATED,RETURN,,,GW-38855431
REF00003386,ORD0054412,CUST054412,TXN00054412,1485.69,NOT_INITIATED,ORDER_CANCELLED,,,GW-21125051
REF00003387,ORD0054417,CUST054417,TXN00054417,1143.55,NOT_INITIATED,ORDER_CANCELLED,,,GW-84608934
REF00003388,ORD0054431,CUST054431,TXN00054431,1554.61,NOT_INITIATED,RETURN,,,GW-52426641
REF00003389,ORD0054446,CUST054446,TXN00054446,544.69,NOT_INITIATED,ORDER_CANCELLED,,,GW-43263342
REF00003390,ORD0054447,CUST054447,TXN00054447,1590.92,NOT_INITIATED,RETURN,,,GW-62333716
REF00003391,ORD0054487,CUST054487,TXN00054487,255.7,NOT_INITIATED,RETURN,,,GW-17753256
REF00003392,ORD0054597,CUST054597,TXN00054597,2757.46,NOT_INITIATED,RETURN,,,GW-61916299
REF00003393,ORD0054631,CUST054631,TXN00054631,462.59,NOT_INITIATED,RETURN,,,GW-48438473
REF00003394,ORD0054636,CUST054636,TXN00054636,1409.26,NOT_INITIATED,ORDER_CANCELLED,,,GW-16880036
REF00003395,ORD0054658,CUST054658,TXN00054658,2405.65,NOT_INITIATED,ORDER_CANCELLED,,,GW-16917542
REF00003396,ORD0054720,CUST054720,TXN00054720,328.79,NOT_INITIATED,ORDER_CANCELLED,,,GW-89390019
REF00003397,ORD0054743,CUST054743,TXN00054743,161.13,NOT_INITIATED,RETURN,,,GW-63372853
REF00003398,ORD0054790,CUST054790,TXN00054790,143.12,NOT_INITIATED,ORDER_CANCELLED,,,GW-39868197
REF00003399,ORD0054812,CUST054812,TXN00054812,848.38,NOT_INITIATED,RETURN,,,GW-64909854
REF00003400,ORD0054830,CUST054830,TXN00054830,2160.42,NOT_INITIATED,ORDER_CANCELLED,,,GW-26635647
REF00003401,ORD0054847,CUST054847,TXN00054847,370.87,NOT_INITIATED,ORDER_CANCELLED,,,GW-69649121
REF00003402,ORD0054851,CUST054851,TXN00054851,362.55,NOT_INITIATED,ORDER_CANCELLED,,,GW-77673104
REF00003403,ORD0054858,CUST054858,TXN00054858,767.6,NOT_INITIATED,RETURN,,,GW-38483054
REF00003404,ORD0054861,CUST054861,TXN00054861,141.07,NOT_INITIATED,ORDER_CANCELLED,,,GW-17229151
REF00003405,ORD0054867,CUST054867,TXN00054867,873.55,NOT_INITIATED,ORDER_CANCELLED,,,GW-49862666
REF00003406,ORD0054928,CUST054928,TXN00054928,91.7,NOT_INITIATED,ORDER_CANCELLED,,,GW-42016618
REF00003407,ORD0054935,CUST054935,TXN00054935,1218.37,NOT_INITIATED,ORDER_CANCELLED,,,GW-77088663
REF00003408,ORD0054961,CUST054961,TXN00054961,335.96,NOT_INITIATED,ORDER_CANCELLED,,,GW-15188789
REF00003409,ORD0054962,CUST054962,TXN00054962,875.23,NOT_INITIATED,RETURN,,,GW-71775097
REF00003410,ORD0054974,CUST054974,TXN00054974,558.68,NOT_INITIATED,RETURN,,,GW-33041342
REF00003411,ORD0054983,CUST054983,TXN00054983,365.15,NOT_INITIATED,ORDER_CANCELLED,,,GW-26062303
REF00003412,ORD0054996,CUST054996,TXN00054996,219.97,NOT_INITIATED,ORDER_CANCELLED,,,GW-94770410
REF00003413,ORD0054999,CUST054999,TXN00054999,896.59,NOT_INITIATED,RETURN,,,GW-94135553
REF00003414,ORD0055055,CUST055055,TXN00055055,570.63,NOT_INITIATED,RETURN,,,GW-43139017
REF00003415,ORD0055060,CUST055060,TXN00055060,1107.37,NOT_INITIATED,RETURN,,,GW-17390363
REF00003416,ORD0055064,CUST055064,TXN00055064,552.81,NOT_INITIATED,ORDER_CANCELLED,,,GW-42122121
REF00003417,ORD0055078,CUST055078,TXN00055078,132.64,NOT_INITIATED,ORDER_CANCELLED,,,GW-24489220
REF00003418,ORD0055084,CUST055084,TXN00055084,349.04,NOT_INITIATED,RETURN,,,GW-80580384
REF00003419,ORD0055089,CUST055089,TXN00055089,1538.68,NOT_INITIATED,RETURN,,,GW-27682820
REF00003420,ORD0055097,CUST055097,TXN00055097,2524.04,NOT_INITIATED,ORDER_CANCELLED,,,GW-70892332
REF00003421,ORD0055138,CUST055138,TXN00055138,320.85,NOT_INITIATED,RETURN,,,GW-71013783
REF00003422,ORD0055140,CUST055140,TXN00055140,54.42,NOT_INITIATED,RETURN,,,GW-47641240
REF00003423,ORD0055151,CUST055151,TXN00055151,814.09,NOT_INITIATED,RETURN,,,GW-30801039
REF00003424,ORD0055156,CUST055156,TXN00055156,1608.92,NOT_INITIATED,ORDER_CANCELLED,,,GW-46465550
REF00003425,ORD0055159,CUST055159,TXN00055159,370.24,NOT_INITIATED,ORDER_CANCELLED,,,GW-14309632
REF00003426,ORD0055176,CUST055176,TXN00055176,1423.34,NOT_INITIATED,ORDER_CANCELLED,,,GW-82173249
REF00003427,ORD0055185,CUST055185,TXN00055185,272.89,NOT_INITIATED,RETURN,,,GW-46498493
REF00003428,ORD0055248,CUST055248,TXN00055248,1307.08,NOT_INITIATED,ORDER_CANCELLED,,,GW-66546767
REF00003429,ORD0055282,CUST055282,TXN00055282,232.19,NOT_INITIATED,RETURN,,,GW-41587579
REF00003430,ORD0055332,CUST055332,TXN00055332,574.37,NOT_INITIATED,ORDER_CANCELLED,,,GW-16874152
REF00003431,ORD0055336,CUST055336,TXN00055336,545.0,NOT_INITIATED,ORDER_CANCELLED,,,GW-28292937
REF00003432,ORD0055337,CUST055337,TXN00055337,1347.51,NOT_INITIATED,RETURN,,,GW-28952833
REF00003433,ORD0055347,CUST055347,TXN00055347,1230.13,NOT_INITIATED,RETURN,,,GW-74445212
REF00003434,ORD0055350,CUST055350,TXN00055350,2702.51,NOT_INITIATED,ORDER_CANCELLED,,,GW-36686773
REF00003435,ORD0055353,CUST055353,TXN00055353,406.65,NOT_INITIATED,ORDER_CANCELLED,,,GW-98271324
REF00003436,ORD0055407,CUST055407,TXN00055407,111.76,NOT_INITIATED,ORDER_CANCELLED,,,GW-86405580
REF00003437,ORD0055420,CUST055420,TXN00055420,1194.0,NOT_INITIATED,ORDER_CANCELLED,,,GW-47563625
REF00003438,ORD0055421,CUST055421,TXN00055421,984.3,NOT_INITIATED,RETURN,,,GW-46215515
REF00003439,ORD0055439,CUST055439,TXN00055439,1504.93,NOT_INITIATED,ORDER_CANCELLED,,,GW-36695656
REF00003440,ORD0055468,CUST055468,TXN00055468,1726.84,NOT_INITIATED,RETURN,,,GW-32431713
REF00003441,ORD0055492,CUST055492,TXN00055492,1605.1,NOT_INITIATED,ORDER_CANCELLED,,,GW-90362017
REF00003442,ORD0055494,CUST055494,TXN00055494,248.97,NOT_INITIATED,ORDER_CANCELLED,,,GW-19377359
REF00003443,ORD0055497,CUST055497,TXN00055497,174.72,NOT_INITIATED,ORDER_CANCELLED,,,GW-39684967
REF00003444,ORD0055501,CUST055501,TXN00055501,1511.31,NOT_INITIATED,RETURN,,,GW-35821748
REF00003445,ORD0055517,CUST055517,TXN00055517,532.21,NOT_INITIATED,RETURN,,,GW-70610894
REF00003446,ORD0055537,CUST055537,TXN00055537,666.34,NOT_INITIATED,ORDER_CANCELLED,,,GW-18219791
REF00003447,ORD0055549,CUST055549,TXN00055549,949.82,NOT_INITIATED,RETURN,,,GW-35789972
REF00003448,ORD0055554,CUST055554,TXN00055554,1310.46,NOT_INITIATED,RETURN,,,GW-21211117
REF00003449,ORD0055575,CUST055575,TXN00055575,286.08,NOT_INITIATED,ORDER_CANCELLED,,,GW-79095622
REF00003450,ORD0055577,CUST055577,TXN00055577,505.98,NOT_INITIATED,ORDER_CANCELLED,,,GW-51584645
REF00003451,ORD0055584,CUST055584,TXN00055584,164.35,NOT_INITIATED,RETURN,,,GW-83749453
REF00003452,ORD0055632,CUST055632,TXN00055632,2292.14,NOT_INITIATED,ORDER_CANCELLED,,,GW-95494554
REF00003453,ORD0055633,CUST055633,TXN00055633,110.55,NOT_INITIATED,ORDER_CANCELLED,,,GW-15044021
REF00003454,ORD0055635,CUST055635,TXN00055635,1637.22,NOT_INITIATED,ORDER_CANCELLED,,,GW-76722707
REF00003455,ORD0055641,CUST055641,TXN00055641,603.21,NOT_INITIATED,ORDER_CANCELLED,,,GW-51492201
REF00003456,ORD0055643,CUST055643,TXN00055643,1100.24,NOT_INITIATED,RETURN,,,GW-67676277
REF00003457,ORD0055644,CUST055644,TXN00055644,658.08,NOT_INITIATED,RETURN,,,GW-88963873
REF00003458,ORD0055648,CUST055648,TXN00055648,290.41,NOT_INITIATED,RETURN,,,GW-25686339
REF00003459,ORD0055649,CUST055649,TXN00055649,580.13,NOT_INITIATED,ORDER_CANCELLED,,,GW-69908418
REF00003460,ORD0055657,CUST055657,TXN00055657,142.48,NOT_INITIATED,ORDER_CANCELLED,,,GW-15511712
REF00003461,ORD0055661,CUST055661,TXN00055661,1742.71,NOT_INITIATED,ORDER_CANCELLED,,,GW-40773279
REF00003462,ORD0055678,CUST055678,TXN00055678,709.89,NOT_INITIATED,ORDER_CANCELLED,,,GW-35467989
REF00003463,ORD0055684,CUST055684,TXN00055684,792.74,NOT_INITIATED,RETURN,,,GW-13994375
REF00003464,ORD0055692,CUST055692,TXN00055692,1540.38,NOT_INITIATED,ORDER_CANCELLED,,,GW-68013926
REF00003465,ORD0055705,CUST055705,TXN00055705,444.55,NOT_INITIATED,ORDER_CANCELLED,,,GW-71843445
REF00003466,ORD0055731,CUST055731,TXN00055731,1297.98,NOT_INITIATED,ORDER_CANCELLED,,,GW-35776076
REF00003467,ORD0055741,CUST055741,TXN00055741,900.23,NOT_INITIATED,ORDER_CANCELLED,,,GW-96476384
REF00003468,ORD0055747,CUST055747,TXN00055747,1948.37,NOT_INITIATED,ORDER_CANCELLED,,,GW-84685987
REF00003469,ORD0055751,CUST055751,TXN00055751,232.5,NOT_INITIATED,RETURN,,,GW-82640351
REF00003470,ORD0055765,CUST055765,TXN00055765,126.15,NOT_INITIATED,RETURN,,,GW-34391142
REF00003471,ORD0055786,CUST055786,TXN00055786,2902.32,NOT_INITIATED,RETURN,,,GW-61693840
REF00003472,ORD0055810,CUST055810,TXN00055810,304.25,NOT_INITIATED,RETURN,,,GW-94699163
REF00003473,ORD0055820,CUST055820,TXN00055820,3095.84,NOT_INITIATED,RETURN,,,GW-22599736
REF00003474,ORD0055857,CUST055857,TXN00055857,1486.25,NOT_INITIATED,ORDER_CANCELLED,,,GW-60338297
REF00003475,ORD0055893,CUST055893,TXN00055893,415.13,NOT_INITIATED,RETURN,,,GW-84822427
REF00003476,ORD0055897,CUST055897,TXN00055897,621.38,NOT_INITIATED,ORDER_CANCELLED,,,GW-68359844
REF00003477,ORD0055899,CUST055899,TXN00055899,1691.13,NOT_INITIATED,RETURN,,,GW-72426861
REF00003478,ORD0055905,CUST055905,TXN00055905,2593.87,NOT_INITIATED,ORDER_CANCELLED,,,GW-17996167
REF00003479,ORD0055914,CUST055914,TXN00055914,167.92,NOT_INITIATED,ORDER_CANCELLED,,,GW-20897101
REF00003480,ORD0055939,CUST055939,TXN00055939,976.07,NOT_INITIATED,ORDER_CANCELLED,,,GW-40289840
REF00003481,ORD0055959,CUST055959,TXN00055959,747.8,NOT_INITIATED,RETURN,,,GW-64268507
REF00003482,ORD0055960,CUST055960,TXN00055960,473.16,NOT_INITIATED,ORDER_CANCELLED,,,GW-64324482
REF00003483,ORD0055978,CUST055978,TXN00055978,247.93,NOT_INITIATED,RETURN,,,GW-41048863
REF00003484,ORD0055982,CUST055982,TXN00055982,1934.81,NOT_INITIATED,RETURN,,,GW-91494489
REF00003485,ORD0055990,CUST055990,TXN00055990,2043.7,NOT_INITIATED,ORDER_CANCELLED,,,GW-74523159
REF00003486,ORD0055991,CUST055991,TXN00055991,49.57,NOT_INITIATED,RETURN,,,GW-61370237
REF00003487,ORD0055998,CUST055998,TXN00055998,323.63,NOT_INITIATED,ORDER_CANCELLED,,,GW-43694785
REF00003488,ORD0056026,CUST056026,TXN00056026,667.06,NOT_INITIATED,RETURN,,,GW-48443592
REF00003489,ORD0056027,CUST056027,TXN00056027,319.56,NOT_INITIATED,ORDER_CANCELLED,,,GW-31380190
REF00003490,ORD0056090,CUST056090,TXN00056090,718.03,NOT_INITIATED,RETURN,,,GW-82489709
REF00003491,ORD0056094,CUST056094,TXN00056094,689.52,NOT_INITIATED,RETURN,,,GW-77455548
REF00003492,ORD0056132,CUST056132,TXN00056132,577.68,NOT_INITIATED,RETURN,,,GW-11367209
REF00003493,ORD0056139,CUST056139,TXN00056139,1809.14,NOT_INITIATED,ORDER_CANCELLED,,,GW-36828517
REF00003494,ORD0056162,CUST056162,TXN00056162,447.04,NOT_INITIATED,ORDER_CANCELLED,,,GW-21171138
REF00003495,ORD0056167,CUST056167,TXN00056167,99.32,NOT_INITIATED,ORDER_CANCELLED,,,GW-89408355
REF00003496,ORD0056173,CUST056173,TXN00056173,272.28,NOT_INITIATED,RETURN,,,GW-43194832
REF00003497,ORD0056188,CUST056188,TXN00056188,1155.8,NOT_INITIATED,RETURN,,,GW-28202862
REF00003498,ORD0056205,CUST056205,TXN00056205,935.18,NOT_INITIATED,ORDER_CANCELLED,,,GW-22866212
REF00003499,ORD0056208,CUST056208,TXN00056208,335.57,NOT_INITIATED,RETURN,,,GW-62954901
REF00003500,ORD0056211,CUST056211,TXN00056211,48.02,NOT_INITIATED,RETURN,,,GW-34877950
REF00003501,ORD0056214,CUST056214,TXN00056214,449.68,NOT_INITIATED,RETURN,,,GW-54043250
REF00003502,ORD0056215,CUST056215,TXN00056215,297.82,NOT_INITIATED,ORDER_CANCELLED,,,GW-68967063
REF00003503,ORD0056219,CUST056219,TXN00056219,948.11,NOT_INITIATED,ORDER_CANCELLED,,,GW-95823428
REF00003504,ORD0056237,CUST056237,TXN00056237,325.46,NOT_INITIATED,RETURN,,,GW-27605713
REF00003505,ORD0056261,CUST056261,TXN00056261,154.13,NOT_INITIATED,ORDER_CANCELLED,,,GW-54925232
REF00003506,ORD0056267,CUST056267,TXN00056267,174.58,NOT_INITIATED,RETURN,,,GW-61606811
REF00003507,ORD0056276,CUST056276,TXN00056276,459.28,NOT_INITIATED,RETURN,,,GW-90087825
REF00003508,ORD0056300,CUST056300,TXN00056300,2445.85,NOT_INITIATED,ORDER_CANCELLED,,,GW-41364670
REF00003509,ORD0056306,CUST056306,TXN00056306,1925.77,NOT_INITIATED,ORDER_CANCELLED,,,GW-69526592
REF00003510,ORD0056310,CUST056310,TXN00056310,3202.79,NOT_INITIATED,RETURN,,,GW-43542299
REF00003511,ORD0056313,CUST056313,TXN00056313,687.8,NOT_INITIATED,ORDER_CANCELLED,,,GW-77153514
REF00003512,ORD0056334,CUST056334,TXN00056334,2789.53,NOT_INITIATED,ORDER_CANCELLED,,,GW-64010896
REF00003513,ORD0056375,CUST056375,TXN00056375,1854.82,NOT_INITIATED,ORDER_CANCELLED,,,GW-96396424
REF00003514,ORD0056397,CUST056397,TXN00056397,1115.31,NOT_INITIATED,ORDER_CANCELLED,,,GW-70106412
REF00003515,ORD0056482,CUST056482,TXN00056482,321.77,NOT_INITIATED,ORDER_CANCELLED,,,GW-99993467
REF00003516,ORD0056484,CUST056484,TXN00056484,829.25,NOT_INITIATED,RETURN,,,GW-79624759
REF00003517,ORD0056490,CUST056490,TXN00056490,111.01,NOT_INITIATED,ORDER_CANCELLED,,,GW-19687505
REF00003518,ORD0056493,CUST056493,TXN00056493,2226.41,NOT_INITIATED,RETURN,,,GW-77721584
REF00003519,ORD0056529,CUST056529,TXN00056529,637.39,NOT_INITIATED,ORDER_CANCELLED,,,GW-56684055
REF00003520,ORD0056535,CUST056535,TXN00056535,580.12,NOT_INITIATED,RETURN,,,GW-72498711
REF00003521,ORD0056581,CUST056581,TXN00056581,2231.05,NOT_INITIATED,ORDER_CANCELLED,,,GW-61895607
REF00003522,ORD0056618,CUST056618,TXN00056618,73.82,NOT_INITIATED,ORDER_CANCELLED,,,GW-15088490
REF00003523,ORD0056629,CUST056629,TXN00056629,149.22,NOT_INITIATED,RETURN,,,GW-97131045
REF00003524,ORD0056641,CUST056641,TXN00056641,1619.45,NOT_INITIATED,ORDER_CANCELLED,,,GW-28557606
REF00003525,ORD0056645,CUST056645,TXN00056645,9.84,NOT_INITIATED,ORDER_CANCELLED,,,GW-97755354
REF00003526,ORD0056650,CUST056650,TXN00056650,1582.93,NOT_INITIATED,RETURN,,,GW-16817235
REF00003527,ORD0056664,CUST056664,TXN00056664,1119.71,NOT_INITIATED,ORDER_CANCELLED,,,GW-73900274
REF00003528,ORD0056683,CUST056683,TXN00056683,487.05,NOT_INITIATED,RETURN,,,GW-19651091
REF00003529,ORD0056690,CUST056690,TXN00056690,1755.93,NOT_INITIATED,ORDER_CANCELLED,,,GW-40240951
REF00003530,ORD0056705,CUST056705,TXN00056705,374.55,NOT_INITIATED,ORDER_CANCELLED,,,GW-92031535
REF00003531,ORD0056722,CUST056722,TXN00056722,293.41,NOT_INITIATED,RETURN,,,GW-65927547
REF00003532,ORD0056733,CUST056733,TXN00056733,1313.71,NOT_INITIATED,ORDER_CANCELLED,,,GW-81878964
REF00003533,ORD0056734,CUST056734,TXN00056734,876.56,NOT_INITIATED,ORDER_CANCELLED,,,GW-65875437
REF00003534,ORD0056770,CUST056770,TXN00056770,445.61,NOT_INITIATED,RETURN,,,GW-28411135
REF00003535,ORD0056786,CUST056786,TXN00056786,154.04,NOT_INITIATED,RETURN,,,GW-13346530
REF00003536,ORD0056788,CUST056788,TXN00056788,937.82,NOT_INITIATED,ORDER_CANCELLED,,,GW-89041521
REF00003537,ORD0056890,CUST056890,TXN00056890,477.43,NOT_INITIATED,RETURN,,,GW-54949631
REF00003538,ORD0056918,CUST056918,TXN00056918,387.77,NOT_INITIATED,ORDER_CANCELLED,,,GW-56023702
REF00003539,ORD0056962,CUST056962,TXN00056962,777.05,NOT_INITIATED,ORDER_CANCELLED,,,GW-49966238
REF00003540,ORD0056963,CUST056963,TXN00056963,554.33,NOT_INITIATED,RETURN,,,GW-96324847
REF00003541,ORD0056970,CUST056970,TXN00056970,995.32,NOT_INITIATED,ORDER_CANCELLED,,,GW-22229872
REF00003542,ORD0056975,CUST056975,TXN00056975,327.03,NOT_INITIATED,ORDER_CANCELLED,,,GW-48233908
REF00003543,ORD0056985,CUST056985,TXN00056985,1149.72,NOT_INITIATED,ORDER_CANCELLED,,,GW-43115373
REF00003544,ORD0057002,CUST057002,TXN00057002,770.83,NOT_INITIATED,ORDER_CANCELLED,,,GW-20526264
REF00003545,ORD0057033,CUST057033,TXN00057033,152.06,NOT_INITIATED,RETURN,,,GW-53531830
REF00003546,ORD0057043,CUST057043,TXN00057043,100.75,NOT_INITIATED,RETURN,,,GW-16564038
REF00003547,ORD0057052,CUST057052,TXN00057052,165.88,NOT_INITIATED,ORDER_CANCELLED,,,GW-24786718
REF00003548,ORD0057075,CUST057075,TXN00057075,278.48,NOT_INITIATED,RETURN,,,GW-28320705
REF00003549,ORD0057101,CUST057101,TXN00057101,165.95,NOT_INITIATED,RETURN,,,GW-99896826
REF00003550,ORD0057106,CUST057106,TXN00057106,2403.45,NOT_INITIATED,RETURN,,,GW-44313419
REF00003551,ORD0057159,CUST057159,TXN00057159,521.21,NOT_INITIATED,ORDER_CANCELLED,,,GW-69923332
REF00003552,ORD0057163,CUST057163,TXN00057163,850.81,NOT_INITIATED,RETURN,,,GW-57540987
REF00003553,ORD0057181,CUST057181,TXN00057181,285.31,NOT_INITIATED,ORDER_CANCELLED,,,GW-36473953
REF00003554,ORD0057207,CUST057207,TXN00057207,455.79,NOT_INITIATED,RETURN,,,GW-44453239
REF00003555,ORD0057227,CUST057227,TXN00057227,36.87,NOT_INITIATED,ORDER_CANCELLED,,,GW-62884408
REF00003556,ORD0057231,CUST057231,TXN00057231,171.03,NOT_INITIATED,ORDER_CANCELLED,,,GW-59171152
REF00003557,ORD0057260,CUST057260,TXN00057260,609.07,NOT_INITIATED,RETURN,,,GW-42844380
REF00003558,ORD0057261,CUST057261,TXN00057261,436.36,NOT_INITIATED,RETURN,,,GW-45209661
REF00003559,ORD0057280,CUST057280,TXN00057280,1603.18,NOT_INITIATED,ORDER_CANCELLED,,,GW-15441369
REF00003560,ORD0057289,CUST057289,TXN00057289,369.43,NOT_INITIATED,RETURN,,,GW-72103323
REF00003561,ORD0057290,CUST057290,TXN00057290,906.5,NOT_INITIATED,ORDER_CANCELLED,,,GW-29820934
REF00003562,ORD0057334,CUST057334,TXN00057334,758.9,NOT_INITIATED,RETURN,,,GW-42947665
REF00003563,ORD0057342,CUST057342,TXN00057342,1142.56,NOT_INITIATED,ORDER_CANCELLED,,,GW-25849635
REF00003564,ORD0057369,CUST057369,TXN00057369,1158.67,NOT_INITIATED,ORDER_CANCELLED,,,GW-89982229
REF00003565,ORD0057375,CUST057375,TXN00057375,1766.12,NOT_INITIATED,RETURN,,,GW-69686060
REF00003566,ORD0057397,CUST057397,TXN00057397,1412.85,NOT_INITIATED,ORDER_CANCELLED,,,GW-97055697
REF00003567,ORD0057435,CUST057435,TXN00057435,332.34,NOT_INITIATED,ORDER_CANCELLED,,,GW-32435410
REF00003568,ORD0057454,CUST057454,TXN00057454,322.87,NOT_INITIATED,RETURN,,,GW-33347432
REF00003569,ORD0057464,CUST057464,TXN00057464,1157.43,NOT_INITIATED,RETURN,,,GW-15253319
REF00003570,ORD0057484,CUST057484,TXN00057484,566.36,NOT_INITIATED,RETURN,,,GW-39103292
REF00003571,ORD0057487,CUST057487,TXN00057487,1586.99,NOT_INITIATED,RETURN,,,GW-45038213
REF00003572,ORD0057491,CUST057491,TXN00057491,192.46,NOT_INITIATED,ORDER_CANCELLED,,,GW-55130660
REF00003573,ORD0057499,CUST057499,TXN00057499,508.46,NOT_INITIATED,RETURN,,,GW-53259886
REF00003574,ORD0057508,CUST057508,TXN00057508,1688.99,NOT_INITIATED,RETURN,,,GW-89513850
REF00003575,ORD0057528,CUST057528,TXN00057528,1568.18,NOT_INITIATED,ORDER_CANCELLED,,,GW-81535186
REF00003576,ORD0057534,CUST057534,TXN00057534,738.35,NOT_INITIATED,ORDER_CANCELLED,,,GW-40447134
REF00003577,ORD0057563,CUST057563,TXN00057563,2785.28,NOT_INITIATED,RETURN,,,GW-38181014
REF00003578,ORD0057571,CUST057571,TXN00057571,1616.52,NOT_INITIATED,RETURN,,,GW-30923798
REF00003579,ORD0057575,CUST057575,TXN00057575,1608.32,NOT_INITIATED,RETURN,,,GW-44632931
REF00003580,ORD0057595,CUST057595,TXN00057595,132.48,NOT_INITIATED,RETURN,,,GW-82424923
REF00003581,ORD0057599,CUST057599,TXN00057599,695.54,NOT_INITIATED,RETURN,,,GW-93525580
REF00003582,ORD0057616,CUST057616,TXN00057616,1659.68,NOT_INITIATED,RETURN,,,GW-94274345
REF00003583,ORD0057637,CUST057637,TXN00057637,341.91,NOT_INITIATED,ORDER_CANCELLED,,,GW-98183919
REF00003584,ORD0057667,CUST057667,TXN00057667,1175.05,NOT_INITIATED,RETURN,,,GW-13406576
REF00003585,ORD0057688,CUST057688,TXN00057688,1021.33,NOT_INITIATED,ORDER_CANCELLED,,,GW-33587836
REF00003586,ORD0057712,CUST057712,TXN00057712,582.0,NOT_INITIATED,ORDER_CANCELLED,,,GW-45450815
REF00003587,ORD0057717,CUST057717,TXN00057717,1009.44,NOT_INITIATED,ORDER_CANCELLED,,,GW-83399350
REF00003588,ORD0057740,CUST057740,TXN00057740,1085.92,NOT_INITIATED,RETURN,,,GW-11458404
REF00003589,ORD0057743,CUST057743,TXN00057743,671.41,NOT_INITIATED,ORDER_CANCELLED,,,GW-93629697
REF00003590,ORD0057758,CUST057758,TXN00057758,396.16,NOT_INITIATED,RETURN,,,GW-65548801
REF00003591,ORD0057782,CUST057782,TXN00057782,1179.75,NOT_INITIATED,RETURN,,,GW-92783776
REF00003592,ORD0057783,CUST057783,TXN00057783,339.54,NOT_INITIATED,ORDER_CANCELLED,,,GW-99546939
REF00003593,ORD0057784,CUST057784,TXN00057784,3154.57,NOT_INITIATED,ORDER_CANCELLED,,,GW-61648741
REF00003594,ORD0057791,CUST057791,TXN00057791,734.31,NOT_INITIATED,ORDER_CANCELLED,,,GW-31073986
REF00003595,ORD0057798,CUST057798,TXN00057798,131.7,NOT_INITIATED,RETURN,,,GW-92622438
REF00003596,ORD0057820,CUST057820,TXN00057820,348.04,NOT_INITIATED,RETURN,,,GW-25353758
REF00003597,ORD0057830,CUST057830,TXN00057830,1325.51,NOT_INITIATED,ORDER_CANCELLED,,,GW-28371806
REF00003598,ORD0057847,CUST057847,TXN00057847,884.54,NOT_INITIATED,ORDER_CANCELLED,,,GW-66116062
REF00003599,ORD0057877,CUST057877,TXN00057877,414.97,NOT_INITIATED,ORDER_CANCELLED,,,GW-50006320
REF00003600,ORD0057882,CUST057882,TXN00057882,806.44,NOT_INITIATED,RETURN,,,GW-89370671
REF00003601,ORD0057893,CUST057893,TXN00057893,39.61,NOT_INITIATED,ORDER_CANCELLED,,,GW-11258510
REF00003602,ORD0057911,CUST057911,TXN00057911,1022.55,NOT_INITIATED,RETURN,,,GW-18703919
REF00003603,ORD0057918,CUST057918,TXN00057918,476.48,NOT_INITIATED,ORDER_CANCELLED,,,GW-51285713
REF00003604,ORD0057923,CUST057923,TXN00057923,1139.15,NOT_INITIATED,RETURN,,,GW-47694606
REF00003605,ORD0057956,CUST057956,TXN00057956,2025.49,NOT_INITIATED,ORDER_CANCELLED,,,GW-82859463
REF00003606,ORD0057974,CUST057974,TXN00057974,1378.53,NOT_INITIATED,RETURN,,,GW-57617541
REF00003607,ORD0057988,CUST057988,TXN00057988,1221.58,NOT_INITIATED,ORDER_CANCELLED,,,GW-40059569
REF00003608,ORD0058005,CUST058005,TXN00058005,99.78,NOT_INITIATED,RETURN,,,GW-46096911
REF00003609,ORD0058017,CUST058017,TXN00058017,854.57,NOT_INITIATED,RETURN,,,GW-64162027
REF00003610,ORD0058078,CUST058078,TXN00058078,2136.75,NOT_INITIATED,RETURN,,,GW-15656721
REF00003611,ORD0058108,CUST058108,TXN00058108,578.69,NOT_INITIATED,ORDER_CANCELLED,,,GW-31725933
REF00003612,ORD0058111,CUST058111,TXN00058111,348.01,NOT_INITIATED,ORDER_CANCELLED,,,GW-32425478
REF00003613,ORD0058129,CUST058129,TXN00058129,103.92,NOT_INITIATED,ORDER_CANCELLED,,,GW-61945652
REF00003614,ORD0058138,CUST058138,TXN00058138,1121.11,NOT_INITIATED,RETURN,,,GW-54193784
REF00003615,ORD0058145,CUST058145,TXN00058145,510.99,NOT_INITIATED,RETURN,,,GW-16822417
REF00003616,ORD0058176,CUST058176,TXN00058176,1472.61,NOT_INITIATED,ORDER_CANCELLED,,,GW-60311532
REF00003617,ORD0058190,CUST058190,TXN00058190,1773.22,NOT_INITIATED,ORDER_CANCELLED,,,GW-61849576
REF00003618,ORD0058203,CUST058203,TXN00058203,743.66,NOT_INITIATED,ORDER_CANCELLED,,,GW-65110243
REF00003619,ORD0058210,CUST058210,TXN00058210,81.93,NOT_INITIATED,ORDER_CANCELLED,,,GW-40093540
REF00003620,ORD0058219,CUST058219,TXN00058219,400.69,NOT_INITIATED,RETURN,,,GW-76969094
REF00003621,ORD0058244,CUST058244,TXN00058244,143.92,NOT_INITIATED,ORDER_CANCELLED,,,GW-77163062
REF00003622,ORD0058265,CUST058265,TXN00058265,2245.47,NOT_INITIATED,RETURN,,,GW-95339382
REF00003623,ORD0058279,CUST058279,TXN00058279,2130.95,NOT_INITIATED,ORDER_CANCELLED,,,GW-42077668
REF00003624,ORD0058316,CUST058316,TXN00058316,18.13,NOT_INITIATED,ORDER_CANCELLED,,,GW-82661850
REF00003625,ORD0058319,CUST058319,TXN00058319,769.91,NOT_INITIATED,ORDER_CANCELLED,,,GW-51464465
REF00003626,ORD0058333,CUST058333,TXN00058333,1723.78,NOT_INITIATED,RETURN,,,GW-70874084
REF00003627,ORD0058373,CUST058373,TXN00058373,1917.57,NOT_INITIATED,ORDER_CANCELLED,,,GW-60627134
REF00003628,ORD0058378,CUST058378,TXN00058378,1252.09,NOT_INITIATED,RETURN,,,GW-76480932
REF00003629,ORD0058385,CUST058385,TXN00058385,969.05,NOT_INITIATED,ORDER_CANCELLED,,,GW-15777051
REF00003630,ORD0058408,CUST058408,TXN00058408,610.45,NOT_INITIATED,ORDER_CANCELLED,,,GW-57847479
REF00003631,ORD0058428,CUST058428,TXN00058428,642.8,NOT_INITIATED,RETURN,,,GW-96973892
REF00003632,ORD0058446,CUST058446,TXN00058446,885.64,NOT_INITIATED,RETURN,,,GW-82582551
REF00003633,ORD0058449,CUST058449,TXN00058449,102.17,NOT_INITIATED,RETURN,,,GW-76766155
REF00003634,ORD0058450,CUST058450,TXN00058450,815.67,NOT_INITIATED,ORDER_CANCELLED,,,GW-98162145
REF00003635,ORD0058466,CUST058466,TXN00058466,579.1,NOT_INITIATED,RETURN,,,GW-78932483
REF00003636,ORD0058470,CUST058470,TXN00058470,1427.42,NOT_INITIATED,ORDER_CANCELLED,,,GW-70391772
REF00003637,ORD0058481,CUST058481,TXN00058481,1353.45,NOT_INITIATED,RETURN,,,GW-62753323
REF00003638,ORD0058489,CUST058489,TXN00058489,645.16,NOT_INITIATED,RETURN,,,GW-10047492
REF00003639,ORD0058496,CUST058496,TXN00058496,1288.76,NOT_INITIATED,RETURN,,,GW-26122319
REF00003640,ORD0058501,CUST058501,TXN00058501,419.27,NOT_INITIATED,ORDER_CANCELLED,,,GW-27708212
REF00003641,ORD0058507,CUST058507,TXN00058507,934.58,NOT_INITIATED,RETURN,,,GW-15996829
REF00003642,ORD0058524,CUST058524,TXN00058524,140.36,NOT_INITIATED,ORDER_CANCELLED,,,GW-57981065
REF00003643,ORD0058534,CUST058534,TXN00058534,558.97,NOT_INITIATED,RETURN,,,GW-94008091
REF00003644,ORD0058538,CUST058538,TXN00058538,1028.07,NOT_INITIATED,ORDER_CANCELLED,,,GW-32469202
REF00003645,ORD0058539,CUST058539,TXN00058539,473.27,NOT_INITIATED,RETURN,,,GW-35144786
REF00003646,ORD0058543,CUST058543,TXN00058543,1331.17,NOT_INITIATED,ORDER_CANCELLED,,,GW-39681539
REF00003647,ORD0058552,CUST058552,TXN00058552,422.58,NOT_INITIATED,RETURN,,,GW-56050620
REF00003648,ORD0058598,CUST058598,TXN00058598,314.52,NOT_INITIATED,ORDER_CANCELLED,,,GW-30173917
REF00003649,ORD0058636,CUST058636,TXN00058636,25.62,NOT_INITIATED,RETURN,,,GW-42769379
REF00003650,ORD0058670,CUST058670,TXN00058670,1504.94,NOT_INITIATED,RETURN,,,GW-55331233
REF00003651,ORD0058699,CUST058699,TXN00058699,1512.17,NOT_INITIATED,ORDER_CANCELLED,,,GW-92948940
REF00003652,ORD0058729,CUST058729,TXN00058729,276.09,NOT_INITIATED,ORDER_CANCELLED,,,GW-11878311
REF00003653,ORD0058732,CUST058732,TXN00058732,108.4,NOT_INITIATED,ORDER_CANCELLED,,,GW-31147130
REF00003654,ORD0058745,CUST058745,TXN00058745,1625.0,NOT_INITIATED,RETURN,,,GW-72687471
REF00003655,ORD0058757,CUST058757,TXN00058757,953.88,NOT_INITIATED,RETURN,,,GW-99572847
REF00003656,ORD0058759,CUST058759,TXN00058759,2035.19,NOT_INITIATED,RETURN,,,GW-35857621
REF00003657,ORD0058774,CUST058774,TXN00058774,582.77,NOT_INITIATED,RETURN,,,GW-77218900
REF00003658,ORD0058810,CUST058810,TXN00058810,1947.75,NOT_INITIATED,RETURN,,,GW-83704499
REF00003659,ORD0058815,CUST058815,TXN00058815,1916.07,NOT_INITIATED,RETURN,,,GW-20721253
REF00003660,ORD0058879,CUST058879,TXN00058879,1367.3,NOT_INITIATED,RETURN,,,GW-30967569
REF00003661,ORD0058899,CUST058899,TXN00058899,653.62,NOT_INITIATED,ORDER_CANCELLED,,,GW-66976691
REF00003662,ORD0058907,CUST058907,TXN00058907,576.17,NOT_INITIATED,RETURN,,,GW-22717373
REF00003663,ORD0058908,CUST058908,TXN00058908,374.78,NOT_INITIATED,RETURN,,,GW-45356428
REF00003664,ORD0058910,CUST058910,TXN00058910,341.65,NOT_INITIATED,ORDER_CANCELLED,,,GW-96085810
REF00003665,ORD0058916,CUST058916,TXN00058916,1914.21,NOT_INITIATED,RETURN,,,GW-64834377
REF00003666,ORD0058919,CUST058919,TXN00058919,2773.16,NOT_INITIATED,ORDER_CANCELLED,,,GW-17884722
REF00003667,ORD0058933,CUST058933,TXN00058933,44.78,NOT_INITIATED,RETURN,,,GW-76374706
REF00003668,ORD0058938,CUST058938,TXN00058938,289.96,NOT_INITIATED,RETURN,,,GW-32671342
REF00003669,ORD0058955,CUST058955,TXN00058955,83.61,NOT_INITIATED,ORDER_CANCELLED,,,GW-10824638
REF00003670,ORD0058966,CUST058966,TXN00058966,2793.7,NOT_INITIATED,ORDER_CANCELLED,,,GW-81524814
REF00003671,ORD0058993,CUST058993,TXN00058993,405.41,NOT_INITIATED,ORDER_CANCELLED,,,GW-68138010
REF00003672,ORD0058994,CUST058994,TXN00058994,219.34,NOT_INITIATED,RETURN,,,GW-71000878
REF00003673,ORD0059029,CUST059029,TXN00059029,1674.12,NOT_INITIATED,ORDER_CANCELLED,,,GW-34590220
REF00003674,ORD0059032,CUST059032,TXN00059032,2417.18,NOT_INITIATED,RETURN,,,GW-46554380
REF00003675,ORD0059058,CUST059058,TXN00059058,197.06,NOT_INITIATED,RETURN,,,GW-55977068
REF00003676,ORD0059078,CUST059078,TXN00059078,1380.53,NOT_INITIATED,RETURN,,,GW-51671941
REF00003677,ORD0059086,CUST059086,TXN00059086,1268.53,NOT_INITIATED,ORDER_CANCELLED,,,GW-25327039
REF00003678,ORD0059096,CUST059096,TXN00059096,935.21,NOT_INITIATED,RETURN,,,GW-76808057
REF00003679,ORD0059116,CUST059116,TXN00059116,1963.37,NOT_INITIATED,ORDER_CANCELLED,,,GW-84607525
REF00003680,ORD0059120,CUST059120,TXN00059120,1973.98,NOT_INITIATED,RETURN,,,GW-83308471
REF00003681,ORD0059127,CUST059127,TXN00059127,1181.05,NOT_INITIATED,ORDER_CANCELLED,,,GW-24466606
REF00003682,ORD0059136,CUST059136,TXN00059136,394.37,NOT_INITIATED,ORDER_CANCELLED,,,GW-55038800
REF00003683,ORD0059157,CUST059157,TXN00059157,39.72,NOT_INITIATED,RETURN,,,GW-39528917
REF00003684,ORD0059186,CUST059186,TXN00059186,906.88,NOT_INITIATED,ORDER_CANCELLED,,,GW-37561944
REF00003685,ORD0059196,CUST059196,TXN00059196,337.07,NOT_INITIATED,ORDER_CANCELLED,,,GW-38194686
REF00003686,ORD0059232,CUST059232,TXN00059232,162.82,NOT_INITIATED,RETURN,,,GW-83998140
REF00003687,ORD0059273,CUST059273,TXN00059273,2739.17,NOT_INITIATED,RETURN,,,GW-78926902
REF00003688,ORD0059289,CUST059289,TXN00059289,1065.64,NOT_INITIATED,RETURN,,,GW-34401066
REF00003689,ORD0059305,CUST059305,TXN00059305,1838.6,NOT_INITIATED,ORDER_CANCELLED,,,GW-30656328
REF00003690,ORD0059318,CUST059318,TXN00059318,178.97,NOT_INITIATED,ORDER_CANCELLED,,,GW-88221685
REF00003691,ORD0059334,CUST059334,TXN00059334,489.78,NOT_INITIATED,RETURN,,,GW-83860794
REF00003692,ORD0059349,CUST059349,TXN00059349,124.0,NOT_INITIATED,RETURN,,,GW-66396990
REF00003693,ORD0059364,CUST059364,TXN00059364,695.28,NOT_INITIATED,RETURN,,,GW-87872814
REF00003694,ORD0059368,CUST059368,TXN00059368,1188.89,NOT_INITIATED,RETURN,,,GW-75021942
REF00003695,ORD0059370,CUST059370,TXN00059370,534.04,NOT_INITIATED,ORDER_CANCELLED,,,GW-75374073
REF00003696,ORD0059384,CUST059384,TXN00059384,511.54,NOT_INITIATED,RETURN,,,GW-82877920
REF00003697,ORD0059390,CUST059390,TXN00059390,2339.38,NOT_INITIATED,ORDER_CANCELLED,,,GW-10420218
REF00003698,ORD0059416,CUST059416,TXN00059416,305.8,NOT_INITIATED,ORDER_CANCELLED,,,GW-51821403
REF00003699,ORD0059446,CUST059446,TXN00059446,250.18,NOT_INITIATED,ORDER_CANCELLED,,,GW-80124502
REF00003700,ORD0059448,CUST059448,TXN00059448,759.4,NOT_INITIATED,ORDER_CANCELLED,,,GW-64515190
REF00003701,ORD0059452,CUST059452,TXN00059452,981.66,NOT_INITIATED,RETURN,,,GW-74447381
REF00003702,ORD0059474,CUST059474,TXN00059474,928.29,NOT_INITIATED,ORDER_CANCELLED,,,GW-43980248
REF00003703,ORD0059479,CUST059479,TXN00059479,303.57,NOT_INITIATED,RETURN,,,GW-69163252
REF00003704,ORD0059517,CUST059517,TXN00059517,1823.39,NOT_INITIATED,RETURN,,,GW-38698322
REF00003705,ORD0059531,CUST059531,TXN00059531,296.48,NOT_INITIATED,RETURN,,,GW-56586766
REF00003706,ORD0059546,CUST059546,TXN00059546,2602.93,NOT_INITIATED,ORDER_CANCELLED,,,GW-87445942
REF00003707,ORD0059563,CUST059563,TXN00059563,825.6,NOT_INITIATED,ORDER_CANCELLED,,,GW-11239811
REF00003708,ORD0059572,CUST059572,TXN00059572,511.96,NOT_INITIATED,ORDER_CANCELLED,,,GW-11960198
REF00003709,ORD0059586,CUST059586,TXN00059586,1855.12,NOT_INITIATED,RETURN,,,GW-79398914
REF00003710,ORD0059616,CUST059616,TXN00059616,441.04,NOT_INITIATED,RETURN,,,GW-34623790
REF00003711,ORD0059620,CUST059620,TXN00059620,984.84,NOT_INITIATED,RETURN,,,GW-82985672
REF00003712,ORD0059635,CUST059635,TXN00059635,1266.34,NOT_INITIATED,RETURN,,,GW-36369070
REF00003713,ORD0059663,CUST059663,TXN00059663,755.01,NOT_INITIATED,RETURN,,,GW-34588173
REF00003714,ORD0059680,CUST059680,TXN00059680,937.04,NOT_INITIATED,RETURN,,,GW-56981384
REF00003715,ORD0059713,CUST059713,TXN00059713,359.95,NOT_INITIATED,RETURN,,,GW-53215534
REF00003716,ORD0059770,CUST059770,TXN00059770,960.29,NOT_INITIATED,ORDER_CANCELLED,,,GW-78290706
REF00003717,ORD0059774,CUST059774,TXN00059774,1242.82,NOT_INITIATED,RETURN,,,GW-27228917
REF00003718,ORD0059784,CUST059784,TXN00059784,550.34,NOT_INITIATED,ORDER_CANCELLED,,,GW-62084434
REF00003719,ORD0059812,CUST059812,TXN00059812,715.98,NOT_INITIATED,ORDER_CANCELLED,,,GW-64549069
REF00003720,ORD0059814,CUST059814,TXN00059814,445.38,NOT_INITIATED,RETURN,,,GW-37483870
REF00003721,ORD0059828,CUST059828,TXN00059828,574.05,NOT_INITIATED,ORDER_CANCELLED,,,GW-54162308
REF00003722,ORD0059836,CUST059836,TXN00059836,1063.92,NOT_INITIATED,ORDER_CANCELLED,,,GW-17556113
REF00003723,ORD0059837,CUST059837,TXN00059837,1195.49,NOT_INITIATED,ORDER_CANCELLED,,,GW-48879102
REF00003724,ORD0059868,CUST059868,TXN00059868,584.88,NOT_INITIATED,ORDER_CANCELLED,,,GW-46801192
REF00003725,ORD0059888,CUST059888,TXN00059888,798.2,NOT_INITIATED,ORDER_CANCELLED,,,GW-84094910
REF00003726,ORD0059902,CUST059902,TXN00059902,536.0,NOT_INITIATED,RETURN,,,GW-28410010
REF00003727,ORD0059930,CUST059930,TXN00059930,92.99,NOT_INITIATED,ORDER_CANCELLED,,,GW-85242373
REF00003728,ORD0059946,CUST059946,TXN00059946,368.93,NOT_INITIATED,RETURN,,,GW-13962452
REF00003729,ORD0059982,CUST059982,TXN00059982,572.39,NOT_INITIATED,ORDER_CANCELLED,,,GW-59718957
REF00003730,ORD0060078,CUST060078,TXN00060078,1202.79,NOT_INITIATED,ORDER_CANCELLED,,,GW-52687429
REF00003731,ORD0060084,CUST060084,TXN00060084,862.37,NOT_INITIATED,ORDER_CANCELLED,,,GW-83041062
REF00003732,ORD0060097,CUST060097,TXN00060097,2808.51,NOT_INITIATED,ORDER_CANCELLED,,,GW-54974876
REF00003733,ORD0060147,CUST060147,TXN00060147,270.23,NOT_INITIATED,ORDER_CANCELLED,,,GW-47286287
REF00003734,ORD0060155,CUST060155,TXN00060155,1218.8,NOT_INITIATED,RETURN,,,GW-11049873
REF00003735,ORD0060160,CUST060160,TXN00060160,1472.03,NOT_INITIATED,RETURN,,,GW-96461423
REF00003736,ORD0060164,CUST060164,TXN00060164,2186.72,NOT_INITIATED,RETURN,,,GW-48649811
REF00003737,ORD0060168,CUST060168,TXN00060168,2029.82,NOT_INITIATED,RETURN,,,GW-63681753
REF00003738,ORD0060173,CUST060173,TXN00060173,927.24,NOT_INITIATED,RETURN,,,GW-70135061
REF00003739,ORD0060174,CUST060174,TXN00060174,2426.72,NOT_INITIATED,RETURN,,,GW-84657564
REF00003740,ORD0060185,CUST060185,TXN00060185,377.76,NOT_INITIATED,RETURN,,,GW-70879501
REF00003741,ORD0060196,CUST060196,TXN00060196,724.73,NOT_INITIATED,RETURN,,,GW-79267042
REF00003742,ORD0060197,CUST060197,TXN00060197,2826.22,NOT_INITIATED,RETURN,,,GW-73748178
REF00003743,ORD0060223,CUST060223,TXN00060223,257.44,NOT_INITIATED,ORDER_CANCELLED,,,GW-72729862
REF00003744,ORD0060229,CUST060229,TXN00060229,258.03,NOT_INITIATED,RETURN,,,GW-48029569
REF00003745,ORD0060266,CUST060266,TXN00060266,1989.33,NOT_INITIATED,RETURN,,,GW-38619613
REF00003746,ORD0060296,CUST060296,TXN00060296,651.77,NOT_INITIATED,ORDER_CANCELLED,,,GW-32060515
REF00003747,ORD0060301,CUST060301,TXN00060301,1081.61,NOT_INITIATED,ORDER_CANCELLED,,,GW-40413711
REF00003748,ORD0060349,CUST060349,TXN00060349,2797.02,NOT_INITIATED,RETURN,,,GW-93117258
REF00003749,ORD0060366,CUST060366,TXN00060366,24.91,NOT_INITIATED,RETURN,,,GW-70039818
REF00003750,ORD0060368,CUST060368,TXN00060368,299.89,NOT_INITIATED,RETURN,,,GW-46439377
REF00003751,ORD0060380,CUST060380,TXN00060380,730.31,NOT_INITIATED,ORDER_CANCELLED,,,GW-88826025
REF00003752,ORD0060410,CUST060410,TXN00060410,478.01,NOT_INITIATED,ORDER_CANCELLED,,,GW-97957500
REF00003753,ORD0060411,CUST060411,TXN00060411,289.44,NOT_INITIATED,RETURN,,,GW-15091791
REF00003754,ORD0060419,CUST060419,TXN00060419,546.48,NOT_INITIATED,RETURN,,,GW-18927661
REF00003755,ORD0060420,CUST060420,TXN00060420,990.07,NOT_INITIATED,RETURN,,,GW-40179193
REF00003756,ORD0060478,CUST060478,TXN00060478,636.75,NOT_INITIATED,RETURN,,,GW-67026595
REF00003757,ORD0060483,CUST060483,TXN00060483,280.29,NOT_INITIATED,RETURN,,,GW-72570771
REF00003758,ORD0060502,CUST060502,TXN00060502,986.09,NOT_INITIATED,RETURN,,,GW-55110639
REF00003759,ORD0060512,CUST060512,TXN00060512,201.71,NOT_INITIATED,ORDER_CANCELLED,,,GW-47969716
REF00003760,ORD0060520,CUST060520,TXN00060520,1946.26,NOT_INITIATED,RETURN,,,GW-44153780
REF00003761,ORD0060549,CUST060549,TXN00060549,502.24,NOT_INITIATED,ORDER_CANCELLED,,,GW-78128791
REF00003762,ORD0060591,CUST060591,TXN00060591,940.84,NOT_INITIATED,ORDER_CANCELLED,,,GW-76160084
REF00003763,ORD0060602,CUST060602,TXN00060602,121.26,NOT_INITIATED,ORDER_CANCELLED,,,GW-53173453
REF00003764,ORD0060605,CUST060605,TXN00060605,1513.93,NOT_INITIATED,ORDER_CANCELLED,,,GW-87414178
REF00003765,ORD0060624,CUST060624,TXN00060624,1587.88,NOT_INITIATED,ORDER_CANCELLED,,,GW-24120727
REF00003766,ORD0060641,CUST060641,TXN00060641,728.41,NOT_INITIATED,RETURN,,,GW-96873972
REF00003767,ORD0060660,CUST060660,TXN00060660,359.68,NOT_INITIATED,ORDER_CANCELLED,,,GW-51014337
REF00003768,ORD0060675,CUST060675,TXN00060675,223.26,NOT_INITIATED,RETURN,,,GW-69724874
REF00003769,ORD0060678,CUST060678,TXN00060678,693.03,NOT_INITIATED,ORDER_CANCELLED,,,GW-86117480
REF00003770,ORD0060692,CUST060692,TXN00060692,1320.3,NOT_INITIATED,RETURN,,,GW-67327355
REF00003771,ORD0060698,CUST060698,TXN00060698,1502.25,NOT_INITIATED,RETURN,,,GW-95867171
REF00003772,ORD0060699,CUST060699,TXN00060699,838.34,NOT_INITIATED,ORDER_CANCELLED,,,GW-58865837
REF00003773,ORD0060719,CUST060719,TXN00060719,278.39,NOT_INITIATED,RETURN,,,GW-98893949
REF00003774,ORD0060732,CUST060732,TXN00060732,2032.74,NOT_INITIATED,ORDER_CANCELLED,,,GW-83344193
REF00003775,ORD0060739,CUST060739,TXN00060739,354.87,NOT_INITIATED,RETURN,,,GW-17213381
REF00003776,ORD0060774,CUST060774,TXN00060774,763.98,NOT_INITIATED,RETURN,,,GW-82858049
REF00003777,ORD0060829,CUST060829,TXN00060829,1360.95,NOT_INITIATED,RETURN,,,GW-79024892
REF00003778,ORD0060835,CUST060835,TXN00060835,1178.18,NOT_INITIATED,ORDER_CANCELLED,,,GW-24554126
REF00003779,ORD0060838,CUST060838,TXN00060838,1651.64,NOT_INITIATED,ORDER_CANCELLED,,,GW-34429328
REF00003780,ORD0060883,CUST060883,TXN00060883,54.09,NOT_INITIATED,ORDER_CANCELLED,,,GW-58103524
REF00003781,ORD0060903,CUST060903,TXN00060903,439.1,NOT_INITIATED,RETURN,,,GW-45719241
REF00003782,ORD0060931,CUST060931,TXN00060931,100.51,NOT_INITIATED,ORDER_CANCELLED,,,GW-20489132
REF00003783,ORD0060955,CUST060955,TXN00060955,1091.37,NOT_INITIATED,ORDER_CANCELLED,,,GW-54416096
REF00003784,ORD0060964,CUST060964,TXN00060964,949.77,NOT_INITIATED,RETURN,,,GW-40415976
REF00003785,ORD0061020,CUST061020,TXN00061020,167.63,NOT_INITIATED,RETURN,,,GW-75148777
REF00003786,ORD0061021,CUST061021,TXN00061021,478.75,NOT_INITIATED,ORDER_CANCELLED,,,GW-50546101
REF00003787,ORD0061053,CUST061053,TXN00061053,266.38,NOT_INITIATED,ORDER_CANCELLED,,,GW-27287944
REF00003788,ORD0061068,CUST061068,TXN00061068,1379.96,NOT_INITIATED,RETURN,,,GW-79712655
REF00003789,ORD0061087,CUST061087,TXN00061087,226.46,NOT_INITIATED,ORDER_CANCELLED,,,GW-87753021
REF00003790,ORD0061100,CUST061100,TXN00061100,390.28,NOT_INITIATED,RETURN,,,GW-93335975
REF00003791,ORD0061137,CUST061137,TXN00061137,495.93,NOT_INITIATED,ORDER_CANCELLED,,,GW-92288966
REF00003792,ORD0061143,CUST061143,TXN00061143,255.96,NOT_INITIATED,ORDER_CANCELLED,,,GW-25178784
REF00003793,ORD0061157,CUST061157,TXN00061157,232.76,NOT_INITIATED,ORDER_CANCELLED,,,GW-90950662
REF00003794,ORD0061202,CUST061202,TXN00061202,500.88,NOT_INITIATED,ORDER_CANCELLED,,,GW-52671040
REF00003795,ORD0061222,CUST061222,TXN00061222,214.51,NOT_INITIATED,ORDER_CANCELLED,,,GW-52473714
REF00003796,ORD0061230,CUST061230,TXN00061230,160.59,NOT_INITIATED,ORDER_CANCELLED,,,GW-13159046
REF00003797,ORD0061246,CUST061246,TXN00061246,2963.16,NOT_INITIATED,RETURN,,,GW-49780034
REF00003798,ORD0061247,CUST061247,TXN00061247,342.77,NOT_INITIATED,ORDER_CANCELLED,,,GW-99138469
REF00003799,ORD0061259,CUST061259,TXN00061259,1515.36,NOT_INITIATED,ORDER_CANCELLED,,,GW-85301091
REF00003800,ORD0061300,CUST061300,TXN00061300,1839.86,NOT_INITIATED,ORDER_CANCELLED,,,GW-62518179
REF00003801,ORD0061316,CUST061316,TXN00061316,496.54,NOT_INITIATED,ORDER_CANCELLED,,,GW-57726435
REF00003802,ORD0061322,CUST061322,TXN00061322,58.19,NOT_INITIATED,ORDER_CANCELLED,,,GW-57966654
REF00003803,ORD0061342,CUST061342,TXN00061342,1427.73,NOT_INITIATED,RETURN,,,GW-66036972
REF00003804,ORD0061346,CUST061346,TXN00061346,431.12,NOT_INITIATED,ORDER_CANCELLED,,,GW-59387292
REF00003805,ORD0061350,CUST061350,TXN00061350,1041.73,NOT_INITIATED,ORDER_CANCELLED,,,GW-29961303
REF00003806,ORD0061369,CUST061369,TXN00061369,420.71,NOT_INITIATED,RETURN,,,GW-92923844
REF00003807,ORD0061453,CUST061453,TXN00061453,672.72,NOT_INITIATED,ORDER_CANCELLED,,,GW-43743605
REF00003808,ORD0061455,CUST061455,TXN00061455,1872.81,NOT_INITIATED,ORDER_CANCELLED,,,GW-30834771
REF00003809,ORD0061466,CUST061466,TXN00061466,1764.83,NOT_INITIATED,ORDER_CANCELLED,,,GW-30602828
REF00003810,ORD0061490,CUST061490,TXN00061490,1730.38,NOT_INITIATED,ORDER_CANCELLED,,,GW-15823041
REF00003811,ORD0061494,CUST061494,TXN00061494,1036.85,NOT_INITIATED,RETURN,,,GW-16728807
REF00003812,ORD0061496,CUST061496,TXN00061496,144.8,NOT_INITIATED,ORDER_CANCELLED,,,GW-84170788
REF00003813,ORD0061557,CUST061557,TXN00061557,1933.21,NOT_INITIATED,RETURN,,,GW-49579163
REF00003814,ORD0061598,CUST061598,TXN00061598,1249.51,NOT_INITIATED,ORDER_CANCELLED,,,GW-71234268
REF00003815,ORD0061613,CUST061613,TXN00061613,658.4,NOT_INITIATED,RETURN,,,GW-20664763
REF00003816,ORD0061626,CUST061626,TXN00061626,972.06,NOT_INITIATED,ORDER_CANCELLED,,,GW-20372278
REF00003817,ORD0061633,CUST061633,TXN00061633,24.38,NOT_INITIATED,RETURN,,,GW-82917207
REF00003818,ORD0061640,CUST061640,TXN00061640,303.02,NOT_INITIATED,RETURN,,,GW-68531744
REF00003819,ORD0061647,CUST061647,TXN00061647,1152.74,NOT_INITIATED,RETURN,,,GW-10052212
REF00003820,ORD0061692,CUST061692,TXN00061692,69.95,NOT_INITIATED,RETURN,,,GW-91228310
REF00003821,ORD0061717,CUST061717,TXN00061717,1168.88,NOT_INITIATED,ORDER_CANCELLED,,,GW-34461008
REF00003822,ORD0061730,CUST061730,TXN00061730,671.34,NOT_INITIATED,RETURN,,,GW-45448170
REF00003823,ORD0061734,CUST061734,TXN00061734,197.71,NOT_INITIATED,RETURN,,,GW-29793790
REF00003824,ORD0061742,CUST061742,TXN00061742,1955.77,NOT_INITIATED,ORDER_CANCELLED,,,GW-90770985
REF00003825,ORD0061748,CUST061748,TXN00061748,243.21,NOT_INITIATED,RETURN,,,GW-15962543
REF00003826,ORD0061755,CUST061755,TXN00061755,30.67,NOT_INITIATED,RETURN,,,GW-48738132
REF00003827,ORD0061773,CUST061773,TXN00061773,1802.54,NOT_INITIATED,RETURN,,,GW-16891640
REF00003828,ORD0061779,CUST061779,TXN00061779,471.96,NOT_INITIATED,RETURN,,,GW-55068945
REF00003829,ORD0061782,CUST061782,TXN00061782,367.44,NOT_INITIATED,ORDER_CANCELLED,,,GW-17804003
REF00003830,ORD0061822,CUST061822,TXN00061822,872.78,NOT_INITIATED,ORDER_CANCELLED,,,GW-48573398
REF00003831,ORD0061833,CUST061833,TXN00061833,532.86,NOT_INITIATED,RETURN,,,GW-88424553
REF00003832,ORD0061869,CUST061869,TXN00061869,1321.16,NOT_INITIATED,ORDER_CANCELLED,,,GW-14677171
REF00003833,ORD0061898,CUST061898,TXN00061898,2074.84,NOT_INITIATED,ORDER_CANCELLED,,,GW-17066787
REF00003834,ORD0061899,CUST061899,TXN00061899,1702.47,NOT_INITIATED,RETURN,,,GW-40903424
REF00003835,ORD0061901,CUST061901,TXN00061901,1350.73,NOT_INITIATED,ORDER_CANCELLED,,,GW-87901873
REF00003836,ORD0061926,CUST061926,TXN00061926,2181.22,NOT_INITIATED,RETURN,,,GW-30135665
REF00003837,ORD0061955,CUST061955,TXN00061955,1570.47,NOT_INITIATED,ORDER_CANCELLED,,,GW-30689845
REF00003838,ORD0061956,CUST061956,TXN00061956,519.45,NOT_INITIATED,RETURN,,,GW-91237384
REF00003839,ORD0061969,CUST061969,TXN00061969,1014.87,NOT_INITIATED,ORDER_CANCELLED,,,GW-52466337
REF00003840,ORD0061989,CUST061989,TXN00061989,782.32,NOT_INITIATED,ORDER_CANCELLED,,,GW-97872803
REF00003841,ORD0062005,CUST062005,TXN00062005,602.4,NOT_INITIATED,RETURN,,,GW-44503431
REF00003842,ORD0062019,CUST062019,TXN00062019,583.68,NOT_INITIATED,ORDER_CANCELLED,,,GW-40767362
REF00003843,ORD0062040,CUST062040,TXN00062040,2949.79,NOT_INITIATED,ORDER_CANCELLED,,,GW-49867523
REF00003844,ORD0062042,CUST062042,TXN00062042,698.33,NOT_INITIATED,ORDER_CANCELLED,,,GW-88212591
REF00003845,ORD0062121,CUST062121,TXN00062121,2600.0,NOT_INITIATED,ORDER_CANCELLED,,,GW-73768077
REF00003846,ORD0062124,CUST062124,TXN00062124,139.75,NOT_INITIATED,ORDER_CANCELLED,,,GW-14754238
REF00003847,ORD0062126,CUST062126,TXN00062126,2166.19,NOT_INITIATED,ORDER_CANCELLED,,,GW-23745796
REF00003848,ORD0062129,CUST062129,TXN00062129,1211.02,NOT_INITIATED,RETURN,,,GW-46926046
REF00003849,ORD0062133,CUST062133,TXN00062133,1250.19,NOT_INITIATED,ORDER_CANCELLED,,,GW-91091434
REF00003850,ORD0062144,CUST062144,TXN00062144,462.15,NOT_INITIATED,ORDER_CANCELLED,,,GW-41620682
REF00003851,ORD0062174,CUST062174,TXN00062174,478.13,NOT_INITIATED,ORDER_CANCELLED,,,GW-30256804
REF00003852,ORD0062180,CUST062180,TXN00062180,158.29,NOT_INITIATED,RETURN,,,GW-36697430
REF00003853,ORD0062185,CUST062185,TXN00062185,163.84,NOT_INITIATED,RETURN,,,GW-69969287
REF00003854,ORD0062205,CUST062205,TXN00062205,1213.24,NOT_INITIATED,ORDER_CANCELLED,,,GW-95562234
REF00003855,ORD0062211,CUST062211,TXN00062211,1204.84,NOT_INITIATED,RETURN,,,GW-62612736
REF00003856,ORD0062249,CUST062249,TXN00062249,636.88,NOT_INITIATED,RETURN,,,GW-26697880
REF00003857,ORD0062260,CUST062260,TXN00062260,578.95,NOT_INITIATED,ORDER_CANCELLED,,,GW-82591528
REF00003858,ORD0062279,CUST062279,TXN00062279,2031.75,NOT_INITIATED,ORDER_CANCELLED,,,GW-59186742
REF00003859,ORD0062327,CUST062327,TXN00062327,1974.98,NOT_INITIATED,RETURN,,,GW-35673839
REF00003860,ORD0062340,CUST062340,TXN00062340,876.74,NOT_INITIATED,RETURN,,,GW-22200616
REF00003861,ORD0062347,CUST062347,TXN00062347,400.54,NOT_INITIATED,ORDER_CANCELLED,,,GW-52873978
REF00003862,ORD0062357,CUST062357,TXN00062357,1729.93,NOT_INITIATED,ORDER_CANCELLED,,,GW-91794309
REF00003863,ORD0062376,CUST062376,TXN00062376,90.69,NOT_INITIATED,RETURN,,,GW-70660424
REF00003864,ORD0062377,CUST062377,TXN00062377,178.12,NOT_INITIATED,ORDER_CANCELLED,,,GW-68220272
REF00003865,ORD0062382,CUST062382,TXN00062382,19.57,NOT_INITIATED,ORDER_CANCELLED,,,GW-96926441
REF00003866,ORD0062386,CUST062386,TXN00062386,1747.26,NOT_INITIATED,ORDER_CANCELLED,,,GW-58121690
REF00003867,ORD0062389,CUST062389,TXN00062389,1481.25,NOT_INITIATED,ORDER_CANCELLED,,,GW-68624123
REF00003868,ORD0062391,CUST062391,TXN00062391,1286.34,NOT_INITIATED,ORDER_CANCELLED,,,GW-41717284
REF00003869,ORD0062413,CUST062413,TXN00062413,423.78,NOT_INITIATED,RETURN,,,GW-51665847
REF00003870,ORD0062421,CUST062421,TXN00062421,765.13,NOT_INITIATED,ORDER_CANCELLED,,,GW-40838219
REF00003871,ORD0062438,CUST062438,TXN00062438,1035.03,NOT_INITIATED,ORDER_CANCELLED,,,GW-24325102
REF00003872,ORD0062449,CUST062449,TXN00062449,1613.88,NOT_INITIATED,ORDER_CANCELLED,,,GW-76326338
REF00003873,ORD0062462,CUST062462,TXN00062462,287.32,NOT_INITIATED,ORDER_CANCELLED,,,GW-27154561
REF00003874,ORD0062465,CUST062465,TXN00062465,769.42,NOT_INITIATED,RETURN,,,GW-62404072
REF00003875,ORD0062473,CUST062473,TXN00062473,1090.86,NOT_INITIATED,RETURN,,,GW-77390110
REF00003876,ORD0062483,CUST062483,TXN00062483,1919.6,NOT_INITIATED,ORDER_CANCELLED,,,GW-24604761
REF00003877,ORD0062502,CUST062502,TXN00062502,597.98,NOT_INITIATED,ORDER_CANCELLED,,,GW-63139696
REF00003878,ORD0062524,CUST062524,TXN00062524,1056.69,NOT_INITIATED,RETURN,,,GW-60677967
REF00003879,ORD0062525,CUST062525,TXN00062525,385.01,NOT_INITIATED,RETURN,,,GW-78978694
REF00003880,ORD0062531,CUST062531,TXN00062531,587.73,NOT_INITIATED,RETURN,,,GW-93387837
REF00003881,ORD0062559,CUST062559,TXN00062559,441.55,NOT_INITIATED,RETURN,,,GW-39447149
REF00003882,ORD0062561,CUST062561,TXN00062561,252.35,NOT_INITIATED,RETURN,,,GW-44237273
REF00003883,ORD0062608,CUST062608,TXN00062608,416.82,NOT_INITIATED,ORDER_CANCELLED,,,GW-55665682
REF00003884,ORD0062610,CUST062610,TXN00062610,634.74,NOT_INITIATED,RETURN,,,GW-23714454
REF00003885,ORD0062657,CUST062657,TXN00062657,168.27,NOT_INITIATED,ORDER_CANCELLED,,,GW-75304817
REF00003886,ORD0062675,CUST062675,TXN00062675,157.32,NOT_INITIATED,RETURN,,,GW-34498870
REF00003887,ORD0062689,CUST062689,TXN00062689,1413.75,NOT_INITIATED,ORDER_CANCELLED,,,GW-76979905
REF00003888,ORD0062717,CUST062717,TXN00062717,1109.89,NOT_INITIATED,ORDER_CANCELLED,,,GW-69231992
REF00003889,ORD0062739,CUST062739,TXN00062739,477.26,NOT_INITIATED,RETURN,,,GW-88993620
REF00003890,ORD0062770,CUST062770,TXN00062770,1386.85,NOT_INITIATED,RETURN,,,GW-83015800
REF00003891,ORD0062776,CUST062776,TXN00062776,2413.94,NOT_INITIATED,RETURN,,,GW-82861952
REF00003892,ORD0062782,CUST062782,TXN00062782,953.88,NOT_INITIATED,RETURN,,,GW-63298497
REF00003893,ORD0062801,CUST062801,TXN00062801,288.32,NOT_INITIATED,ORDER_CANCELLED,,,GW-13648785
REF00003894,ORD0062835,CUST062835,TXN00062835,137.75,NOT_INITIATED,RETURN,,,GW-12833837
REF00003895,ORD0062844,CUST062844,TXN00062844,415.27,NOT_INITIATED,ORDER_CANCELLED,,,GW-55133504
REF00003896,ORD0062860,CUST062860,TXN00062860,1954.44,NOT_INITIATED,ORDER_CANCELLED,,,GW-53699385
REF00003897,ORD0062906,CUST062906,TXN00062906,671.55,NOT_INITIATED,RETURN,,,GW-81447011
REF00003898,ORD0062929,CUST062929,TXN00062929,433.39,NOT_INITIATED,ORDER_CANCELLED,,,GW-61323038
REF00003899,ORD0062981,CUST062981,TXN00062981,1912.77,NOT_INITIATED,ORDER_CANCELLED,,,GW-74334239
REF00003900,ORD0063017,CUST063017,TXN00063017,1016.67,NOT_INITIATED,RETURN,,,GW-45529584
REF00003901,ORD0063030,CUST063030,TXN00063030,136.81,NOT_INITIATED,RETURN,,,GW-14050572
REF00003902,ORD0063036,CUST063036,TXN00063036,751.38,NOT_INITIATED,ORDER_CANCELLED,,,GW-81022462
REF00003903,ORD0063042,CUST063042,TXN00063042,345.99,NOT_INITIATED,ORDER_CANCELLED,,,GW-43639763
REF00003904,ORD0063045,CUST063045,TXN00063045,532.52,NOT_INITIATED,ORDER_CANCELLED,,,GW-47858833
REF00003905,ORD0063056,CUST063056,TXN00063056,1238.6,NOT_INITIATED,RETURN,,,GW-32501947
REF00003906,ORD0063063,CUST063063,TXN00063063,78.21,NOT_INITIATED,RETURN,,,GW-84463795
REF00003907,ORD0063083,CUST063083,TXN00063083,968.35,NOT_INITIATED,RETURN,,,GW-51949193
REF00003908,ORD0063100,CUST063100,TXN00063100,908.3,NOT_INITIATED,RETURN,,,GW-38116186
REF00003909,ORD0063101,CUST063101,TXN00063101,222.66,NOT_INITIATED,ORDER_CANCELLED,,,GW-38104002
REF00003910,ORD0063127,CUST063127,TXN00063127,794.25,NOT_INITIATED,RETURN,,,GW-34970633
REF00003911,ORD0063131,CUST063131,TXN00063131,477.76,NOT_INITIATED,ORDER_CANCELLED,,,GW-74216214
REF00003912,ORD0063132,CUST063132,TXN00063132,36.98,NOT_INITIATED,RETURN,,,GW-76058292
REF00003913,ORD0063138,CUST063138,TXN00063138,2075.31,NOT_INITIATED,RETURN,,,GW-21177508
REF00003914,ORD0063150,CUST063150,TXN00063150,112.71,NOT_INITIATED,ORDER_CANCELLED,,,GW-54280156
REF00003915,ORD0063168,CUST063168,TXN00063168,1245.8,NOT_INITIATED,RETURN,,,GW-10920891
REF00003916,ORD0063183,CUST063183,TXN00063183,521.52,NOT_INITIATED,RETURN,,,GW-21982923
REF00003917,ORD0063206,CUST063206,TXN00063206,1032.41,NOT_INITIATED,RETURN,,,GW-28431065
REF00003918,ORD0063209,CUST063209,TXN00063209,193.48,NOT_INITIATED,ORDER_CANCELLED,,,GW-90995505
REF00003919,ORD0063221,CUST063221,TXN00063221,125.59,NOT_INITIATED,ORDER_CANCELLED,,,GW-73292506
REF00003920,ORD0063232,CUST063232,TXN00063232,1082.9,NOT_INITIATED,ORDER_CANCELLED,,,GW-51543123
REF00003921,ORD0063242,CUST063242,TXN00063242,160.27,NOT_INITIATED,ORDER_CANCELLED,,,GW-24730488
REF00003922,ORD0063259,CUST063259,TXN00063259,1300.52,NOT_INITIATED,RETURN,,,GW-84859026
REF00003923,ORD0063261,CUST063261,TXN00063261,1071.45,NOT_INITIATED,ORDER_CANCELLED,,,GW-62077317
REF00003924,ORD0063265,CUST063265,TXN00063265,1146.58,NOT_INITIATED,RETURN,,,GW-80426715
REF00003925,ORD0063276,CUST063276,TXN00063276,512.56,NOT_INITIATED,ORDER_CANCELLED,,,GW-39453090
REF00003926,ORD0063306,CUST063306,TXN00063306,1217.73,NOT_INITIATED,ORDER_CANCELLED,,,GW-54996365
REF00003927,ORD0063328,CUST063328,TXN00063328,2991.92,NOT_INITIATED,RETURN,,,GW-95726936
REF00003928,ORD0063342,CUST063342,TXN00063342,1620.2,NOT_INITIATED,ORDER_CANCELLED,,,GW-72039910
REF00003929,ORD0063349,CUST063349,TXN00063349,321.78,NOT_INITIATED,ORDER_CANCELLED,,,GW-16793952
REF00003930,ORD0063367,CUST063367,TXN00063367,136.51,NOT_INITIATED,RETURN,,,GW-22728579
REF00003931,ORD0063399,CUST063399,TXN00063399,410.51,NOT_INITIATED,RETURN,,,GW-36036847
REF00003932,ORD0063406,CUST063406,TXN00063406,294.41,NOT_INITIATED,ORDER_CANCELLED,,,GW-68172393
REF00003933,ORD0063417,CUST063417,TXN00063417,177.76,NOT_INITIATED,RETURN,,,GW-26229715
REF00003934,ORD0063443,CUST063443,TXN00063443,2068.27,NOT_INITIATED,RETURN,,,GW-80815549
REF00003935,ORD0063447,CUST063447,TXN00063447,2223.14,NOT_INITIATED,ORDER_CANCELLED,,,GW-94196575
REF00003936,ORD0063448,CUST063448,TXN00063448,414.12,NOT_INITIATED,RETURN,,,GW-61301268
REF00003937,ORD0063463,CUST063463,TXN00063463,1913.27,NOT_INITIATED,RETURN,,,GW-27032421
REF00003938,ORD0063523,CUST063523,TXN00063523,439.78,NOT_INITIATED,ORDER_CANCELLED,,,GW-50746270
REF00003939,ORD0063539,CUST063539,TXN00063539,1842.18,NOT_INITIATED,ORDER_CANCELLED,,,GW-85053931
REF00003940,ORD0063604,CUST063604,TXN00063604,281.31,NOT_INITIATED,ORDER_CANCELLED,,,GW-15831638
REF00003941,ORD0063609,CUST063609,TXN00063609,790.71,NOT_INITIATED,RETURN,,,GW-98259142
REF00003942,ORD0063652,CUST063652,TXN00063652,2611.08,NOT_INITIATED,ORDER_CANCELLED,,,GW-81382186
REF00003943,ORD0063661,CUST063661,TXN00063661,269.63,NOT_INITIATED,RETURN,,,GW-44459257
REF00003944,ORD0063662,CUST063662,TXN00063662,516.6,NOT_INITIATED,RETURN,,,GW-24867667
REF00003945,ORD0063684,CUST063684,TXN00063684,717.73,NOT_INITIATED,RETURN,,,GW-34030045
REF00003946,ORD0063685,CUST063685,TXN00063685,2409.02,NOT_INITIATED,ORDER_CANCELLED,,,GW-63939421
REF00003947,ORD0063693,CUST063693,TXN00063693,405.99,NOT_INITIATED,RETURN,,,GW-48558136
REF00003948,ORD0063760,CUST063760,TXN00063760,595.16,NOT_INITIATED,ORDER_CANCELLED,,,GW-90501705
REF00003949,ORD0063792,CUST063792,TXN00063792,2415.17,NOT_INITIATED,RETURN,,,GW-92978845
REF00003950,ORD0063793,CUST063793,TXN00063793,1064.99,NOT_INITIATED,RETURN,,,GW-91234438
REF00003951,ORD0063872,CUST063872,TXN00063872,1594.89,NOT_INITIATED,RETURN,,,GW-72220461
REF00003952,ORD0063890,CUST063890,TXN00063890,138.68,NOT_INITIATED,RETURN,,,GW-17092390
REF00003953,ORD0063905,CUST063905,TXN00063905,1169.62,NOT_INITIATED,RETURN,,,GW-85195289
REF00003954,ORD0063921,CUST063921,TXN00063921,1137.66,NOT_INITIATED,ORDER_CANCELLED,,,GW-52277653
REF00003955,ORD0063943,CUST063943,TXN00063943,444.93,NOT_INITIATED,RETURN,,,GW-45618405
REF00003956,ORD0063951,CUST063951,TXN00063951,382.43,NOT_INITIATED,RETURN,,,GW-90241114
REF00003957,ORD0063961,CUST063961,TXN00063961,159.52,NOT_INITIATED,ORDER_CANCELLED,,,GW-70637917
REF00003958,ORD0063966,CUST063966,TXN00063966,682.81,NOT_INITIATED,ORDER_CANCELLED,,,GW-25538054
REF00003959,ORD0063969,CUST063969,TXN00063969,248.37,NOT_INITIATED,RETURN,,,GW-51728424
REF00003960,ORD0063975,CUST063975,TXN00063975,1084.44,NOT_INITIATED,RETURN,,,GW-81222563
REF00003961,ORD0063986,CUST063986,TXN00063986,338.3,NOT_INITIATED,RETURN,,,GW-99622360
REF00003962,ORD0063993,CUST063993,TXN00063993,424.38,NOT_INITIATED,ORDER_CANCELLED,,,GW-15451174
REF00003963,ORD0064006,CUST064006,TXN00064006,234.91,NOT_INITIATED,RETURN,,,GW-25710411
REF00003964,ORD0064042,CUST064042,TXN00064042,388.51,NOT_INITIATED,RETURN,,,GW-72630700
REF00003965,ORD0064075,CUST064075,TXN00064075,151.76,NOT_INITIATED,ORDER_CANCELLED,,,GW-48442111
REF00003966,ORD0064148,CUST064148,TXN00064148,263.88,NOT_INITIATED,RETURN,,,GW-18048021
REF00003967,ORD0064149,CUST064149,TXN00064149,328.32,NOT_INITIATED,RETURN,,,GW-64698372
REF00003968,ORD0064160,CUST064160,TXN00064160,1375.7,NOT_INITIATED,RETURN,,,GW-44147844
REF00003969,ORD0064166,CUST064166,TXN00064166,370.69,NOT_INITIATED,ORDER_CANCELLED,,,GW-70235249
REF00003970,ORD0064185,CUST064185,TXN00064185,1869.69,NOT_INITIATED,ORDER_CANCELLED,,,GW-19488533
REF00003971,ORD0064193,CUST064193,TXN00064193,1335.45,NOT_INITIATED,ORDER_CANCELLED,,,GW-56952037
REF00003972,ORD0064221,CUST064221,TXN00064221,237.06,NOT_INITIATED,ORDER_CANCELLED,,,GW-27564933
REF00003973,ORD0064262,CUST064262,TXN00064262,2467.03,NOT_INITIATED,ORDER_CANCELLED,,,GW-40459454
REF00003974,ORD0064311,CUST064311,TXN00064311,1578.23,NOT_INITIATED,ORDER_CANCELLED,,,GW-30762344
REF00003975,ORD0064331,CUST064331,TXN00064331,381.22,NOT_INITIATED,ORDER_CANCELLED,,,GW-62341804
REF00003976,ORD0064336,CUST064336,TXN00064336,1432.75,NOT_INITIATED,ORDER_CANCELLED,,,GW-77632546
REF00003977,ORD0064339,CUST064339,TXN00064339,523.79,NOT_INITIATED,RETURN,,,GW-32877571
REF00003978,ORD0064386,CUST064386,TXN00064386,1236.56,NOT_INITIATED,RETURN,,,GW-70423605
REF00003979,ORD0064395,CUST064395,TXN00064395,1922.67,NOT_INITIATED,ORDER_CANCELLED,,,GW-27897155
REF00003980,ORD0064406,CUST064406,TXN00064406,653.84,NOT_INITIATED,ORDER_CANCELLED,,,GW-45846380
REF00003981,ORD0064488,CUST064488,TXN00064488,1720.79,NOT_INITIATED,RETURN,,,GW-13183012
REF00003982,ORD0064493,CUST064493,TXN00064493,219.06,NOT_INITIATED,RETURN,,,GW-55191135
REF00003983,ORD0064514,CUST064514,TXN00064514,1785.37,NOT_INITIATED,RETURN,,,GW-81165750
REF00003984,ORD0064575,CUST064575,TXN00064575,1128.24,NOT_INITIATED,RETURN,,,GW-29426925
REF00003985,ORD0064597,CUST064597,TXN00064597,1441.21,NOT_INITIATED,ORDER_CANCELLED,,,GW-64673687
REF00003986,ORD0064599,CUST064599,TXN00064599,203.86,NOT_INITIATED,ORDER_CANCELLED,,,GW-51171253
REF00003987,ORD0064604,CUST064604,TXN00064604,1011.2,NOT_INITIATED,RETURN,,,GW-13322113
REF00003988,ORD0064618,CUST064618,TXN00064618,885.47,NOT_INITIATED,ORDER_CANCELLED,,,GW-62004631
REF00003989,ORD0064647,CUST064647,TXN00064647,109.21,NOT_INITIATED,RETURN,,,GW-49371753
REF00003990,ORD0064651,CUST064651,TXN00064651,408.62,NOT_INITIATED,RETURN,,,GW-91237293
REF00003991,ORD0064680,CUST064680,TXN00064680,1004.71,NOT_INITIATED,RETURN,,,GW-62111186
REF00003992,ORD0064693,CUST064693,TXN00064693,125.16,NOT_INITIATED,ORDER_CANCELLED,,,GW-67081681
REF00003993,ORD0064706,CUST064706,TXN00064706,370.49,NOT_INITIATED,RETURN,,,GW-40831342
REF00003994,ORD0064753,CUST064753,TXN00064753,1322.27,NOT_INITIATED,RETURN,,,GW-57359277
REF00003995,ORD0064764,CUST064764,TXN00064764,1364.95,NOT_INITIATED,ORDER_CANCELLED,,,GW-90685265
REF00003996,ORD0064791,CUST064791,TXN00064791,515.39,NOT_INITIATED,RETURN,,,GW-69305095
REF00003997,ORD0064799,CUST064799,TXN00064799,1169.63,NOT_INITIATED,ORDER_CANCELLED,,,GW-73550731
REF00003998,ORD0064826,CUST064826,TXN00064826,2696.16,NOT_INITIATED,ORDER_CANCELLED,,,GW-45167834
REF00003999,ORD0064834,CUST064834,TXN00064834,1006.27,NOT_INITIATED,RETURN,,,GW-86432021
REF00004000,ORD0064837,CUST064837,TXN00064837,30.66,NOT_INITIATED,RETURN,,,GW-38513165
REF00004001,ORD0064838,CUST064838,TXN00064838,261.91,NOT_INITIATED,RETURN,,,GW-51120422
REF00004002,ORD0064865,CUST064865,TXN00064865,2819.65,NOT_INITIATED,ORDER_CANCELLED,,,GW-90103049
REF00004003,ORD0064867,CUST064867,TXN00064867,283.16,NOT_INITIATED,ORDER_CANCELLED,,,GW-49414767
REF00004004,ORD0064913,CUST064913,TXN00064913,1026.06,NOT_INITIATED,RETURN,,,GW-47008413
REF00004005,ORD0064936,CUST064936,TXN00064936,2423.57,NOT_INITIATED,ORDER_CANCELLED,,,GW-56171144
REF00004006,ORD0064943,CUST064943,TXN00064943,1022.99,NOT_INITIATED,RETURN,,,GW-73411902
REF00004007,ORD0064972,CUST064972,TXN00064972,1517.8,NOT_INITIATED,ORDER_CANCELLED,,,GW-19650018
REF00004008,ORD0065000,CUST065000,TXN00065000,260.02,NOT_INITIATED,ORDER_CANCELLED,,,GW-50570510
REF00004009,ORD0065002,CUST065002,TXN00065002,541.72,NOT_INITIATED,RETURN,,,GW-70961275
REF00004010,ORD0065015,CUST065015,TXN00065015,1177.98,NOT_INITIATED,RETURN,,,GW-41777037
REF00004011,ORD0065018,CUST065018,TXN00065018,1383.75,NOT_INITIATED,ORDER_CANCELLED,,,GW-43879769
REF00004012,ORD0065034,CUST065034,TXN00065034,712.17,NOT_INITIATED,RETURN,,,GW-80294554
REF00004013,ORD0065036,CUST065036,TXN00065036,874.28,NOT_INITIATED,RETURN,,,GW-19412815
REF00004014,ORD0065037,CUST065037,TXN00065037,668.68,NOT_INITIATED,RETURN,,,GW-33577581
REF00004015,ORD0065054,CUST065054,TXN00065054,1036.36,NOT_INITIATED,ORDER_CANCELLED,,,GW-59159917
REF00004016,ORD0065055,CUST065055,TXN00065055,264.74,NOT_INITIATED,RETURN,,,GW-44222314
REF00004017,ORD0065067,CUST065067,TXN00065067,1253.38,NOT_INITIATED,ORDER_CANCELLED,,,GW-97589358
REF00004018,ORD0065091,CUST065091,TXN00065091,1340.4,NOT_INITIATED,ORDER_CANCELLED,,,GW-51994161
REF00004019,ORD0065105,CUST065105,TXN00065105,109.62,NOT_INITIATED,ORDER_CANCELLED,,,GW-50271570
REF00004020,ORD0065181,CUST065181,TXN00065181,545.83,NOT_INITIATED,ORDER_CANCELLED,,,GW-97377925
REF00004021,ORD0065188,CUST065188,TXN00065188,1981.16,NOT_INITIATED,ORDER_CANCELLED,,,GW-40811350
REF00004022,ORD0065189,CUST065189,TXN00065189,55.17,NOT_INITIATED,ORDER_CANCELLED,,,GW-65011090
REF00004023,ORD0065195,CUST065195,TXN00065195,1341.3,NOT_INITIATED,RETURN,,,GW-38039849
REF00004024,ORD0065209,CUST065209,TXN00065209,1475.94,NOT_INITIATED,ORDER_CANCELLED,,,GW-89053486
REF00004025,ORD0065282,CUST065282,TXN00065282,464.85,NOT_INITIATED,RETURN,,,GW-69002589
REF00004026,ORD0065339,CUST065339,TXN00065339,1003.42,NOT_INITIATED,RETURN,,,GW-19949588
REF00004027,ORD0065348,CUST065348,TXN00065348,1663.68,NOT_INITIATED,RETURN,,,GW-92791472
REF00004028,ORD0065349,CUST065349,TXN00065349,926.91,NOT_INITIATED,RETURN,,,GW-27487058
REF00004029,ORD0065371,CUST065371,TXN00065371,604.88,NOT_INITIATED,ORDER_CANCELLED,,,GW-90928733
REF00004030,ORD0065375,CUST065375,TXN00065375,3014.82,NOT_INITIATED,RETURN,,,GW-24166139
REF00004031,ORD0065404,CUST065404,TXN00065404,602.4,NOT_INITIATED,RETURN,,,GW-76867786
REF00004032,ORD0065419,CUST065419,TXN00065419,572.59,NOT_INITIATED,ORDER_CANCELLED,,,GW-14089543
REF00004033,ORD0065467,CUST065467,TXN00065467,119.77,NOT_INITIATED,RETURN,,,GW-32178279
REF00004034,ORD0065476,CUST065476,TXN00065476,697.77,NOT_INITIATED,ORDER_CANCELLED,,,GW-73647361
REF00004035,ORD0065479,CUST065479,TXN00065479,289.69,NOT_INITIATED,RETURN,,,GW-84583045
REF00004036,ORD0065488,CUST065488,TXN00065488,1641.43,NOT_INITIATED,ORDER_CANCELLED,,,GW-11686624
REF00004037,ORD0065508,CUST065508,TXN00065508,913.27,NOT_INITIATED,ORDER_CANCELLED,,,GW-22675467
REF00004038,ORD0065509,CUST065509,TXN00065509,589.96,NOT_INITIATED,ORDER_CANCELLED,,,GW-83960446
REF00004039,ORD0065522,CUST065522,TXN00065522,437.03,NOT_INITIATED,RETURN,,,GW-65174338
REF00004040,ORD0065533,CUST065533,TXN00065533,114.98,NOT_INITIATED,RETURN,,,GW-88683716
REF00004041,ORD0065575,CUST065575,TXN00065575,683.46,NOT_INITIATED,RETURN,,,GW-90366644
REF00004042,ORD0065578,CUST065578,TXN00065578,14.4,NOT_INITIATED,ORDER_CANCELLED,,,GW-86972406
REF00004043,ORD0065581,CUST065581,TXN00065581,1097.98,NOT_INITIATED,RETURN,,,GW-40783754
REF00004044,ORD0065607,CUST065607,TXN00065607,1447.55,NOT_INITIATED,RETURN,,,GW-41616447
REF00004045,ORD0065626,CUST065626,TXN00065626,1865.63,NOT_INITIATED,ORDER_CANCELLED,,,GW-16136233
REF00004046,ORD0065768,CUST065768,TXN00065768,338.53,NOT_INITIATED,ORDER_CANCELLED,,,GW-12096465
REF00004047,ORD0065837,CUST065837,TXN00065837,1365.99,NOT_INITIATED,RETURN,,,GW-23263757
REF00004048,ORD0065839,CUST065839,TXN00065839,220.44,NOT_INITIATED,ORDER_CANCELLED,,,GW-71159487
REF00004049,ORD0065842,CUST065842,TXN00065842,426.83,NOT_INITIATED,RETURN,,,GW-56681026
REF00004050,ORD0065851,CUST065851,TXN00065851,924.34,NOT_INITIATED,RETURN,,,GW-13086406
REF00004051,ORD0065863,CUST065863,TXN00065863,1181.5,NOT_INITIATED,RETURN,,,GW-88082966
REF00004052,ORD0065864,CUST065864,TXN00065864,613.62,NOT_INITIATED,ORDER_CANCELLED,,,GW-72574527
REF00004053,ORD0065924,CUST065924,TXN00065924,397.98,NOT_INITIATED,ORDER_CANCELLED,,,GW-98019479
REF00004054,ORD0065959,CUST065959,TXN00065959,454.27,NOT_INITIATED,ORDER_CANCELLED,,,GW-62147956
REF00004055,ORD0065981,CUST065981,TXN00065981,276.32,NOT_INITIATED,ORDER_CANCELLED,,,GW-35115805
REF00004056,ORD0066023,CUST066023,TXN00066023,322.05,NOT_INITIATED,ORDER_CANCELLED,,,GW-72644785
REF00004057,ORD0066038,CUST066038,TXN00066038,1207.47,NOT_INITIATED,ORDER_CANCELLED,,,GW-74742128
REF00004058,ORD0066051,CUST066051,TXN00066051,95.06,NOT_INITIATED,ORDER_CANCELLED,,,GW-91520892
REF00004059,ORD0066054,CUST066054,TXN00066054,1726.08,NOT_INITIATED,RETURN,,,GW-99882219
REF00004060,ORD0066073,CUST066073,TXN00066073,380.47,NOT_INITIATED,RETURN,,,GW-78906409
REF00004061,ORD0066086,CUST066086,TXN00066086,318.48,NOT_INITIATED,RETURN,,,GW-68480555
REF00004062,ORD0066096,CUST066096,TXN00066096,1367.3,NOT_INITIATED,RETURN,,,GW-80780387
REF00004063,ORD0066153,CUST066153,TXN00066153,200.16,NOT_INITIATED,RETURN,,,GW-33321950
REF00004064,ORD0066164,CUST066164,TXN00066164,83.99,NOT_INITIATED,ORDER_CANCELLED,,,GW-37980171
REF00004065,ORD0066172,CUST066172,TXN00066172,573.92,NOT_INITIATED,RETURN,,,GW-33542289
REF00004066,ORD0066179,CUST066179,TXN00066179,1345.51,NOT_INITIATED,RETURN,,,GW-50279621
REF00004067,ORD0066192,CUST066192,TXN00066192,251.32,NOT_INITIATED,ORDER_CANCELLED,,,GW-96231045
REF00004068,ORD0066205,CUST066205,TXN00066205,709.55,NOT_INITIATED,ORDER_CANCELLED,,,GW-18005032
REF00004069,ORD0066206,CUST066206,TXN00066206,1023.09,NOT_INITIATED,RETURN,,,GW-86670831
REF00004070,ORD0066219,CUST066219,TXN00066219,1425.72,NOT_INITIATED,RETURN,,,GW-69558009
REF00004071,ORD0066220,CUST066220,TXN00066220,876.4,NOT_INITIATED,RETURN,,,GW-42554084
REF00004072,ORD0066224,CUST066224,TXN00066224,980.44,NOT_INITIATED,RETURN,,,GW-53877930
REF00004073,ORD0066233,CUST066233,TXN00066233,1219.49,NOT_INITIATED,RETURN,,,GW-10649996
REF00004074,ORD0066234,CUST066234,TXN00066234,2328.92,NOT_INITIATED,RETURN,,,GW-93907238
REF00004075,ORD0066292,CUST066292,TXN00066292,582.76,NOT_INITIATED,RETURN,,,GW-74742357
REF00004076,ORD0066294,CUST066294,TXN00066294,289.45,NOT_INITIATED,ORDER_CANCELLED,,,GW-66267591
REF00004077,ORD0066334,CUST066334,TXN00066334,355.14,NOT_INITIATED,ORDER_CANCELLED,,,GW-58145751
REF00004078,ORD0066346,CUST066346,TXN00066346,1403.94,NOT_INITIATED,RETURN,,,GW-43152073
REF00004079,ORD0066370,CUST066370,TXN00066370,281.94,NOT_INITIATED,RETURN,,,GW-50464946
REF00004080,ORD0066399,CUST066399,TXN00066399,77.03,NOT_INITIATED,ORDER_CANCELLED,,,GW-87085439
REF00004081,ORD0066459,CUST066459,TXN00066459,297.37,NOT_INITIATED,ORDER_CANCELLED,,,GW-32720999
REF00004082,ORD0066498,CUST066498,TXN00066498,2934.45,NOT_INITIATED,ORDER_CANCELLED,,,GW-18686649
REF00004083,ORD0066506,CUST066506,TXN00066506,1682.73,NOT_INITIATED,ORDER_CANCELLED,,,GW-53500338
REF00004084,ORD0066531,CUST066531,TXN00066531,1874.67,NOT_INITIATED,ORDER_CANCELLED,,,GW-72822690
REF00004085,ORD0066534,CUST066534,TXN00066534,2362.57,NOT_INITIATED,ORDER_CANCELLED,,,GW-65274832
REF00004086,ORD0066569,CUST066569,TXN00066569,233.31,NOT_INITIATED,ORDER_CANCELLED,,,GW-14460497
REF00004087,ORD0066583,CUST066583,TXN00066583,1159.61,NOT_INITIATED,ORDER_CANCELLED,,,GW-31538290
REF00004088,ORD0066609,CUST066609,TXN00066609,474.95,NOT_INITIATED,ORDER_CANCELLED,,,GW-90997692
REF00004089,ORD0066659,CUST066659,TXN00066659,307.5,NOT_INITIATED,ORDER_CANCELLED,,,GW-13914193
REF00004090,ORD0066668,CUST066668,TXN00066668,397.86,NOT_INITIATED,ORDER_CANCELLED,,,GW-31234556
REF00004091,ORD0066684,CUST066684,TXN00066684,310.07,NOT_INITIATED,ORDER_CANCELLED,,,GW-18412064
REF00004092,ORD0066695,CUST066695,TXN00066695,1096.36,NOT_INITIATED,RETURN,,,GW-76528159
REF00004093,ORD0066705,CUST066705,TXN00066705,189.84,NOT_INITIATED,ORDER_CANCELLED,,,GW-24808531
REF00004094,ORD0066728,CUST066728,TXN00066728,689.26,NOT_INITIATED,ORDER_CANCELLED,,,GW-15317680
REF00004095,ORD0066760,CUST066760,TXN00066760,793.57,NOT_INITIATED,RETURN,,,GW-62385243
REF00004096,ORD0066763,CUST066763,TXN00066763,1207.83,NOT_INITIATED,ORDER_CANCELLED,,,GW-20372436
REF00004097,ORD0066772,CUST066772,TXN00066772,1047.46,NOT_INITIATED,RETURN,,,GW-64432676
REF00004098,ORD0066788,CUST066788,TXN00066788,1342.0,NOT_INITIATED,ORDER_CANCELLED,,,GW-46916007
REF00004099,ORD0066792,CUST066792,TXN00066792,1651.91,NOT_INITIATED,ORDER_CANCELLED,,,GW-57218496
REF00004100,ORD0066799,CUST066799,TXN00066799,103.02,NOT_INITIATED,RETURN,,,GW-77883713
REF00004101,ORD0066816,CUST066816,TXN00066816,988.8,NOT_INITIATED,RETURN,,,GW-43605612
REF00004102,ORD0066837,CUST066837,TXN00066837,439.79,NOT_INITIATED,ORDER_CANCELLED,,,GW-59597174
REF00004103,ORD0066857,CUST066857,TXN00066857,975.36,NOT_INITIATED,RETURN,,,GW-59371844
REF00004104,ORD0066869,CUST066869,TXN00066869,470.18,NOT_INITIATED,ORDER_CANCELLED,,,GW-96447261
REF00004105,ORD0066875,CUST066875,TXN00066875,873.71,NOT_INITIATED,RETURN,,,GW-65594874
REF00004106,ORD0066904,CUST066904,TXN00066904,1357.0,NOT_INITIATED,ORDER_CANCELLED,,,GW-81396419
REF00004107,ORD0066949,CUST066949,TXN00066949,942.9,NOT_INITIATED,ORDER_CANCELLED,,,GW-84145568
REF00004108,ORD0066955,CUST066955,TXN00066955,209.86,NOT_INITIATED,ORDER_CANCELLED,,,GW-58903287
REF00004109,ORD0066959,CUST066959,TXN00066959,1178.0,NOT_INITIATED,RETURN,,,GW-64074057
REF00004110,ORD0066982,CUST066982,TXN00066982,569.7,NOT_INITIATED,RETURN,,,GW-50964203
REF00004111,ORD0067005,CUST067005,TXN00067005,1364.19,NOT_INITIATED,RETURN,,,GW-11580598
REF00004112,ORD0067016,CUST067016,TXN00067016,402.33,NOT_INITIATED,ORDER_CANCELLED,,,GW-47662094
REF00004113,ORD0067059,CUST067059,TXN00067059,276.17,NOT_INITIATED,ORDER_CANCELLED,,,GW-67368314
REF00004114,ORD0067082,CUST067082,TXN00067082,480.52,NOT_INITIATED,RETURN,,,GW-84376096
REF00004115,ORD0067084,CUST067084,TXN00067084,2530.78,NOT_INITIATED,ORDER_CANCELLED,,,GW-32042974
REF00004116,ORD0067087,CUST067087,TXN00067087,2046.41,NOT_INITIATED,RETURN,,,GW-40617804
REF00004117,ORD0067117,CUST067117,TXN00067117,1370.79,NOT_INITIATED,ORDER_CANCELLED,,,GW-97281335
REF00004118,ORD0067120,CUST067120,TXN00067120,936.69,NOT_INITIATED,RETURN,,,GW-16554315
REF00004119,ORD0067122,CUST067122,TXN00067122,2182.85,NOT_INITIATED,ORDER_CANCELLED,,,GW-27867518
REF00004120,ORD0067127,CUST067127,TXN00067127,984.82,NOT_INITIATED,ORDER_CANCELLED,,,GW-96923096
REF00004121,ORD0067150,CUST067150,TXN00067150,696.8,NOT_INITIATED,RETURN,,,GW-92940462
REF00004122,ORD0067154,CUST067154,TXN00067154,825.62,NOT_INITIATED,ORDER_CANCELLED,,,GW-27104451
REF00004123,ORD0067169,CUST067169,TXN00067169,1039.89,NOT_INITIATED,RETURN,,,GW-31511332
REF00004124,ORD0067186,CUST067186,TXN00067186,2382.17,NOT_INITIATED,RETURN,,,GW-79506039
REF00004125,ORD0067220,CUST067220,TXN00067220,1532.75,NOT_INITIATED,RETURN,,,GW-59972488
REF00004126,ORD0067239,CUST067239,TXN00067239,1227.0,NOT_INITIATED,RETURN,,,GW-98006421
REF00004127,ORD0067255,CUST067255,TXN00067255,2170.5,NOT_INITIATED,ORDER_CANCELLED,,,GW-59701927
REF00004128,ORD0067267,CUST067267,TXN00067267,420.3,NOT_INITIATED,RETURN,,,GW-21103320
REF00004129,ORD0067286,CUST067286,TXN00067286,302.01,NOT_INITIATED,ORDER_CANCELLED,,,GW-29928180
REF00004130,ORD0067321,CUST067321,TXN00067321,1536.17,NOT_INITIATED,ORDER_CANCELLED,,,GW-60242618
REF00004131,ORD0067324,CUST067324,TXN00067324,935.96,NOT_INITIATED,RETURN,,,GW-78519855
REF00004132,ORD0067325,CUST067325,TXN00067325,476.79,NOT_INITIATED,RETURN,,,GW-88163389
REF00004133,ORD0067333,CUST067333,TXN00067333,586.94,NOT_INITIATED,ORDER_CANCELLED,,,GW-86140571
REF00004134,ORD0067352,CUST067352,TXN00067352,65.37,NOT_INITIATED,RETURN,,,GW-48522074
REF00004135,ORD0067359,CUST067359,TXN00067359,990.89,NOT_INITIATED,RETURN,,,GW-44659055
REF00004136,ORD0067369,CUST067369,TXN00067369,333.13,NOT_INITIATED,ORDER_CANCELLED,,,GW-30107305
REF00004137,ORD0067385,CUST067385,TXN00067385,1612.86,NOT_INITIATED,ORDER_CANCELLED,,,GW-55462459
REF00004138,ORD0067386,CUST067386,TXN00067386,1426.91,NOT_INITIATED,RETURN,,,GW-46950222
REF00004139,ORD0067422,CUST067422,TXN00067422,233.67,NOT_INITIATED,ORDER_CANCELLED,,,GW-57403251
REF00004140,ORD0067423,CUST067423,TXN00067423,992.31,NOT_INITIATED,RETURN,,,GW-90697780
REF00004141,ORD0067430,CUST067430,TXN00067430,1104.24,NOT_INITIATED,RETURN,,,GW-37025780
REF00004142,ORD0067463,CUST067463,TXN00067463,2214.08,NOT_INITIATED,ORDER_CANCELLED,,,GW-21079861
REF00004143,ORD0067470,CUST067470,TXN00067470,540.45,NOT_INITIATED,ORDER_CANCELLED,,,GW-20597633
REF00004144,ORD0067477,CUST067477,TXN00067477,1361.83,NOT_INITIATED,ORDER_CANCELLED,,,GW-38907548
REF00004145,ORD0067527,CUST067527,TXN00067527,1245.14,NOT_INITIATED,ORDER_CANCELLED,,,GW-62582575
REF00004146,ORD0067532,CUST067532,TXN00067532,1289.0,NOT_INITIATED,RETURN,,,GW-82708852
REF00004147,ORD0067538,CUST067538,TXN00067538,120.25,NOT_INITIATED,RETURN,,,GW-89448031
REF00004148,ORD0067545,CUST067545,TXN00067545,475.75,NOT_INITIATED,RETURN,,,GW-52418403
REF00004149,ORD0067546,CUST067546,TXN00067546,1193.13,NOT_INITIATED,ORDER_CANCELLED,,,GW-40869811
REF00004150,ORD0067555,CUST067555,TXN00067555,1240.56,NOT_INITIATED,ORDER_CANCELLED,,,GW-45975193
REF00004151,ORD0067558,CUST067558,TXN00067558,631.54,NOT_INITIATED,ORDER_CANCELLED,,,GW-17544521
REF00004152,ORD0067571,CUST067571,TXN00067571,239.15,NOT_INITIATED,ORDER_CANCELLED,,,GW-75736191
REF00004153,ORD0067607,CUST067607,TXN00067607,1969.1,NOT_INITIATED,ORDER_CANCELLED,,,GW-49539579
REF00004154,ORD0067613,CUST067613,TXN00067613,401.9,NOT_INITIATED,RETURN,,,GW-25776492
REF00004155,ORD0067621,CUST067621,TXN00067621,648.33,NOT_INITIATED,RETURN,,,GW-57178354
REF00004156,ORD0067634,CUST067634,TXN00067634,674.1,NOT_INITIATED,ORDER_CANCELLED,,,GW-94671613
REF00004157,ORD0067657,CUST067657,TXN00067657,1477.51,NOT_INITIATED,RETURN,,,GW-20650508
REF00004158,ORD0067676,CUST067676,TXN00067676,1772.57,NOT_INITIATED,ORDER_CANCELLED,,,GW-91333867
REF00004159,ORD0067680,CUST067680,TXN00067680,1286.17,NOT_INITIATED,ORDER_CANCELLED,,,GW-43546370
REF00004160,ORD0067715,CUST067715,TXN00067715,70.21,NOT_INITIATED,ORDER_CANCELLED,,,GW-33036349
REF00004161,ORD0067724,CUST067724,TXN00067724,323.76,NOT_INITIATED,RETURN,,,GW-25962375
REF00004162,ORD0067733,CUST067733,TXN00067733,402.13,NOT_INITIATED,ORDER_CANCELLED,,,GW-85475378
REF00004163,ORD0067745,CUST067745,TXN00067745,1644.98,NOT_INITIATED,RETURN,,,GW-52043859
REF00004164,ORD0067747,CUST067747,TXN00067747,1176.78,NOT_INITIATED,ORDER_CANCELLED,,,GW-24589574
REF00004165,ORD0067751,CUST067751,TXN00067751,99.91,NOT_INITIATED,ORDER_CANCELLED,,,GW-69984720
REF00004166,ORD0067754,CUST067754,TXN00067754,654.87,NOT_INITIATED,ORDER_CANCELLED,,,GW-69918610
REF00004167,ORD0067756,CUST067756,TXN00067756,278.39,NOT_INITIATED,RETURN,,,GW-33932183
REF00004168,ORD0067801,CUST067801,TXN00067801,2905.41,NOT_INITIATED,ORDER_CANCELLED,,,GW-46299334
REF00004169,ORD0067816,CUST067816,TXN00067816,322.58,NOT_INITIATED,ORDER_CANCELLED,,,GW-71665301
REF00004170,ORD0067848,CUST067848,TXN00067848,439.19,NOT_INITIATED,RETURN,,,GW-43266267
REF00004171,ORD0067873,CUST067873,TXN00067873,18.44,NOT_INITIATED,ORDER_CANCELLED,,,GW-91215053
REF00004172,ORD0067878,CUST067878,TXN00067878,1820.41,NOT_INITIATED,RETURN,,,GW-99705091
REF00004173,ORD0067900,CUST067900,TXN00067900,1145.25,NOT_INITIATED,RETURN,,,GW-59363924
REF00004174,ORD0067914,CUST067914,TXN00067914,1777.05,NOT_INITIATED,RETURN,,,GW-98513892
REF00004175,ORD0067916,CUST067916,TXN00067916,407.55,NOT_INITIATED,RETURN,,,GW-64352038
REF00004176,ORD0067931,CUST067931,TXN00067931,284.09,NOT_INITIATED,ORDER_CANCELLED,,,GW-83483550
REF00004177,ORD0067934,CUST067934,TXN00067934,91.52,NOT_INITIATED,ORDER_CANCELLED,,,GW-79197384
REF00004178,ORD0067937,CUST067937,TXN00067937,161.04,NOT_INITIATED,ORDER_CANCELLED,,,GW-36144356
REF00004179,ORD0067958,CUST067958,TXN00067958,2210.1,NOT_INITIATED,RETURN,,,GW-87375394
REF00004180,ORD0067979,CUST067979,TXN00067979,434.96,NOT_INITIATED,RETURN,,,GW-73375181
REF00004181,ORD0067987,CUST067987,TXN00067987,839.5,NOT_INITIATED,ORDER_CANCELLED,,,GW-24130403
REF00004182,ORD0067992,CUST067992,TXN00067992,2426.08,NOT_INITIATED,RETURN,,,GW-68675471
REF00004183,ORD0068037,CUST068037,TXN00068037,987.3,NOT_INITIATED,RETURN,,,GW-91836484
REF00004184,ORD0068058,CUST068058,TXN00068058,857.87,NOT_INITIATED,RETURN,,,GW-54098920
REF00004185,ORD0068075,CUST068075,TXN00068075,315.53,NOT_INITIATED,ORDER_CANCELLED,,,GW-94522640
REF00004186,ORD0068086,CUST068086,TXN00068086,305.96,NOT_INITIATED,RETURN,,,GW-33999556
REF00004187,ORD0068087,CUST068087,TXN00068087,1287.92,NOT_INITIATED,RETURN,,,GW-16872845
REF00004188,ORD0068123,CUST068123,TXN00068123,126.79,NOT_INITIATED,RETURN,,,GW-97587036
REF00004189,ORD0068143,CUST068143,TXN00068143,205.42,NOT_INITIATED,ORDER_CANCELLED,,,GW-42246203
REF00004190,ORD0068180,CUST068180,TXN00068180,107.02,NOT_INITIATED,RETURN,,,GW-79644878
REF00004191,ORD0068192,CUST068192,TXN00068192,819.97,NOT_INITIATED,RETURN,,,GW-48338806
REF00004192,ORD0068214,CUST068214,TXN00068214,1669.73,NOT_INITIATED,RETURN,,,GW-59929311
REF00004193,ORD0068222,CUST068222,TXN00068222,1376.43,NOT_INITIATED,ORDER_CANCELLED,,,GW-50080145
REF00004194,ORD0068227,CUST068227,TXN00068227,488.8,NOT_INITIATED,RETURN,,,GW-21525329
REF00004195,ORD0068245,CUST068245,TXN00068245,287.1,NOT_INITIATED,ORDER_CANCELLED,,,GW-40291568
REF00004196,ORD0068252,CUST068252,TXN00068252,1164.09,NOT_INITIATED,RETURN,,,GW-96628827
REF00004197,ORD0068260,CUST068260,TXN00068260,265.19,NOT_INITIATED,RETURN,,,GW-10874160
REF00004198,ORD0068270,CUST068270,TXN00068270,595.02,NOT_INITIATED,ORDER_CANCELLED,,,GW-38362138
REF00004199,ORD0068281,CUST068281,TXN00068281,981.57,NOT_INITIATED,ORDER_CANCELLED,,,GW-34059362
REF00004200,ORD0068283,CUST068283,TXN00068283,422.05,NOT_INITIATED,RETURN,,,GW-78705532
REF00004201,ORD0068316,CUST068316,TXN00068316,552.88,NOT_INITIATED,ORDER_CANCELLED,,,GW-43750879
REF00004202,ORD0068323,CUST068323,TXN00068323,1612.96,NOT_INITIATED,RETURN,,,GW-99401671
REF00004203,ORD0068355,CUST068355,TXN00068355,876.92,NOT_INITIATED,RETURN,,,GW-47726723
REF00004204,ORD0068382,CUST068382,TXN00068382,459.14,NOT_INITIATED,RETURN,,,GW-51132707
REF00004205,ORD0068395,CUST068395,TXN00068395,1000.38,NOT_INITIATED,RETURN,,,GW-65865513
REF00004206,ORD0068420,CUST068420,TXN00068420,585.16,NOT_INITIATED,RETURN,,,GW-63711729
REF00004207,ORD0068433,CUST068433,TXN00068433,2052.98,NOT_INITIATED,ORDER_CANCELLED,,,GW-87860801
REF00004208,ORD0068485,CUST068485,TXN00068485,1166.51,NOT_INITIATED,ORDER_CANCELLED,,,GW-31391091
REF00004209,ORD0068486,CUST068486,TXN00068486,2020.38,NOT_INITIATED,RETURN,,,GW-67150809
REF00004210,ORD0068495,CUST068495,TXN00068495,79.54,NOT_INITIATED,ORDER_CANCELLED,,,GW-48315949
REF00004211,ORD0068507,CUST068507,TXN00068507,113.53,NOT_INITIATED,RETURN,,,GW-88270470
REF00004212,ORD0068521,CUST068521,TXN00068521,999.69,NOT_INITIATED,ORDER_CANCELLED,,,GW-51067572
REF00004213,ORD0068525,CUST068525,TXN00068525,3193.56,NOT_INITIATED,ORDER_CANCELLED,,,GW-86475854
REF00004214,ORD0068547,CUST068547,TXN00068547,829.81,NOT_INITIATED,RETURN,,,GW-14302582
REF00004215,ORD0068574,CUST068574,TXN00068574,1651.49,NOT_INITIATED,ORDER_CANCELLED,,,GW-38442428
REF00004216,ORD0068591,CUST068591,TXN00068591,2692.57,NOT_INITIATED,ORDER_CANCELLED,,,GW-24856319
REF00004217,ORD0068606,CUST068606,TXN00068606,365.22,NOT_INITIATED,ORDER_CANCELLED,,,GW-77824197
REF00004218,ORD0068623,CUST068623,TXN00068623,2435.9,NOT_INITIATED,ORDER_CANCELLED,,,GW-27654837
REF00004219,ORD0068640,CUST068640,TXN00068640,668.4,NOT_INITIATED,RETURN,,,GW-10102725
REF00004220,ORD0068647,CUST068647,TXN00068647,3205.12,NOT_INITIATED,RETURN,,,GW-29210391
REF00004221,ORD0068649,CUST068649,TXN00068649,1619.45,NOT_INITIATED,ORDER_CANCELLED,,,GW-44490838
REF00004222,ORD0068652,CUST068652,TXN00068652,213.1,NOT_INITIATED,ORDER_CANCELLED,,,GW-67501361
REF00004223,ORD0068664,CUST068664,TXN00068664,394.26,NOT_INITIATED,RETURN,,,GW-36554980
REF00004224,ORD0068681,CUST068681,TXN00068681,787.72,NOT_INITIATED,RETURN,,,GW-68811584
REF00004225,ORD0068706,CUST068706,TXN00068706,1462.72,NOT_INITIATED,RETURN,,,GW-61962347
REF00004226,ORD0068715,CUST068715,TXN00068715,2475.53,NOT_INITIATED,ORDER_CANCELLED,,,GW-88770851
REF00004227,ORD0068776,CUST068776,TXN00068776,483.55,NOT_INITIATED,RETURN,,,GW-81992808
REF00004228,ORD0068780,CUST068780,TXN00068780,990.28,NOT_INITIATED,RETURN,,,GW-33740827
REF00004229,ORD0068785,CUST068785,TXN00068785,875.19,NOT_INITIATED,RETURN,,,GW-33516255
REF00004230,ORD0068793,CUST068793,TXN00068793,163.31,NOT_INITIATED,ORDER_CANCELLED,,,GW-47695916
REF00004231,ORD0068814,CUST068814,TXN00068814,1211.56,NOT_INITIATED,RETURN,,,GW-28173158
REF00004232,ORD0068834,CUST068834,TXN00068834,2077.51,NOT_INITIATED,RETURN,,,GW-55634755
REF00004233,ORD0068841,CUST068841,TXN00068841,1714.66,NOT_INITIATED,ORDER_CANCELLED,,,GW-65643987
REF00004234,ORD0068848,CUST068848,TXN00068848,1321.57,NOT_INITIATED,ORDER_CANCELLED,,,GW-48075755
REF00004235,ORD0068853,CUST068853,TXN00068853,433.64,NOT_INITIATED,RETURN,,,GW-13577492
REF00004236,ORD0068879,CUST068879,TXN00068879,1559.92,NOT_INITIATED,RETURN,,,GW-96152209
REF00004237,ORD0068893,CUST068893,TXN00068893,144.86,NOT_INITIATED,ORDER_CANCELLED,,,GW-98411245
REF00004238,ORD0068899,CUST068899,TXN00068899,754.51,NOT_INITIATED,RETURN,,,GW-35420739
REF00004239,ORD0068912,CUST068912,TXN00068912,690.21,NOT_INITIATED,RETURN,,,GW-22136868
REF00004240,ORD0068920,CUST068920,TXN00068920,554.92,NOT_INITIATED,ORDER_CANCELLED,,,GW-22100525
REF00004241,ORD0068946,CUST068946,TXN00068946,449.4,NOT_INITIATED,ORDER_CANCELLED,,,GW-11104429
REF00004242,ORD0068978,CUST068978,TXN00068978,1748.76,NOT_INITIATED,ORDER_CANCELLED,,,GW-75484195
REF00004243,ORD0068980,CUST068980,TXN00068980,1682.76,NOT_INITIATED,ORDER_CANCELLED,,,GW-90167140
REF00004244,ORD0068992,CUST068992,TXN00068992,120.73,NOT_INITIATED,ORDER_CANCELLED,,,GW-39599628
REF00004245,ORD0068993,CUST068993,TXN00068993,2140.98,NOT_INITIATED,ORDER_CANCELLED,,,GW-72055041
REF00004246,ORD0068998,CUST068998,TXN00068998,411.05,NOT_INITIATED,RETURN,,,GW-46600898
REF00004247,ORD0069007,CUST069007,TXN00069007,1367.71,NOT_INITIATED,RETURN,,,GW-77255752
REF00004248,ORD0069020,CUST069020,TXN00069020,282.05,NOT_INITIATED,RETURN,,,GW-77400135
REF00004249,ORD0069038,CUST069038,TXN00069038,316.27,NOT_INITIATED,RETURN,,,GW-43731426
REF00004250,ORD0069041,CUST069041,TXN00069041,491.56,NOT_INITIATED,ORDER_CANCELLED,,,GW-83001426
REF00004251,ORD0069062,CUST069062,TXN00069062,2057.09,NOT_INITIATED,RETURN,,,GW-37903557
REF00004252,ORD0069081,CUST069081,TXN00069081,215.1,NOT_INITIATED,RETURN,,,GW-85795484
REF00004253,ORD0069090,CUST069090,TXN00069090,908.83,NOT_INITIATED,RETURN,,,GW-81000034
REF00004254,ORD0069108,CUST069108,TXN00069108,1227.64,NOT_INITIATED,ORDER_CANCELLED,,,GW-58622544
REF00004255,ORD0069135,CUST069135,TXN00069135,290.83,NOT_INITIATED,ORDER_CANCELLED,,,GW-96925417
REF00004256,ORD0069144,CUST069144,TXN00069144,347.89,NOT_INITIATED,ORDER_CANCELLED,,,GW-24639105
REF00004257,ORD0069160,CUST069160,TXN00069160,1756.46,NOT_INITIATED,ORDER_CANCELLED,,,GW-10070758
REF00004258,ORD0069193,CUST069193,TXN00069193,2201.68,NOT_INITIATED,RETURN,,,GW-31967476
REF00004259,ORD0069204,CUST069204,TXN00069204,214.85,NOT_INITIATED,RETURN,,,GW-96273037
REF00004260,ORD0069232,CUST069232,TXN00069232,340.68,NOT_INITIATED,ORDER_CANCELLED,,,GW-69865720
REF00004261,ORD0069235,CUST069235,TXN00069235,538.36,NOT_INITIATED,RETURN,,,GW-46958582
REF00004262,ORD0069284,CUST069284,TXN00069284,560.97,NOT_INITIATED,ORDER_CANCELLED,,,GW-90734955
REF00004263,ORD0069309,CUST069309,TXN00069309,382.36,NOT_INITIATED,RETURN,,,GW-41356746
REF00004264,ORD0069325,CUST069325,TXN00069325,423.72,NOT_INITIATED,ORDER_CANCELLED,,,GW-10847531
REF00004265,ORD0069327,CUST069327,TXN00069327,1030.28,NOT_INITIATED,RETURN,,,GW-25226094
REF00004266,ORD0069340,CUST069340,TXN00069340,2625.7,NOT_INITIATED,ORDER_CANCELLED,,,GW-11722488
REF00004267,ORD0069361,CUST069361,TXN00069361,166.13,NOT_INITIATED,RETURN,,,GW-84222021
REF00004268,ORD0069423,CUST069423,TXN00069423,684.65,NOT_INITIATED,ORDER_CANCELLED,,,GW-49277703
REF00004269,ORD0069424,CUST069424,TXN00069424,1089.71,NOT_INITIATED,RETURN,,,GW-70591570
REF00004270,ORD0069426,CUST069426,TXN00069426,1834.94,NOT_INITIATED,ORDER_CANCELLED,,,GW-64289492
REF00004271,ORD0069445,CUST069445,TXN00069445,2340.6,NOT_INITIATED,ORDER_CANCELLED,,,GW-45792038
REF00004272,ORD0069466,CUST069466,TXN00069466,419.98,NOT_INITIATED,ORDER_CANCELLED,,,GW-60822818
REF00004273,ORD0069478,CUST069478,TXN00069478,653.95,NOT_INITIATED,RETURN,,,GW-47748970
REF00004274,ORD0069483,CUST069483,TXN00069483,95.89,NOT_INITIATED,ORDER_CANCELLED,,,GW-61835841
REF00004275,ORD0069484,CUST069484,TXN00069484,491.12,NOT_INITIATED,RETURN,,,GW-54566122
REF00004276,ORD0069515,CUST069515,TXN00069515,2322.75,NOT_INITIATED,RETURN,,,GW-41195241
REF00004277,ORD0069522,CUST069522,TXN00069522,201.29,NOT_INITIATED,ORDER_CANCELLED,,,GW-55432926
REF00004278,ORD0069553,CUST069553,TXN00069553,1592.85,NOT_INITIATED,RETURN,,,GW-42791388
REF00004279,ORD0069557,CUST069557,TXN00069557,1064.17,NOT_INITIATED,RETURN,,,GW-92794844
REF00004280,ORD0069558,CUST069558,TXN00069558,492.3,NOT_INITIATED,RETURN,,,GW-54377732
REF00004281,ORD0069559,CUST069559,TXN00069559,109.45,NOT_INITIATED,ORDER_CANCELLED,,,GW-31158703
REF00004282,ORD0069600,CUST069600,TXN00069600,353.15,NOT_INITIATED,ORDER_CANCELLED,,,GW-70994678
REF00004283,ORD0069605,CUST069605,TXN00069605,747.61,NOT_INITIATED,RETURN,,,GW-12973067
REF00004284,ORD0069630,CUST069630,TXN00069630,1656.2,NOT_INITIATED,RETURN,,,GW-49228745
REF00004285,ORD0069643,CUST069643,TXN00069643,1557.19,NOT_INITIATED,RETURN,,,GW-14029187
REF00004286,ORD0069696,CUST069696,TXN00069696,237.44,NOT_INITIATED,ORDER_CANCELLED,,,GW-36276768
REF00004287,ORD0069699,CUST069699,TXN00069699,1706.77,NOT_INITIATED,RETURN,,,GW-96558675
REF00004288,ORD0069706,CUST069706,TXN00069706,2055.28,NOT_INITIATED,RETURN,,,GW-54160254
REF00004289,ORD0069707,CUST069707,TXN00069707,657.24,NOT_INITIATED,RETURN,,,GW-69770982
REF00004290,ORD0069709,CUST069709,TXN00069709,300.81,NOT_INITIATED,ORDER_CANCELLED,,,GW-17490212
REF00004291,ORD0069714,CUST069714,TXN00069714,517.98,NOT_INITIATED,RETURN,,,GW-50460631
REF00004292,ORD0069758,CUST069758,TXN00069758,833.46,NOT_INITIATED,ORDER_CANCELLED,,,GW-77747135
REF00004293,ORD0069760,CUST069760,TXN00069760,2532.45,NOT_INITIATED,RETURN,,,GW-84001197
REF00004294,ORD0069768,CUST069768,TXN00069768,948.84,NOT_INITIATED,ORDER_CANCELLED,,,GW-21163858
REF00004295,ORD0069800,CUST069800,TXN00069800,1007.2,NOT_INITIATED,RETURN,,,GW-16272233
REF00004296,ORD0069813,CUST069813,TXN00069813,554.43,NOT_INITIATED,ORDER_CANCELLED,,,GW-37427596
REF00004297,ORD0069815,CUST069815,TXN00069815,290.48,NOT_INITIATED,RETURN,,,GW-38117887
REF00004298,ORD0069879,CUST069879,TXN00069879,501.4,NOT_INITIATED,ORDER_CANCELLED,,,GW-36014103
REF00004299,ORD0069893,CUST069893,TXN00069893,146.35,NOT_INITIATED,ORDER_CANCELLED,,,GW-98927479
REF00004300,ORD0069900,CUST069900,TXN00069900,921.7,NOT_INITIATED,RETURN,,,GW-45417401
REF00004301,ORD0069903,CUST069903,TXN00069903,1587.0,NOT_INITIATED,RETURN,,,GW-35920273
REF00004302,ORD0069918,CUST069918,TXN00069918,852.55,NOT_INITIATED,ORDER_CANCELLED,,,GW-83095632
REF00004303,ORD0069930,CUST069930,TXN00069930,1219.33,NOT_INITIATED,ORDER_CANCELLED,,,GW-86658944
REF00004304,ORD0069937,CUST069937,TXN00069937,2100.0,NOT_INITIATED,ORDER_CANCELLED,,,GW-17912757
REF00004305,ORD0069945,CUST069945,TXN00069945,906.75,NOT_INITIATED,RETURN,,,GW-71322557
REF00004306,ORD0069948,CUST069948,TXN00069948,1427.94,NOT_INITIATED,RETURN,,,GW-34011232
REF00004307,ORD0069997,CUST069997,TXN00069997,1682.37,NOT_INITIATED,RETURN,,,GW-45954953
REF00004308,ORD0070002,CUST070002,TXN00070002,656.21,NOT_INITIATED,RETURN,,,GW-93263223
REF00004309,ORD0070046,CUST070046,TXN00070046,2164.7,NOT_INITIATED,ORDER_CANCELLED,,,GW-78730504
REF00004310,ORD0070072,CUST070072,TXN00070072,77.56,NOT_INITIATED,ORDER_CANCELLED,,,GW-21457491
REF00004311,ORD0070089,CUST070089,TXN00070089,1490.36,NOT_INITIATED,RETURN,,,GW-67390863
REF00004312,ORD0070110,CUST070110,TXN00070110,215.41,NOT_INITIATED,ORDER_CANCELLED,,,GW-42426465
REF00004313,ORD0070115,CUST070115,TXN00070115,677.81,NOT_INITIATED,RETURN,,,GW-64810701
REF00004314,ORD0070118,CUST070118,TXN00070118,531.44,NOT_INITIATED,RETURN,,,GW-97427446
REF00004315,ORD0070126,CUST070126,TXN00070126,1163.76,NOT_INITIATED,RETURN,,,GW-14136019
REF00004316,ORD0070137,CUST070137,TXN00070137,367.34,NOT_INITIATED,ORDER_CANCELLED,,,GW-61959569
REF00004317,ORD0070146,CUST070146,TXN00070146,167.56,NOT_INITIATED,ORDER_CANCELLED,,,GW-91090912
REF00004318,ORD0070155,CUST070155,TXN00070155,312.25,NOT_INITIATED,RETURN,,,GW-36792491
REF00004319,ORD0070160,CUST070160,TXN00070160,2614.57,NOT_INITIATED,RETURN,,,GW-20739210
REF00004320,ORD0070181,CUST070181,TXN00070181,688.61,NOT_INITIATED,RETURN,,,GW-20478095
REF00004321,ORD0070186,CUST070186,TXN00070186,423.8,NOT_INITIATED,ORDER_CANCELLED,,,GW-65216184
REF00004322,ORD0070192,CUST070192,TXN00070192,76.32,NOT_INITIATED,ORDER_CANCELLED,,,GW-78614824
REF00004323,ORD0070227,CUST070227,TXN00070227,1475.61,NOT_INITIATED,RETURN,,,GW-18235667
REF00004324,ORD0070246,CUST070246,TXN00070246,486.44,NOT_INITIATED,ORDER_CANCELLED,,,GW-41870582
REF00004325,ORD0070305,CUST070305,TXN00070305,564.72,NOT_INITIATED,ORDER_CANCELLED,,,GW-84541539
REF00004326,ORD0070311,CUST070311,TXN00070311,111.02,NOT_INITIATED,ORDER_CANCELLED,,,GW-85417115
REF00004327,ORD0070325,CUST070325,TXN00070325,2444.71,NOT_INITIATED,ORDER_CANCELLED,,,GW-18876889
REF00004328,ORD0070326,CUST070326,TXN00070326,830.16,NOT_INITIATED,ORDER_CANCELLED,,,GW-46143307
REF00004329,ORD0070332,CUST070332,TXN00070332,543.9,NOT_INITIATED,ORDER_CANCELLED,,,GW-54771319
REF00004330,ORD0070335,CUST070335,TXN00070335,547.81,NOT_INITIATED,RETURN,,,GW-99311752
REF00004331,ORD0070351,CUST070351,TXN00070351,2960.54,NOT_INITIATED,RETURN,,,GW-26746163
REF00004332,ORD0070371,CUST070371,TXN00070371,1475.27,NOT_INITIATED,RETURN,,,GW-59034229
REF00004333,ORD0070385,CUST070385,TXN00070385,673.9,NOT_INITIATED,ORDER_CANCELLED,,,GW-72423142
REF00004334,ORD0070397,CUST070397,TXN00070397,436.77,NOT_INITIATED,ORDER_CANCELLED,,,GW-74169754
REF00004335,ORD0070421,CUST070421,TXN00070421,1214.79,NOT_INITIATED,ORDER_CANCELLED,,,GW-42419598
REF00004336,ORD0070441,CUST070441,TXN00070441,2453.07,NOT_INITIATED,RETURN,,,GW-41927292
REF00004337,ORD0070448,CUST070448,TXN00070448,2730.25,NOT_INITIATED,ORDER_CANCELLED,,,GW-90229772
REF00004338,ORD0070454,CUST070454,TXN00070454,1951.02,NOT_INITIATED,ORDER_CANCELLED,,,GW-60859092
REF00004339,ORD0070462,CUST070462,TXN00070462,794.76,NOT_INITIATED,RETURN,,,GW-78673418
REF00004340,ORD0070517,CUST070517,TXN00070517,21.17,NOT_INITIATED,ORDER_CANCELLED,,,GW-55221134
REF00004341,ORD0070534,CUST070534,TXN00070534,158.58,NOT_INITIATED,RETURN,,,GW-96433823
REF00004342,ORD0070535,CUST070535,TXN00070535,400.54,NOT_INITIATED,RETURN,,,GW-49190035
REF00004343,ORD0070537,CUST070537,TXN00070537,345.66,NOT_INITIATED,RETURN,,,GW-97048753
REF00004344,ORD0070559,CUST070559,TXN00070559,871.42,NOT_INITIATED,RETURN,,,GW-88371750
REF00004345,ORD0070574,CUST070574,TXN00070574,307.75,NOT_INITIATED,ORDER_CANCELLED,,,GW-54144668
REF00004346,ORD0070579,CUST070579,TXN00070579,2890.51,NOT_INITIATED,ORDER_CANCELLED,,,GW-10143530
REF00004347,ORD0070585,CUST070585,TXN00070585,1928.75,NOT_INITIATED,ORDER_CANCELLED,,,GW-42307633
REF00004348,ORD0070644,CUST070644,TXN00070644,774.6,NOT_INITIATED,RETURN,,,GW-30399728
REF00004349,ORD0070672,CUST070672,TXN00070672,162.31,NOT_INITIATED,ORDER_CANCELLED,,,GW-66474210
REF00004350,ORD0070706,CUST070706,TXN00070706,492.16,NOT_INITIATED,ORDER_CANCELLED,,,GW-42197224
REF00004351,ORD0070713,CUST070713,TXN00070713,1254.68,NOT_INITIATED,RETURN,,,GW-46697623
REF00004352,ORD0070720,CUST070720,TXN00070720,150.61,NOT_INITIATED,RETURN,,,GW-25237617
REF00004353,ORD0070733,CUST070733,TXN00070733,227.12,NOT_INITIATED,RETURN,,,GW-86511384
REF00004354,ORD0070742,CUST070742,TXN00070742,413.84,NOT_INITIATED,ORDER_CANCELLED,,,GW-78341693
REF00004355,ORD0070747,CUST070747,TXN00070747,2588.44,NOT_INITIATED,RETURN,,,GW-38973308
REF00004356,ORD0070780,CUST070780,TXN00070780,41.08,NOT_INITIATED,RETURN,,,GW-93916092
REF00004357,ORD0070792,CUST070792,TXN00070792,644.43,NOT_INITIATED,RETURN,,,GW-75021725
REF00004358,ORD0070815,CUST070815,TXN00070815,381.19,NOT_INITIATED,ORDER_CANCELLED,,,GW-95191792
REF00004359,ORD0070833,CUST070833,TXN00070833,709.95,NOT_INITIATED,RETURN,,,GW-56821964
REF00004360,ORD0070837,CUST070837,TXN00070837,2099.97,NOT_INITIATED,ORDER_CANCELLED,,,GW-95805367
REF00004361,ORD0070851,CUST070851,TXN00070851,520.72,NOT_INITIATED,RETURN,,,GW-87052043
REF00004362,ORD0070854,CUST070854,TXN00070854,1109.84,NOT_INITIATED,RETURN,,,GW-67762785
REF00004363,ORD0070924,CUST070924,TXN00070924,1997.45,NOT_INITIATED,RETURN,,,GW-37397131
REF00004364,ORD0070938,CUST070938,TXN00070938,529.02,NOT_INITIATED,RETURN,,,GW-88401022
REF00004365,ORD0070968,CUST070968,TXN00070968,479.66,NOT_INITIATED,ORDER_CANCELLED,,,GW-63570652
REF00004366,ORD0070972,CUST070972,TXN00070972,87.7,NOT_INITIATED,RETURN,,,GW-86481994
REF00004367,ORD0070991,CUST070991,TXN00070991,595.54,NOT_INITIATED,RETURN,,,GW-28139224
REF00004368,ORD0071009,CUST071009,TXN00071009,1661.74,NOT_INITIATED,ORDER_CANCELLED,,,GW-21745317
REF00004369,ORD0071014,CUST071014,TXN00071014,883.76,NOT_INITIATED,RETURN,,,GW-73352003
REF00004370,ORD0071026,CUST071026,TXN00071026,820.24,NOT_INITIATED,ORDER_CANCELLED,,,GW-81044587
REF00004371,ORD0071042,CUST071042,TXN00071042,588.2,NOT_INITIATED,RETURN,,,GW-88626495
REF00004372,ORD0071045,CUST071045,TXN00071045,517.21,NOT_INITIATED,RETURN,,,GW-45040703
REF00004373,ORD0071047,CUST071047,TXN00071047,367.1,NOT_INITIATED,RETURN,,,GW-73431241
REF00004374,ORD0071070,CUST071070,TXN00071070,1737.69,NOT_INITIATED,RETURN,,,GW-12895154
REF00004375,ORD0071106,CUST071106,TXN00071106,250.59,NOT_INITIATED,ORDER_CANCELLED,,,GW-29945571
REF00004376,ORD0071120,CUST071120,TXN00071120,392.27,NOT_INITIATED,RETURN,,,GW-59207056
REF00004377,ORD0071130,CUST071130,TXN00071130,85.98,NOT_INITIATED,RETURN,,,GW-80489568
REF00004378,ORD0071144,CUST071144,TXN00071144,512.16,NOT_INITIATED,ORDER_CANCELLED,,,GW-71402815
REF00004379,ORD0071159,CUST071159,TXN00071159,1551.43,NOT_INITIATED,RETURN,,,GW-85655101
REF00004380,ORD0071174,CUST071174,TXN00071174,1896.19,NOT_INITIATED,RETURN,,,GW-33669904
REF00004381,ORD0071178,CUST071178,TXN00071178,687.98,NOT_INITIATED,RETURN,,,GW-54363699
REF00004382,ORD0071230,CUST071230,TXN00071230,2376.66,NOT_INITIATED,RETURN,,,GW-19469811
REF00004383,ORD0071259,CUST071259,TXN00071259,1089.08,NOT_INITIATED,ORDER_CANCELLED,,,GW-35631206
REF00004384,ORD0071272,CUST071272,TXN00071272,1115.84,NOT_INITIATED,RETURN,,,GW-91356342
REF00004385,ORD0071309,CUST071309,TXN00071309,793.95,NOT_INITIATED,ORDER_CANCELLED,,,GW-24803447
REF00004386,ORD0071311,CUST071311,TXN00071311,957.56,NOT_INITIATED,ORDER_CANCELLED,,,GW-40706259
REF00004387,ORD0071348,CUST071348,TXN00071348,1160.09,NOT_INITIATED,RETURN,,,GW-75795232
REF00004388,ORD0071353,CUST071353,TXN00071353,2441.15,NOT_INITIATED,ORDER_CANCELLED,,,GW-98037613
REF00004389,ORD0071365,CUST071365,TXN00071365,68.55,NOT_INITIATED,RETURN,,,GW-64043598
REF00004390,ORD0071373,CUST071373,TXN00071373,833.92,NOT_INITIATED,ORDER_CANCELLED,,,GW-60515003
REF00004391,ORD0071399,CUST071399,TXN00071399,1032.1,NOT_INITIATED,RETURN,,,GW-85559020
REF00004392,ORD0071429,CUST071429,TXN00071429,1520.42,NOT_INITIATED,ORDER_CANCELLED,,,GW-22913809
REF00004393,ORD0071453,CUST071453,TXN00071453,669.56,NOT_INITIATED,ORDER_CANCELLED,,,GW-39098091
REF00004394,ORD0071478,CUST071478,TXN00071478,1140.11,NOT_INITIATED,ORDER_CANCELLED,,,GW-48881200
REF00004395,ORD0071482,CUST071482,TXN00071482,642.56,NOT_INITIATED,RETURN,,,GW-29666489
REF00004396,ORD0071486,CUST071486,TXN00071486,1592.75,NOT_INITIATED,RETURN,,,GW-28114971
REF00004397,ORD0071487,CUST071487,TXN00071487,260.12,NOT_INITIATED,ORDER_CANCELLED,,,GW-82577756
REF00004398,ORD0071559,CUST071559,TXN00071559,801.15,NOT_INITIATED,RETURN,,,GW-25357228
REF00004399,ORD0071577,CUST071577,TXN00071577,66.25,NOT_INITIATED,ORDER_CANCELLED,,,GW-58096263
REF00004400,ORD0071587,CUST071587,TXN00071587,1348.72,NOT_INITIATED,ORDER_CANCELLED,,,GW-63659695
REF00004401,ORD0071606,CUST071606,TXN00071606,152.5,NOT_INITIATED,RETURN,,,GW-26494249
REF00004402,ORD0071608,CUST071608,TXN00071608,64.97,NOT_INITIATED,RETURN,,,GW-95312012
REF00004403,ORD0071646,CUST071646,TXN00071646,1159.08,NOT_INITIATED,ORDER_CANCELLED,,,GW-89094073
REF00004404,ORD0071667,CUST071667,TXN00071667,326.8,NOT_INITIATED,RETURN,,,GW-41088094
REF00004405,ORD0071669,CUST071669,TXN00071669,623.57,NOT_INITIATED,ORDER_CANCELLED,,,GW-92624946
REF00004406,ORD0071678,CUST071678,TXN00071678,535.71,NOT_INITIATED,ORDER_CANCELLED,,,GW-34060279
REF00004407,ORD0071720,CUST071720,TXN00071720,626.97,NOT_INITIATED,RETURN,,,GW-39987672
REF00004408,ORD0071723,CUST071723,TXN00071723,974.46,NOT_INITIATED,RETURN,,,GW-17414398
REF00004409,ORD0071740,CUST071740,TXN00071740,2569.54,NOT_INITIATED,ORDER_CANCELLED,,,GW-96333619
REF00004410,ORD0071742,CUST071742,TXN00071742,3009.07,NOT_INITIATED,RETURN,,,GW-13047057
REF00004411,ORD0071767,CUST071767,TXN00071767,1032.71,NOT_INITIATED,RETURN,,,GW-15015724
REF00004412,ORD0071771,CUST071771,TXN00071771,1163.05,NOT_INITIATED,ORDER_CANCELLED,,,GW-72882581
REF00004413,ORD0071806,CUST071806,TXN00071806,3011.57,NOT_INITIATED,ORDER_CANCELLED,,,GW-55232988
REF00004414,ORD0071826,CUST071826,TXN00071826,533.26,NOT_INITIATED,RETURN,,,GW-91850417
REF00004415,ORD0071836,CUST071836,TXN00071836,163.78,NOT_INITIATED,ORDER_CANCELLED,,,GW-11472450
REF00004416,ORD0071842,CUST071842,TXN00071842,763.58,NOT_INITIATED,RETURN,,,GW-57923325
REF00004417,ORD0071875,CUST071875,TXN00071875,754.48,NOT_INITIATED,ORDER_CANCELLED,,,GW-42128751
REF00004418,ORD0071890,CUST071890,TXN00071890,21.38,NOT_INITIATED,RETURN,,,GW-14663703
REF00004419,ORD0071903,CUST071903,TXN00071903,976.8,NOT_INITIATED,RETURN,,,GW-10890193
REF00004420,ORD0071914,CUST071914,TXN00071914,1536.15,NOT_INITIATED,RETURN,,,GW-11849326
REF00004421,ORD0071922,CUST071922,TXN00071922,3210.02,NOT_INITIATED,RETURN,,,GW-10331705
REF00004422,ORD0071923,CUST071923,TXN00071923,1864.65,NOT_INITIATED,ORDER_CANCELLED,,,GW-96179744
REF00004423,ORD0071924,CUST071924,TXN00071924,898.05,NOT_INITIATED,ORDER_CANCELLED,,,GW-16162405
REF00004424,ORD0071939,CUST071939,TXN00071939,503.54,NOT_INITIATED,ORDER_CANCELLED,,,GW-83996637
REF00004425,ORD0071945,CUST071945,TXN00071945,1245.38,NOT_INITIATED,RETURN,,,GW-79327577
REF00004426,ORD0071954,CUST071954,TXN00071954,314.65,NOT_INITIATED,RETURN,,,GW-88183909
REF00004427,ORD0071963,CUST071963,TXN00071963,1210.59,NOT_INITIATED,ORDER_CANCELLED,,,GW-59129270
REF00004428,ORD0071971,CUST071971,TXN00071971,962.91,NOT_INITIATED,RETURN,,,GW-23257153
REF00004429,ORD0071984,CUST071984,TXN00071984,301.8,NOT_INITIATED,RETURN,,,GW-76393801
REF00004430,ORD0071986,CUST071986,TXN00071986,745.94,NOT_INITIATED,ORDER_CANCELLED,,,GW-26615501
REF00004431,ORD0072016,CUST072016,TXN00072016,1604.02,NOT_INITIATED,RETURN,,,GW-23827356
REF00004432,ORD0072026,CUST072026,TXN00072026,586.01,NOT_INITIATED,ORDER_CANCELLED,,,GW-15656130
REF00004433,ORD0072033,CUST072033,TXN00072033,578.41,NOT_INITIATED,RETURN,,,GW-25528626
REF00004434,ORD0072036,CUST072036,TXN00072036,1764.68,NOT_INITIATED,ORDER_CANCELLED,,,GW-10990596
REF00004435,ORD0072039,CUST072039,TXN00072039,1430.25,NOT_INITIATED,ORDER_CANCELLED,,,GW-31719289
REF00004436,ORD0072052,CUST072052,TXN00072052,3072.25,NOT_INITIATED,RETURN,,,GW-88731535
REF00004437,ORD0072110,CUST072110,TXN00072110,483.41,NOT_INITIATED,ORDER_CANCELLED,,,GW-15023911
REF00004438,ORD0072126,CUST072126,TXN00072126,1083.1,NOT_INITIATED,RETURN,,,GW-98363665
REF00004439,ORD0072191,CUST072191,TXN00072191,1588.07,NOT_INITIATED,RETURN,,,GW-76225750
REF00004440,ORD0072212,CUST072212,TXN00072212,398.42,NOT_INITIATED,ORDER_CANCELLED,,,GW-39079656
REF00004441,ORD0072213,CUST072213,TXN00072213,158.46,NOT_INITIATED,RETURN,,,GW-66757635
REF00004442,ORD0072255,CUST072255,TXN00072255,1030.08,NOT_INITIATED,RETURN,,,GW-77858226
REF00004443,ORD0072265,CUST072265,TXN00072265,3036.46,NOT_INITIATED,RETURN,,,GW-20116142
REF00004444,ORD0072272,CUST072272,TXN00072272,880.88,NOT_INITIATED,ORDER_CANCELLED,,,GW-77795873
REF00004445,ORD0072276,CUST072276,TXN00072276,2559.2,NOT_INITIATED,RETURN,,,GW-61633589
REF00004446,ORD0072301,CUST072301,TXN00072301,411.72,NOT_INITIATED,ORDER_CANCELLED,,,GW-22305398
REF00004447,ORD0072308,CUST072308,TXN00072308,1939.81,NOT_INITIATED,RETURN,,,GW-32832057
REF00004448,ORD0072311,CUST072311,TXN00072311,406.44,NOT_INITIATED,RETURN,,,GW-48389373
REF00004449,ORD0072329,CUST072329,TXN00072329,463.41,NOT_INITIATED,ORDER_CANCELLED,,,GW-84033375
REF00004450,ORD0072340,CUST072340,TXN00072340,251.15,NOT_INITIATED,ORDER_CANCELLED,,,GW-92179953
REF00004451,ORD0072341,CUST072341,TXN00072341,799.95,NOT_INITIATED,RETURN,,,GW-41155107
REF00004452,ORD0072345,CUST072345,TXN00072345,2079.27,NOT_INITIATED,RETURN,,,GW-55065142
REF00004453,ORD0072403,CUST072403,TXN00072403,2589.41,NOT_INITIATED,RETURN,,,GW-51812361
REF00004454,ORD0072416,CUST072416,TXN00072416,765.95,NOT_INITIATED,RETURN,,,GW-23490917
REF00004455,ORD0072423,CUST072423,TXN00072423,457.28,NOT_INITIATED,RETURN,,,GW-67723759
REF00004456,ORD0072515,CUST072515,TXN00072515,3245.82,NOT_INITIATED,ORDER_CANCELLED,,,GW-83277816
REF00004457,ORD0072539,CUST072539,TXN00072539,150.52,NOT_INITIATED,RETURN,,,GW-12239075
REF00004458,ORD0072551,CUST072551,TXN00072551,1331.36,NOT_INITIATED,ORDER_CANCELLED,,,GW-55067875
REF00004459,ORD0072562,CUST072562,TXN00072562,1974.4,NOT_INITIATED,ORDER_CANCELLED,,,GW-72674792
REF00004460,ORD0072583,CUST072583,TXN00072583,501.47,NOT_INITIATED,RETURN,,,GW-98568284
REF00004461,ORD0072593,CUST072593,TXN00072593,48.51,NOT_INITIATED,ORDER_CANCELLED,,,GW-37612173
REF00004462,ORD0072603,CUST072603,TXN00072603,1004.17,NOT_INITIATED,RETURN,,,GW-93354916
REF00004463,ORD0072614,CUST072614,TXN00072614,1779.21,NOT_INITIATED,RETURN,,,GW-45488765
REF00004464,ORD0072617,CUST072617,TXN00072617,1269.06,NOT_INITIATED,RETURN,,,GW-61860858
REF00004465,ORD0072635,CUST072635,TXN00072635,511.42,NOT_INITIATED,ORDER_CANCELLED,,,GW-58041122
REF00004466,ORD0072636,CUST072636,TXN00072636,1085.94,NOT_INITIATED,RETURN,,,GW-76022442
REF00004467,ORD0072654,CUST072654,TXN00072654,2959.57,NOT_INITIATED,ORDER_CANCELLED,,,GW-79087587
REF00004468,ORD0072678,CUST072678,TXN00072678,674.89,NOT_INITIATED,RETURN,,,GW-85431644
REF00004469,ORD0072689,CUST072689,TXN00072689,358.98,NOT_INITIATED,RETURN,,,GW-75802676
REF00004470,ORD0072726,CUST072726,TXN00072726,2393.27,NOT_INITIATED,RETURN,,,GW-34416777
REF00004471,ORD0072743,CUST072743,TXN00072743,2668.28,NOT_INITIATED,RETURN,,,GW-50694699
REF00004472,ORD0072762,CUST072762,TXN00072762,1632.18,NOT_INITIATED,ORDER_CANCELLED,,,GW-89307917
REF00004473,ORD0072780,CUST072780,TXN00072780,592.31,NOT_INITIATED,RETURN,,,GW-39549636
REF00004474,ORD0072799,CUST072799,TXN00072799,690.61,NOT_INITIATED,ORDER_CANCELLED,,,GW-26453502
REF00004475,ORD0072824,CUST072824,TXN00072824,1149.05,NOT_INITIATED,ORDER_CANCELLED,,,GW-25724274
REF00004476,ORD0072827,CUST072827,TXN00072827,1942.92,NOT_INITIATED,RETURN,,,GW-87762609
REF00004477,ORD0072865,CUST072865,TXN00072865,621.95,NOT_INITIATED,RETURN,,,GW-30854235
REF00004478,ORD0072875,CUST072875,TXN00072875,360.43,NOT_INITIATED,ORDER_CANCELLED,,,GW-76294629
REF00004479,ORD0072884,CUST072884,TXN00072884,155.82,NOT_INITIATED,RETURN,,,GW-20441667
REF00004480,ORD0072908,CUST072908,TXN00072908,2231.43,NOT_INITIATED,ORDER_CANCELLED,,,GW-21622124
REF00004481,ORD0072909,CUST072909,TXN00072909,182.7,NOT_INITIATED,ORDER_CANCELLED,,,GW-19803174
REF00004482,ORD0072910,CUST072910,TXN00072910,1446.87,NOT_INITIATED,ORDER_CANCELLED,,,GW-30696878
REF00004483,ORD0072942,CUST072942,TXN00072942,1239.96,NOT_INITIATED,RETURN,,,GW-69187145
REF00004484,ORD0072949,CUST072949,TXN00072949,2015.24,NOT_INITIATED,RETURN,,,GW-88463936
REF00004485,ORD0072953,CUST072953,TXN00072953,2512.46,NOT_INITIATED,ORDER_CANCELLED,,,GW-14484938
REF00004486,ORD0072962,CUST072962,TXN00072962,1283.95,NOT_INITIATED,RETURN,,,GW-63794722
REF00004487,ORD0072992,CUST072992,TXN00072992,500.83,NOT_INITIATED,ORDER_CANCELLED,,,GW-94537884
REF00004488,ORD0072997,CUST072997,TXN00072997,670.41,NOT_INITIATED,ORDER_CANCELLED,,,GW-14477800
REF00004489,ORD0073027,CUST073027,TXN00073027,169.29,NOT_INITIATED,RETURN,,,GW-35013384
REF00004490,ORD0073036,CUST073036,TXN00073036,693.08,NOT_INITIATED,ORDER_CANCELLED,,,GW-58534942
REF00004491,ORD0073041,CUST073041,TXN00073041,1457.68,NOT_INITIATED,ORDER_CANCELLED,,,GW-30464477
REF00004492,ORD0073093,CUST073093,TXN00073093,327.42,NOT_INITIATED,ORDER_CANCELLED,,,GW-49887690
REF00004493,ORD0073096,CUST073096,TXN00073096,1844.29,NOT_INITIATED,ORDER_CANCELLED,,,GW-47543633
REF00004494,ORD0073110,CUST073110,TXN00073110,3312.37,NOT_INITIATED,RETURN,,,GW-88052043
REF00004495,ORD0073115,CUST073115,TXN00073115,1083.68,NOT_INITIATED,RETURN,,,GW-55988818
REF00004496,ORD0073132,CUST073132,TXN00073132,462.96,NOT_INITIATED,ORDER_CANCELLED,,,GW-40928244
REF00004497,ORD0073142,CUST073142,TXN00073142,182.09,NOT_INITIATED,ORDER_CANCELLED,,,GW-25290598
REF00004498,ORD0073165,CUST073165,TXN00073165,314.54,NOT_INITIATED,RETURN,,,GW-50513997
REF00004499,ORD0073191,CUST073191,TXN00073191,1095.88,NOT_INITIATED,ORDER_CANCELLED,,,GW-83627377
REF00004500,ORD0073200,CUST073200,TXN00073200,2231.78,NOT_INITIATED,RETURN,,,GW-19001627
REF00004501,ORD0073215,CUST073215,TXN00073215,2441.5,NOT_INITIATED,ORDER_CANCELLED,,,GW-29686142
REF00004502,ORD0073224,CUST073224,TXN00073224,756.03,NOT_INITIATED,RETURN,,,GW-31033949
REF00004503,ORD0073226,CUST073226,TXN00073226,2455.89,NOT_INITIATED,RETURN,,,GW-27413694
REF00004504,ORD0073239,CUST073239,TXN00073239,2175.03,NOT_INITIATED,ORDER_CANCELLED,,,GW-35793187
REF00004505,ORD0073248,CUST073248,TXN00073248,914.16,NOT_INITIATED,RETURN,,,GW-69311549
REF00004506,ORD0073252,CUST073252,TXN00073252,2734.12,NOT_INITIATED,RETURN,,,GW-99835421
REF00004507,ORD0073283,CUST073283,TXN00073283,1337.33,NOT_INITIATED,ORDER_CANCELLED,,,GW-68229060
REF00004508,ORD0073319,CUST073319,TXN00073319,42.09,NOT_INITIATED,ORDER_CANCELLED,,,GW-68851264
REF00004509,ORD0073335,CUST073335,TXN00073335,1626.77,NOT_INITIATED,ORDER_CANCELLED,,,GW-71594601
REF00004510,ORD0073352,CUST073352,TXN00073352,118.19,NOT_INITIATED,RETURN,,,GW-89076715
REF00004511,ORD0073371,CUST073371,TXN00073371,810.93,NOT_INITIATED,RETURN,,,GW-17565028
REF00004512,ORD0073401,CUST073401,TXN00073401,284.81,NOT_INITIATED,ORDER_CANCELLED,,,GW-27121974
REF00004513,ORD0073474,CUST073474,TXN00073474,1396.49,NOT_INITIATED,ORDER_CANCELLED,,,GW-53774400
REF00004514,ORD0073476,CUST073476,TXN00073476,180.36,NOT_INITIATED,RETURN,,,GW-92320771
REF00004515,ORD0073482,CUST073482,TXN00073482,1807.36,NOT_INITIATED,ORDER_CANCELLED,,,GW-72215324
REF00004516,ORD0073492,CUST073492,TXN00073492,2736.55,NOT_INITIATED,ORDER_CANCELLED,,,GW-34104721
REF00004517,ORD0073498,CUST073498,TXN00073498,1528.19,NOT_INITIATED,RETURN,,,GW-71623818
REF00004518,ORD0073517,CUST073517,TXN00073517,1365.25,NOT_INITIATED,ORDER_CANCELLED,,,GW-96597086
REF00004519,ORD0073549,CUST073549,TXN00073549,61.1,NOT_INITIATED,ORDER_CANCELLED,,,GW-29376680
REF00004520,ORD0073554,CUST073554,TXN00073554,1130.49,NOT_INITIATED,ORDER_CANCELLED,,,GW-28856220
REF00004521,ORD0073563,CUST073563,TXN00073563,558.07,NOT_INITIATED,ORDER_CANCELLED,,,GW-66121510
REF00004522,ORD0073583,CUST073583,TXN00073583,718.11,NOT_INITIATED,ORDER_CANCELLED,,,GW-85171367
REF00004523,ORD0073604,CUST073604,TXN00073604,834.84,NOT_INITIATED,ORDER_CANCELLED,,,GW-36545713
REF00004524,ORD0073605,CUST073605,TXN00073605,307.67,NOT_INITIATED,ORDER_CANCELLED,,,GW-23122807
REF00004525,ORD0073620,CUST073620,TXN00073620,332.38,NOT_INITIATED,RETURN,,,GW-40505015
REF00004526,ORD0073624,CUST073624,TXN00073624,842.88,NOT_INITIATED,ORDER_CANCELLED,,,GW-50392420
REF00004527,ORD0073645,CUST073645,TXN00073645,824.64,NOT_INITIATED,ORDER_CANCELLED,,,GW-69821950
REF00004528,ORD0073646,CUST073646,TXN00073646,358.42,NOT_INITIATED,RETURN,,,GW-61369917
REF00004529,ORD0073661,CUST073661,TXN00073661,1689.3,NOT_INITIATED,ORDER_CANCELLED,,,GW-43515366
REF00004530,ORD0073684,CUST073684,TXN00073684,31.1,NOT_INITIATED,ORDER_CANCELLED,,,GW-46675039
REF00004531,ORD0073690,CUST073690,TXN00073690,888.03,NOT_INITIATED,RETURN,,,GW-68040583
REF00004532,ORD0073697,CUST073697,TXN00073697,186.55,NOT_INITIATED,RETURN,,,GW-12647901
REF00004533,ORD0073704,CUST073704,TXN00073704,2883.09,NOT_INITIATED,RETURN,,,GW-45120992
REF00004534,ORD0073730,CUST073730,TXN00073730,157.18,NOT_INITIATED,RETURN,,,GW-63594712
REF00004535,ORD0073738,CUST073738,TXN00073738,1782.84,NOT_INITIATED,RETURN,,,GW-95458354
REF00004536,ORD0073749,CUST073749,TXN00073749,2116.84,NOT_INITIATED,RETURN,,,GW-19533571
REF00004537,ORD0073758,CUST073758,TXN00073758,336.39,NOT_INITIATED,ORDER_CANCELLED,,,GW-70798581
REF00004538,ORD0073774,CUST073774,TXN00073774,606.76,NOT_INITIATED,ORDER_CANCELLED,,,GW-85064320
REF00004539,ORD0073776,CUST073776,TXN00073776,1892.02,NOT_INITIATED,ORDER_CANCELLED,,,GW-44840397
REF00004540,ORD0073780,CUST073780,TXN00073780,1543.87,NOT_INITIATED,RETURN,,,GW-54304327
REF00004541,ORD0073786,CUST073786,TXN00073786,926.02,NOT_INITIATED,ORDER_CANCELLED,,,GW-79468646
REF00004542,ORD0073829,CUST073829,TXN00073829,3101.36,NOT_INITIATED,ORDER_CANCELLED,,,GW-60450668
REF00004543,ORD0073864,CUST073864,TXN00073864,685.91,NOT_INITIATED,RETURN,,,GW-42096219
REF00004544,ORD0073918,CUST073918,TXN00073918,1298.19,NOT_INITIATED,RETURN,,,GW-40989633
REF00004545,ORD0073921,CUST073921,TXN00073921,1732.78,NOT_INITIATED,RETURN,,,GW-61425446
REF00004546,ORD0073999,CUST073999,TXN00073999,1054.55,NOT_INITIATED,ORDER_CANCELLED,,,GW-92795183
REF00004547,ORD0074004,CUST074004,TXN00074004,463.7,NOT_INITIATED,RETURN,,,GW-41747388
REF00004548,ORD0074007,CUST074007,TXN00074007,563.88,NOT_INITIATED,ORDER_CANCELLED,,,GW-96721894
REF00004549,ORD0074023,CUST074023,TXN00074023,386.02,NOT_INITIATED,RETURN,,,GW-31294311
REF00004550,ORD0074059,CUST074059,TXN00074059,1799.98,NOT_INITIATED,RETURN,,,GW-91071110
REF00004551,ORD0074065,CUST074065,TXN00074065,450.01,NOT_INITIATED,ORDER_CANCELLED,,,GW-54641135
REF00004552,ORD0074074,CUST074074,TXN00074074,374.12,NOT_INITIATED,RETURN,,,GW-22944112
REF00004553,ORD0074088,CUST074088,TXN00074088,1322.8,NOT_INITIATED,ORDER_CANCELLED,,,GW-42591479
REF00004554,ORD0074090,CUST074090,TXN00074090,2300.3,NOT_INITIATED,RETURN,,,GW-33168553
REF00004555,ORD0074094,CUST074094,TXN00074094,71.81,NOT_INITIATED,ORDER_CANCELLED,,,GW-94497856
REF00004556,ORD0074103,CUST074103,TXN00074103,1059.02,NOT_INITIATED,RETURN,,,GW-55516666
REF00004557,ORD0074112,CUST074112,TXN00074112,1121.42,NOT_INITIATED,RETURN,,,GW-93426855
REF00004558,ORD0074212,CUST074212,TXN00074212,418.06,NOT_INITIATED,RETURN,,,GW-13724674
REF00004559,ORD0074257,CUST074257,TXN00074257,1206.51,NOT_INITIATED,ORDER_CANCELLED,,,GW-25144106
REF00004560,ORD0074263,CUST074263,TXN00074263,1607.46,NOT_INITIATED,RETURN,,,GW-64904801
REF00004561,ORD0074265,CUST074265,TXN00074265,1821.71,NOT_INITIATED,RETURN,,,GW-10906078
REF00004562,ORD0074275,CUST074275,TXN00074275,516.37,NOT_INITIATED,ORDER_CANCELLED,,,GW-32413891
REF00004563,ORD0074297,CUST074297,TXN00074297,2204.19,NOT_INITIATED,RETURN,,,GW-88044294
REF00004564,ORD0074308,CUST074308,TXN00074308,532.89,NOT_INITIATED,ORDER_CANCELLED,,,GW-95007170
REF00004565,ORD0074332,CUST074332,TXN00074332,2967.22,NOT_INITIATED,ORDER_CANCELLED,,,GW-89134797
REF00004566,ORD0074364,CUST074364,TXN00074364,930.84,NOT_INITIATED,ORDER_CANCELLED,,,GW-70520373
REF00004567,ORD0074372,CUST074372,TXN00074372,341.52,NOT_INITIATED,ORDER_CANCELLED,,,GW-22561964
REF00004568,ORD0074400,CUST074400,TXN00074400,625.11,NOT_INITIATED,ORDER_CANCELLED,,,GW-80929649
REF00004569,ORD0074429,CUST074429,TXN00074429,1251.62,NOT_INITIATED,ORDER_CANCELLED,,,GW-37188865
REF00004570,ORD0074470,CUST074470,TXN00074470,1385.42,NOT_INITIATED,RETURN,,,GW-70044219
REF00004571,ORD0074474,CUST074474,TXN00074474,1278.86,NOT_INITIATED,RETURN,,,GW-96040551
REF00004572,ORD0074501,CUST074501,TXN00074501,1568.5,NOT_INITIATED,RETURN,,,GW-73795383
REF00004573,ORD0074533,CUST074533,TXN00074533,282.27,NOT_INITIATED,RETURN,,,GW-55609914
REF00004574,ORD0074537,CUST074537,TXN00074537,1899.03,NOT_INITIATED,ORDER_CANCELLED,,,GW-27898693
REF00004575,ORD0074559,CUST074559,TXN00074559,96.36,NOT_INITIATED,RETURN,,,GW-11992083
REF00004576,ORD0074571,CUST074571,TXN00074571,1259.93,NOT_INITIATED,ORDER_CANCELLED,,,GW-64776668
REF00004577,ORD0074574,CUST074574,TXN00074574,1017.37,NOT_INITIATED,ORDER_CANCELLED,,,GW-50731781
REF00004578,ORD0074623,CUST074623,TXN00074623,692.67,NOT_INITIATED,RETURN,,,GW-13303814
REF00004579,ORD0074649,CUST074649,TXN00074649,341.17,NOT_INITIATED,ORDER_CANCELLED,,,GW-71890159
REF00004580,ORD0074652,CUST074652,TXN00074652,266.47,NOT_INITIATED,ORDER_CANCELLED,,,GW-82324284
REF00004581,ORD0074662,CUST074662,TXN00074662,1205.45,NOT_INITIATED,RETURN,,,GW-46150507
REF00004582,ORD0074676,CUST074676,TXN00074676,258.41,NOT_INITIATED,RETURN,,,GW-16951407
REF00004583,ORD0074691,CUST074691,TXN00074691,1254.79,NOT_INITIATED,ORDER_CANCELLED,,,GW-46123986
REF00004584,ORD0074697,CUST074697,TXN00074697,879.5,NOT_INITIATED,RETURN,,,GW-75332592
REF00004585,ORD0074723,CUST074723,TXN00074723,644.33,NOT_INITIATED,RETURN,,,GW-71175208
REF00004586,ORD0074751,CUST074751,TXN00074751,184.66,NOT_INITIATED,ORDER_CANCELLED,,,GW-29951954
REF00004587,ORD0074765,CUST074765,TXN00074765,1321.93,NOT_INITIATED,ORDER_CANCELLED,,,GW-86872552
REF00004588,ORD0074799,CUST074799,TXN00074799,1243.91,NOT_INITIATED,RETURN,,,GW-63939814
REF00004589,ORD0074808,CUST074808,TXN00074808,693.83,NOT_INITIATED,ORDER_CANCELLED,,,GW-89498436
REF00004590,ORD0074816,CUST074816,TXN00074816,267.66,NOT_INITIATED,ORDER_CANCELLED,,,GW-69194299
REF00004591,ORD0074818,CUST074818,TXN00074818,1201.55,NOT_INITIATED,RETURN,,,GW-46936607
REF00004592,ORD0074835,CUST074835,TXN00074835,43.5,NOT_INITIATED,RETURN,,,GW-35986582
REF00004593,ORD0074857,CUST074857,TXN00074857,660.36,NOT_INITIATED,ORDER_CANCELLED,,,GW-38217705
REF00004594,ORD0074908,CUST074908,TXN00074908,908.86,NOT_INITIATED,RETURN,,,GW-80290623
REF00004595,ORD0074942,CUST074942,TXN00074942,177.4,NOT_INITIATED,RETURN,,,GW-61995109
REF00004596,ORD0074966,CUST074966,TXN00074966,468.85,NOT_INITIATED,RETURN,,,GW-55502877
REF00004597,ORD0075033,CUST075033,TXN00075033,1157.72,NOT_INITIATED,RETURN,,,GW-29535781
REF00004598,ORD0075042,CUST075042,TXN00075042,3132.1,NOT_INITIATED,ORDER_CANCELLED,,,GW-56871010
REF00004599,ORD0075050,CUST075050,TXN00075050,660.5,NOT_INITIATED,RETURN,,,GW-72620531
REF00004600,ORD0075071,CUST075071,TXN00075071,104.05,NOT_INITIATED,RETURN,,,GW-98542211
REF00004601,ORD0075096,CUST075096,TXN00075096,207.5,NOT_INITIATED,ORDER_CANCELLED,,,GW-94759958
REF00004602,ORD0075119,CUST075119,TXN00075119,795.88,NOT_INITIATED,ORDER_CANCELLED,,,GW-90648666
REF00004603,ORD0075136,CUST075136,TXN00075136,967.33,NOT_INITIATED,RETURN,,,GW-56366664
REF00004604,ORD0075229,CUST075229,TXN00075229,364.22,NOT_INITIATED,RETURN,,,GW-90961811
REF00004605,ORD0075257,CUST075257,TXN00075257,1372.79,NOT_INITIATED,RETURN,,,GW-93730821
REF00004606,ORD0075275,CUST075275,TXN00075275,84.8,NOT_INITIATED,ORDER_CANCELLED,,,GW-16859495
REF00004607,ORD0075301,CUST075301,TXN00075301,300.34,NOT_INITIATED,RETURN,,,GW-13529328
REF00004608,ORD0075306,CUST075306,TXN00075306,150.2,NOT_INITIATED,ORDER_CANCELLED,,,GW-23912286
REF00004609,ORD0075308,CUST075308,TXN00075308,39.59,NOT_INITIATED,RETURN,,,GW-98239968
REF00004610,ORD0075323,CUST075323,TXN00075323,1472.11,NOT_INITIATED,ORDER_CANCELLED,,,GW-12731845
REF00004611,ORD0075403,CUST075403,TXN00075403,358.88,NOT_INITIATED,ORDER_CANCELLED,,,GW-73333443
REF00004612,ORD0075421,CUST075421,TXN00075421,303.66,NOT_INITIATED,RETURN,,,GW-57336238
REF00004613,ORD0075427,CUST075427,TXN00075427,555.19,NOT_INITIATED,ORDER_CANCELLED,,,GW-20454383
REF00004614,ORD0075440,CUST075440,TXN00075440,495.2,NOT_INITIATED,ORDER_CANCELLED,,,GW-16683291
REF00004615,ORD0075443,CUST075443,TXN00075443,38.35,NOT_INITIATED,ORDER_CANCELLED,,,GW-88930340
REF00004616,ORD0075477,CUST075477,TXN00075477,886.12,NOT_INITIATED,ORDER_CANCELLED,,,GW-41188789
REF00004617,ORD0075514,CUST075514,TXN00075514,27.9,NOT_INITIATED,RETURN,,,GW-44187084
REF00004618,ORD0075517,CUST075517,TXN00075517,426.38,NOT_INITIATED,RETURN,,,GW-65542163
REF00004619,ORD0075528,CUST075528,TXN00075528,206.41,NOT_INITIATED,ORDER_CANCELLED,,,GW-69477146
REF00004620,ORD0075564,CUST075564,TXN00075564,2529.61,NOT_INITIATED,ORDER_CANCELLED,,,GW-85858887
REF00004621,ORD0075567,CUST075567,TXN00075567,239.81,NOT_INITIATED,RETURN,,,GW-80580155
REF00004622,ORD0075576,CUST075576,TXN00075576,679.45,NOT_INITIATED,RETURN,,,GW-53912104
REF00004623,ORD0075581,CUST075581,TXN00075581,1802.77,NOT_INITIATED,ORDER_CANCELLED,,,GW-14623235
REF00004624,ORD0075620,CUST075620,TXN00075620,490.61,NOT_INITIATED,ORDER_CANCELLED,,,GW-15795013
REF00004625,ORD0075640,CUST075640,TXN00075640,1284.83,NOT_INITIATED,ORDER_CANCELLED,,,GW-26397180
REF00004626,ORD0075652,CUST075652,TXN00075652,1685.98,NOT_INITIATED,RETURN,,,GW-90390335
REF00004627,ORD0075676,CUST075676,TXN00075676,1318.68,NOT_INITIATED,ORDER_CANCELLED,,,GW-72279455
REF00004628,ORD0075683,CUST075683,TXN00075683,2191.51,NOT_INITIATED,RETURN,,,GW-11778101
REF00004629,ORD0075684,CUST075684,TXN00075684,2051.52,NOT_INITIATED,RETURN,,,GW-97834512
REF00004630,ORD0075687,CUST075687,TXN00075687,254.92,NOT_INITIATED,RETURN,,,GW-35129900
REF00004631,ORD0075712,CUST075712,TXN00075712,642.33,NOT_INITIATED,ORDER_CANCELLED,,,GW-90309822
REF00004632,ORD0075720,CUST075720,TXN00075720,1113.42,NOT_INITIATED,ORDER_CANCELLED,,,GW-51124643
REF00004633,ORD0075723,CUST075723,TXN00075723,1290.56,NOT_INITIATED,RETURN,,,GW-21638271
REF00004634,ORD0075761,CUST075761,TXN00075761,1125.34,NOT_INITIATED,RETURN,,,GW-40502934
REF00004635,ORD0075780,CUST075780,TXN00075780,642.04,NOT_INITIATED,ORDER_CANCELLED,,,GW-72355364
REF00004636,ORD0075819,CUST075819,TXN00075819,134.6,NOT_INITIATED,RETURN,,,GW-85416477
REF00004637,ORD0075827,CUST075827,TXN00075827,1301.73,NOT_INITIATED,RETURN,,,GW-44361882
REF00004638,ORD0075834,CUST075834,TXN00075834,1573.61,NOT_INITIATED,ORDER_CANCELLED,,,GW-42369520
REF00004639,ORD0075848,CUST075848,TXN00075848,1917.81,NOT_INITIATED,RETURN,,,GW-73276632
REF00004640,ORD0075856,CUST075856,TXN00075856,2479.66,NOT_INITIATED,RETURN,,,GW-53951770
REF00004641,ORD0075862,CUST075862,TXN00075862,510.52,NOT_INITIATED,RETURN,,,GW-89994381
REF00004642,ORD0075863,CUST075863,TXN00075863,1594.88,NOT_INITIATED,ORDER_CANCELLED,,,GW-97904404
REF00004643,ORD0075899,CUST075899,TXN00075899,2511.16,NOT_INITIATED,ORDER_CANCELLED,,,GW-53840567
REF00004644,ORD0075904,CUST075904,TXN00075904,883.08,NOT_INITIATED,RETURN,,,GW-72896961
REF00004645,ORD0075923,CUST075923,TXN00075923,479.03,NOT_INITIATED,ORDER_CANCELLED,,,GW-47626396
REF00004646,ORD0075956,CUST075956,TXN00075956,2284.26,NOT_INITIATED,RETURN,,,GW-55568364
REF00004647,ORD0075975,CUST075975,TXN00075975,1450.52,NOT_INITIATED,ORDER_CANCELLED,,,GW-87742913
REF00004648,ORD0075991,CUST075991,TXN00075991,440.29,NOT_INITIATED,ORDER_CANCELLED,,,GW-99014750
REF00004649,ORD0075997,CUST075997,TXN00075997,840.01,NOT_INITIATED,RETURN,,,GW-77304616
REF00004650,ORD0076019,CUST076019,TXN00076019,841.6,NOT_INITIATED,RETURN,,,GW-67638525
REF00004651,ORD0076023,CUST076023,TXN00076023,1569.88,NOT_INITIATED,ORDER_CANCELLED,,,GW-25731468
REF00004652,ORD0076025,CUST076025,TXN00076025,524.27,NOT_INITIATED,ORDER_CANCELLED,,,GW-92478613
REF00004653,ORD0076036,CUST076036,TXN00076036,1947.3,NOT_INITIATED,RETURN,,,GW-96210898
REF00004654,ORD0076045,CUST076045,TXN00076045,133.97,NOT_INITIATED,RETURN,,,GW-41013151
REF00004655,ORD0076079,CUST076079,TXN00076079,496.39,NOT_INITIATED,ORDER_CANCELLED,,,GW-62714057
REF00004656,ORD0076090,CUST076090,TXN00076090,971.39,NOT_INITIATED,ORDER_CANCELLED,,,GW-18218337
REF00004657,ORD0076106,CUST076106,TXN00076106,1703.92,NOT_INITIATED,RETURN,,,GW-53827484
REF00004658,ORD0076222,CUST076222,TXN00076222,1737.75,NOT_INITIATED,ORDER_CANCELLED,,,GW-54584204
REF00004659,ORD0076245,CUST076245,TXN00076245,640.37,NOT_INITIATED,RETURN,,,GW-86655602
REF00004660,ORD0076253,CUST076253,TXN00076253,1099.47,NOT_INITIATED,RETURN,,,GW-66508590
REF00004661,ORD0076280,CUST076280,TXN00076280,450.29,NOT_INITIATED,ORDER_CANCELLED,,,GW-30426262
REF00004662,ORD0076282,CUST076282,TXN00076282,333.21,NOT_INITIATED,ORDER_CANCELLED,,,GW-36215829
REF00004663,ORD0076294,CUST076294,TXN00076294,1097.45,NOT_INITIATED,RETURN,,,GW-33629959
REF00004664,ORD0076323,CUST076323,TXN00076323,1448.75,NOT_INITIATED,RETURN,,,GW-32169384
REF00004665,ORD0076358,CUST076358,TXN00076358,32.22,NOT_INITIATED,ORDER_CANCELLED,,,GW-63227848
REF00004666,ORD0076360,CUST076360,TXN00076360,1067.35,NOT_INITIATED,ORDER_CANCELLED,,,GW-47628038
REF00004667,ORD0076396,CUST076396,TXN00076396,629.31,NOT_INITIATED,ORDER_CANCELLED,,,GW-71267440
REF00004668,ORD0076427,CUST076427,TXN00076427,1534.45,NOT_INITIATED,ORDER_CANCELLED,,,GW-59591817
REF00004669,ORD0076441,CUST076441,TXN00076441,862.27,NOT_INITIATED,ORDER_CANCELLED,,,GW-90728079
REF00004670,ORD0076453,CUST076453,TXN00076453,1408.19,NOT_INITIATED,RETURN,,,GW-57728951
REF00004671,ORD0076456,CUST076456,TXN00076456,1694.99,NOT_INITIATED,RETURN,,,GW-41924834
REF00004672,ORD0076499,CUST076499,TXN00076499,1795.61,NOT_INITIATED,RETURN,,,GW-34337544
REF00004673,ORD0076511,CUST076511,TXN00076511,431.52,NOT_INITIATED,ORDER_CANCELLED,,,GW-74128669
REF00004674,ORD0076514,CUST076514,TXN00076514,211.32,NOT_INITIATED,RETURN,,,GW-73309832
REF00004675,ORD0076517,CUST076517,TXN00076517,382.7,NOT_INITIATED,ORDER_CANCELLED,,,GW-47241882
REF00004676,ORD0076579,CUST076579,TXN00076579,437.51,NOT_INITIATED,RETURN,,,GW-82119988
REF00004677,ORD0076596,CUST076596,TXN00076596,648.02,NOT_INITIATED,ORDER_CANCELLED,,,GW-96477412
REF00004678,ORD0076623,CUST076623,TXN00076623,1180.39,NOT_INITIATED,ORDER_CANCELLED,,,GW-56756575
REF00004679,ORD0076636,CUST076636,TXN00076636,386.48,NOT_INITIATED,ORDER_CANCELLED,,,GW-18406827
REF00004680,ORD0076663,CUST076663,TXN00076663,566.85,NOT_INITIATED,RETURN,,,GW-61668148
REF00004681,ORD0076666,CUST076666,TXN00076666,164.14,NOT_INITIATED,ORDER_CANCELLED,,,GW-81718990
REF00004682,ORD0076678,CUST076678,TXN00076678,280.49,NOT_INITIATED,ORDER_CANCELLED,,,GW-67923984
REF00004683,ORD0076694,CUST076694,TXN00076694,581.52,NOT_INITIATED,ORDER_CANCELLED,,,GW-70183471
REF00004684,ORD0076708,CUST076708,TXN00076708,585.29,NOT_INITIATED,ORDER_CANCELLED,,,GW-35953766
REF00004685,ORD0076710,CUST076710,TXN00076710,982.0,NOT_INITIATED,ORDER_CANCELLED,,,GW-74787963
REF00004686,ORD0076743,CUST076743,TXN00076743,302.11,NOT_INITIATED,ORDER_CANCELLED,,,GW-27510990
REF00004687,ORD0076769,CUST076769,TXN00076769,2302.27,NOT_INITIATED,ORDER_CANCELLED,,,GW-53814350
REF00004688,ORD0076775,CUST076775,TXN00076775,1712.01,NOT_INITIATED,ORDER_CANCELLED,,,GW-41734283
REF00004689,ORD0076820,CUST076820,TXN00076820,1627.37,NOT_INITIATED,ORDER_CANCELLED,,,GW-98039464
REF00004690,ORD0076828,CUST076828,TXN00076828,1724.71,NOT_INITIATED,RETURN,,,GW-59687177
REF00004691,ORD0076859,CUST076859,TXN00076859,218.72,NOT_INITIATED,RETURN,,,GW-78774013
REF00004692,ORD0076860,CUST076860,TXN00076860,1983.06,NOT_INITIATED,RETURN,,,GW-85667554
REF00004693,ORD0076862,CUST076862,TXN00076862,1161.55,NOT_INITIATED,RETURN,,,GW-39171065
REF00004694,ORD0076884,CUST076884,TXN00076884,1277.14,NOT_INITIATED,RETURN,,,GW-82353435
REF00004695,ORD0076891,CUST076891,TXN00076891,1546.28,NOT_INITIATED,ORDER_CANCELLED,,,GW-32123429
REF00004696,ORD0076920,CUST076920,TXN00076920,1209.55,NOT_INITIATED,RETURN,,,GW-66477966
REF00004697,ORD0076927,CUST076927,TXN00076927,130.94,NOT_INITIATED,RETURN,,,GW-20672325
REF00004698,ORD0076945,CUST076945,TXN00076945,582.26,NOT_INITIATED,ORDER_CANCELLED,,,GW-17820522
REF00004699,ORD0076990,CUST076990,TXN00076990,1936.64,NOT_INITIATED,ORDER_CANCELLED,,,GW-67060321
REF00004700,ORD0076992,CUST076992,TXN00076992,1200.16,NOT_INITIATED,RETURN,,,GW-59401472
REF00004701,ORD0077031,CUST077031,TXN00077031,650.83,NOT_INITIATED,RETURN,,,GW-26116131
REF00004702,ORD0077038,CUST077038,TXN00077038,326.47,NOT_INITIATED,RETURN,,,GW-72539012
REF00004703,ORD0077064,CUST077064,TXN00077064,437.48,NOT_INITIATED,ORDER_CANCELLED,,,GW-10379153
REF00004704,ORD0077086,CUST077086,TXN00077086,1912.92,NOT_INITIATED,RETURN,,,GW-96410319
REF00004705,ORD0077110,CUST077110,TXN00077110,1137.98,NOT_INITIATED,RETURN,,,GW-86372950
REF00004706,ORD0077129,CUST077129,TXN00077129,1433.6,NOT_INITIATED,ORDER_CANCELLED,,,GW-49667862
REF00004707,ORD0077133,CUST077133,TXN00077133,2410.12,NOT_INITIATED,RETURN,,,GW-52420628
REF00004708,ORD0077145,CUST077145,TXN00077145,487.85,NOT_INITIATED,RETURN,,,GW-25726973
REF00004709,ORD0077156,CUST077156,TXN00077156,1999.69,NOT_INITIATED,ORDER_CANCELLED,,,GW-85960356
REF00004710,ORD0077197,CUST077197,TXN00077197,241.86,NOT_INITIATED,RETURN,,,GW-78198929
REF00004711,ORD0077202,CUST077202,TXN00077202,1990.85,NOT_INITIATED,ORDER_CANCELLED,,,GW-89259181
REF00004712,ORD0077204,CUST077204,TXN00077204,621.91,NOT_INITIATED,RETURN,,,GW-19752282
REF00004713,ORD0077235,CUST077235,TXN00077235,2906.05,NOT_INITIATED,RETURN,,,GW-22123543
REF00004714,ORD0077240,CUST077240,TXN00077240,338.82,NOT_INITIATED,RETURN,,,GW-56911308
REF00004715,ORD0077250,CUST077250,TXN00077250,271.04,NOT_INITIATED,RETURN,,,GW-16221823
REF00004716,ORD0077254,CUST077254,TXN00077254,1042.55,NOT_INITIATED,ORDER_CANCELLED,,,GW-33854337
REF00004717,ORD0077283,CUST077283,TXN00077283,684.85,NOT_INITIATED,ORDER_CANCELLED,,,GW-87729098
REF00004718,ORD0077292,CUST077292,TXN00077292,1134.23,NOT_INITIATED,RETURN,,,GW-99749523
REF00004719,ORD0077293,CUST077293,TXN00077293,435.1,NOT_INITIATED,RETURN,,,GW-87832000
REF00004720,ORD0077339,CUST077339,TXN00077339,2240.17,NOT_INITIATED,RETURN,,,GW-74827108
REF00004721,ORD0077350,CUST077350,TXN00077350,34.81,NOT_INITIATED,RETURN,,,GW-85445441
REF00004722,ORD0077366,CUST077366,TXN00077366,352.3,NOT_INITIATED,ORDER_CANCELLED,,,GW-45546070
REF00004723,ORD0077368,CUST077368,TXN00077368,750.7,NOT_INITIATED,ORDER_CANCELLED,,,GW-68288495
REF00004724,ORD0077395,CUST077395,TXN00077395,244.76,NOT_INITIATED,RETURN,,,GW-51902471
REF00004725,ORD0077426,CUST077426,TXN00077426,191.91,NOT_INITIATED,RETURN,,,GW-33860116
REF00004726,ORD0077434,CUST077434,TXN00077434,2346.28,NOT_INITIATED,RETURN,,,GW-42847766
REF00004727,ORD0077458,CUST077458,TXN00077458,54.83,NOT_INITIATED,ORDER_CANCELLED,,,GW-36410699
REF00004728,ORD0077467,CUST077467,TXN00077467,710.83,NOT_INITIATED,RETURN,,,GW-11072680
REF00004729,ORD0077469,CUST077469,TXN00077469,195.81,NOT_INITIATED,ORDER_CANCELLED,,,GW-93741014
REF00004730,ORD0077474,CUST077474,TXN00077474,246.84,NOT_INITIATED,RETURN,,,GW-90585999
REF00004731,ORD0077495,CUST077495,TXN00077495,2228.93,NOT_INITIATED,ORDER_CANCELLED,,,GW-45624142
REF00004732,ORD0077502,CUST077502,TXN00077502,1440.79,NOT_INITIATED,RETURN,,,GW-21991822
REF00004733,ORD0077554,CUST077554,TXN00077554,1482.41,NOT_INITIATED,RETURN,,,GW-33874057
REF00004734,ORD0077565,CUST077565,TXN00077565,417.61,NOT_INITIATED,RETURN,,,GW-75645231
REF00004735,ORD0077569,CUST077569,TXN00077569,447.83,NOT_INITIATED,ORDER_CANCELLED,,,GW-13915935
REF00004736,ORD0077575,CUST077575,TXN00077575,471.06,NOT_INITIATED,RETURN,,,GW-47970076
REF00004737,ORD0077590,CUST077590,TXN00077590,1274.69,NOT_INITIATED,RETURN,,,GW-69021349
REF00004738,ORD0077612,CUST077612,TXN00077612,9.63,NOT_INITIATED,RETURN,,,GW-76376921
REF00004739,ORD0077630,CUST077630,TXN00077630,419.15,NOT_INITIATED,ORDER_CANCELLED,,,GW-82894030
REF00004740,ORD0077635,CUST077635,TXN00077635,398.85,NOT_INITIATED,ORDER_CANCELLED,,,GW-11173342
REF00004741,ORD0077669,CUST077669,TXN00077669,1731.67,NOT_INITIATED,RETURN,,,GW-99652458
REF00004742,ORD0077744,CUST077744,TXN00077744,1749.84,NOT_INITIATED,RETURN,,,GW-30265633
REF00004743,ORD0077752,CUST077752,TXN00077752,1165.52,NOT_INITIATED,RETURN,,,GW-90573118
REF00004744,ORD0077771,CUST077771,TXN00077771,981.39,NOT_INITIATED,ORDER_CANCELLED,,,GW-51749471
REF00004745,ORD0077774,CUST077774,TXN00077774,552.29,NOT_INITIATED,ORDER_CANCELLED,,,GW-81116637
REF00004746,ORD0077817,CUST077817,TXN00077817,1602.09,NOT_INITIATED,RETURN,,,GW-85528114
REF00004747,ORD0077849,CUST077849,TXN00077849,588.13,NOT_INITIATED,ORDER_CANCELLED,,,GW-24678500
REF00004748,ORD0077904,CUST077904,TXN00077904,1210.63,NOT_INITIATED,RETURN,,,GW-69732052
REF00004749,ORD0077911,CUST077911,TXN00077911,19.83,NOT_INITIATED,ORDER_CANCELLED,,,GW-34182314
REF00004750,ORD0077950,CUST077950,TXN00077950,1731.56,NOT_INITIATED,RETURN,,,GW-57199484
REF00004751,ORD0077952,CUST077952,TXN00077952,2437.18,NOT_INITIATED,RETURN,,,GW-23453565
REF00004752,ORD0077964,CUST077964,TXN00077964,432.17,NOT_INITIATED,RETURN,,,GW-61654593
REF00004753,ORD0077973,CUST077973,TXN00077973,307.35,NOT_INITIATED,RETURN,,,GW-91237056
REF00004754,ORD0077977,CUST077977,TXN00077977,283.85,NOT_INITIATED,RETURN,,,GW-61289841
REF00004755,ORD0078016,CUST078016,TXN00078016,599.96,NOT_INITIATED,ORDER_CANCELLED,,,GW-93447759
REF00004756,ORD0078018,CUST078018,TXN00078018,2534.66,NOT_INITIATED,ORDER_CANCELLED,,,GW-65444722
REF00004757,ORD0078022,CUST078022,TXN00078022,1705.69,NOT_INITIATED,ORDER_CANCELLED,,,GW-69512573
REF00004758,ORD0078023,CUST078023,TXN00078023,1554.33,NOT_INITIATED,ORDER_CANCELLED,,,GW-67572333
REF00004759,ORD0078040,CUST078040,TXN00078040,1507.48,NOT_INITIATED,RETURN,,,GW-49011188
REF00004760,ORD0078060,CUST078060,TXN00078060,581.11,NOT_INITIATED,RETURN,,,GW-47301396
REF00004761,ORD0078063,CUST078063,TXN00078063,220.19,NOT_INITIATED,RETURN,,,GW-65515622
REF00004762,ORD0078071,CUST078071,TXN00078071,1084.42,NOT_INITIATED,ORDER_CANCELLED,,,GW-22569138
REF00004763,ORD0078072,CUST078072,TXN00078072,978.85,NOT_INITIATED,ORDER_CANCELLED,,,GW-35944073
REF00004764,ORD0078122,CUST078122,TXN00078122,845.55,NOT_INITIATED,ORDER_CANCELLED,,,GW-84933744
REF00004765,ORD0078145,CUST078145,TXN00078145,273.99,NOT_INITIATED,ORDER_CANCELLED,,,GW-23739693
REF00004766,ORD0078153,CUST078153,TXN00078153,1018.31,NOT_INITIATED,ORDER_CANCELLED,,,GW-22399620
REF00004767,ORD0078170,CUST078170,TXN00078170,1610.08,NOT_INITIATED,RETURN,,,GW-88837690
REF00004768,ORD0078193,CUST078193,TXN00078193,180.71,NOT_INITIATED,RETURN,,,GW-81599359
REF00004769,ORD0078194,CUST078194,TXN00078194,2036.13,NOT_INITIATED,ORDER_CANCELLED,,,GW-94409208
REF00004770,ORD0078202,CUST078202,TXN00078202,1163.44,NOT_INITIATED,ORDER_CANCELLED,,,GW-11685826
REF00004771,ORD0078212,CUST078212,TXN00078212,943.47,NOT_INITIATED,RETURN,,,GW-68767597
REF00004772,ORD0078237,CUST078237,TXN00078237,409.04,NOT_INITIATED,ORDER_CANCELLED,,,GW-52285298
REF00004773,ORD0078239,CUST078239,TXN00078239,133.81,NOT_INITIATED,RETURN,,,GW-36461101
REF00004774,ORD0078257,CUST078257,TXN00078257,902.77,NOT_INITIATED,ORDER_CANCELLED,,,GW-80998044
REF00004775,ORD0078266,CUST078266,TXN00078266,2534.86,NOT_INITIATED,ORDER_CANCELLED,,,GW-59530058
REF00004776,ORD0078280,CUST078280,TXN00078280,203.41,NOT_INITIATED,ORDER_CANCELLED,,,GW-51797136
REF00004777,ORD0078288,CUST078288,TXN00078288,798.38,NOT_INITIATED,RETURN,,,GW-93967833
REF00004778,ORD0078348,CUST078348,TXN00078348,299.9,NOT_INITIATED,RETURN,,,GW-61609595
REF00004779,ORD0078387,CUST078387,TXN00078387,81.17,NOT_INITIATED,ORDER_CANCELLED,,,GW-85371584
REF00004780,ORD0078397,CUST078397,TXN00078397,507.4,NOT_INITIATED,RETURN,,,GW-45150754
REF00004781,ORD0078411,CUST078411,TXN00078411,2194.02,NOT_INITIATED,ORDER_CANCELLED,,,GW-45471680
REF00004782,ORD0078463,CUST078463,TXN00078463,1308.98,NOT_INITIATED,ORDER_CANCELLED,,,GW-63583795
REF00004783,ORD0078471,CUST078471,TXN00078471,407.45,NOT_INITIATED,RETURN,,,GW-90208730
REF00004784,ORD0078496,CUST078496,TXN00078496,1155.28,NOT_INITIATED,RETURN,,,GW-92328330
REF00004785,ORD0078518,CUST078518,TXN00078518,112.65,NOT_INITIATED,RETURN,,,GW-37798388
REF00004786,ORD0078570,CUST078570,TXN00078570,71.56,NOT_INITIATED,ORDER_CANCELLED,,,GW-66659129
REF00004787,ORD0078578,CUST078578,TXN00078578,1094.31,NOT_INITIATED,RETURN,,,GW-57555885
REF00004788,ORD0078588,CUST078588,TXN00078588,144.29,NOT_INITIATED,ORDER_CANCELLED,,,GW-76815409
REF00004789,ORD0078608,CUST078608,TXN00078608,47.76,NOT_INITIATED,ORDER_CANCELLED,,,GW-56861190
REF00004790,ORD0078655,CUST078655,TXN00078655,1249.13,NOT_INITIATED,RETURN,,,GW-14269333
REF00004791,ORD0078672,CUST078672,TXN00078672,1984.43,NOT_INITIATED,ORDER_CANCELLED,,,GW-98718675
REF00004792,ORD0078674,CUST078674,TXN00078674,1027.88,NOT_INITIATED,RETURN,,,GW-38418360
REF00004793,ORD0078678,CUST078678,TXN00078678,317.1,NOT_INITIATED,ORDER_CANCELLED,,,GW-70771811
REF00004794,ORD0078720,CUST078720,TXN00078720,140.1,NOT_INITIATED,ORDER_CANCELLED,,,GW-15387508
REF00004795,ORD0078728,CUST078728,TXN00078728,1803.97,NOT_INITIATED,ORDER_CANCELLED,,,GW-63312652
REF00004796,ORD0078743,CUST078743,TXN00078743,310.27,NOT_INITIATED,RETURN,,,GW-91446292
REF00004797,ORD0078765,CUST078765,TXN00078765,1789.25,NOT_INITIATED,RETURN,,,GW-54688703
REF00004798,ORD0078769,CUST078769,TXN00078769,115.6,NOT_INITIATED,RETURN,,,GW-37615923
REF00004799,ORD0078802,CUST078802,TXN00078802,517.92,NOT_INITIATED,ORDER_CANCELLED,,,GW-50393129
REF00004800,ORD0078810,CUST078810,TXN00078810,636.64,NOT_INITIATED,ORDER_CANCELLED,,,GW-45097563
REF00004801,ORD0078833,CUST078833,TXN00078833,572.12,NOT_INITIATED,ORDER_CANCELLED,,,GW-30814866
REF00004802,ORD0078853,CUST078853,TXN00078853,1227.03,NOT_INITIATED,RETURN,,,GW-73342965
REF00004803,ORD0078856,CUST078856,TXN00078856,192.55,NOT_INITIATED,RETURN,,,GW-85599690
REF00004804,ORD0078885,CUST078885,TXN00078885,874.23,NOT_INITIATED,ORDER_CANCELLED,,,GW-71669630
REF00004805,ORD0078900,CUST078900,TXN00078900,1022.9,NOT_INITIATED,RETURN,,,GW-25959065
REF00004806,ORD0078914,CUST078914,TXN00078914,393.1,NOT_INITIATED,ORDER_CANCELLED,,,GW-54987593
REF00004807,ORD0078923,CUST078923,TXN00078923,189.36,NOT_INITIATED,ORDER_CANCELLED,,,GW-78676253
REF00004808,ORD0078950,CUST078950,TXN00078950,2042.37,NOT_INITIATED,ORDER_CANCELLED,,,GW-47196350
REF00004809,ORD0078954,CUST078954,TXN00078954,455.33,NOT_INITIATED,RETURN,,,GW-91615977
REF00004810,ORD0078964,CUST078964,TXN00078964,456.95,NOT_INITIATED,RETURN,,,GW-28638064
REF00004811,ORD0078979,CUST078979,TXN00078979,1563.46,NOT_INITIATED,RETURN,,,GW-85951660
REF00004812,ORD0078981,CUST078981,TXN00078981,1143.48,NOT_INITIATED,RETURN,,,GW-50076114
REF00004813,ORD0079023,CUST079023,TXN00079023,256.11,NOT_INITIATED,RETURN,,,GW-61205364
REF00004814,ORD0079046,CUST079046,TXN00079046,1824.75,NOT_INITIATED,ORDER_CANCELLED,,,GW-16875188
REF00004815,ORD0079062,CUST079062,TXN00079062,1990.36,NOT_INITIATED,ORDER_CANCELLED,,,GW-25549613
REF00004816,ORD0079064,CUST079064,TXN00079064,1864.25,NOT_INITIATED,RETURN,,,GW-19144714
REF00004817,ORD0079075,CUST079075,TXN00079075,20.18,NOT_INITIATED,ORDER_CANCELLED,,,GW-83763112
REF00004818,ORD0079093,CUST079093,TXN00079093,456.81,NOT_INITIATED,RETURN,,,GW-33358422
REF00004819,ORD0079101,CUST079101,TXN00079101,1310.25,NOT_INITIATED,RETURN,,,GW-70816358
REF00004820,ORD0079108,CUST079108,TXN00079108,66.73,NOT_INITIATED,ORDER_CANCELLED,,,GW-67009329
REF00004821,ORD0079152,CUST079152,TXN00079152,1244.15,NOT_INITIATED,ORDER_CANCELLED,,,GW-38378219
REF00004822,ORD0079153,CUST079153,TXN00079153,214.81,NOT_INITIATED,ORDER_CANCELLED,,,GW-36703893
REF00004823,ORD0079163,CUST079163,TXN00079163,148.72,NOT_INITIATED,RETURN,,,GW-61359245
REF00004824,ORD0079170,CUST079170,TXN00079170,289.17,NOT_INITIATED,ORDER_CANCELLED,,,GW-94949277
REF00004825,ORD0079180,CUST079180,TXN00079180,165.45,NOT_INITIATED,RETURN,,,GW-38667222
REF00004826,ORD0079191,CUST079191,TXN00079191,1007.69,NOT_INITIATED,RETURN,,,GW-39120187
REF00004827,ORD0079206,CUST079206,TXN00079206,313.54,NOT_INITIATED,RETURN,,,GW-82157705
REF00004828,ORD0079234,CUST079234,TXN00079234,2196.43,NOT_INITIATED,ORDER_CANCELLED,,,GW-80333126
REF00004829,ORD0079240,CUST079240,TXN00079240,340.26,NOT_INITIATED,RETURN,,,GW-13540107
REF00004830,ORD0079243,CUST079243,TXN00079243,600.33,NOT_INITIATED,ORDER_CANCELLED,,,GW-41923975
REF00004831,ORD0079257,CUST079257,TXN00079257,1293.82,NOT_INITIATED,RETURN,,,GW-54526433
REF00004832,ORD0079258,CUST079258,TXN00079258,716.95,NOT_INITIATED,RETURN,,,GW-75174706
REF00004833,ORD0079278,CUST079278,TXN00079278,389.8,NOT_INITIATED,RETURN,,,GW-44440511
REF00004834,ORD0079279,CUST079279,TXN00079279,414.84,NOT_INITIATED,RETURN,,,GW-59605770
REF00004835,ORD0079298,CUST079298,TXN00079298,2343.59,NOT_INITIATED,RETURN,,,GW-29290259
REF00004836,ORD0079324,CUST079324,TXN00079324,931.08,NOT_INITIATED,ORDER_CANCELLED,,,GW-57009495
REF00004837,ORD0079330,CUST079330,TXN00079330,1234.06,NOT_INITIATED,RETURN,,,GW-21473364
REF00004838,ORD0079336,CUST079336,TXN00079336,1475.04,NOT_INITIATED,ORDER_CANCELLED,,,GW-50607443
REF00004839,ORD0079342,CUST079342,TXN00079342,2654.79,NOT_INITIATED,ORDER_CANCELLED,,,GW-27520793
REF00004840,ORD0079347,CUST079347,TXN00079347,435.37,NOT_INITIATED,RETURN,,,GW-57422335
REF00004841,ORD0079374,CUST079374,TXN00079374,481.47,NOT_INITIATED,ORDER_CANCELLED,,,GW-48033373
REF00004842,ORD0079377,CUST079377,TXN00079377,2210.95,NOT_INITIATED,RETURN,,,GW-20246337
REF00004843,ORD0079425,CUST079425,TXN00079425,488.09,NOT_INITIATED,RETURN,,,GW-27669584
REF00004844,ORD0079436,CUST079436,TXN00079436,2221.39,NOT_INITIATED,RETURN,,,GW-40890242
REF00004845,ORD0079443,CUST079443,TXN00079443,2133.23,NOT_INITIATED,ORDER_CANCELLED,,,GW-51503978
REF00004846,ORD0079449,CUST079449,TXN00079449,467.93,NOT_INITIATED,RETURN,,,GW-48844137
REF00004847,ORD0079451,CUST079451,TXN00079451,403.38,NOT_INITIATED,RETURN,,,GW-65806554
REF00004848,ORD0079473,CUST079473,TXN00079473,287.53,NOT_INITIATED,RETURN,,,GW-85247267
REF00004849,ORD0079476,CUST079476,TXN00079476,286.06,NOT_INITIATED,ORDER_CANCELLED,,,GW-96800327
REF00004850,ORD0079519,CUST079519,TXN00079519,522.88,NOT_INITIATED,RETURN,,,GW-87462024
REF00004851,ORD0079531,CUST079531,TXN00079531,3115.58,NOT_INITIATED,RETURN,,,GW-54163815
REF00004852,ORD0079538,CUST079538,TXN00079538,1327.76,NOT_INITIATED,ORDER_CANCELLED,,,GW-70803152
REF00004853,ORD0079547,CUST079547,TXN00079547,1646.14,NOT_INITIATED,ORDER_CANCELLED,,,GW-45305831
REF00004854,ORD0079559,CUST079559,TXN00079559,1017.72,NOT_INITIATED,RETURN,,,GW-76091202
REF00004855,ORD0079564,CUST079564,TXN00079564,765.63,NOT_INITIATED,ORDER_CANCELLED,,,GW-58391499
REF00004856,ORD0079586,CUST079586,TXN00079586,55.64,NOT_INITIATED,RETURN,,,GW-97878092
REF00004857,ORD0079598,CUST079598,TXN00079598,1051.2,NOT_INITIATED,RETURN,,,GW-55869131
REF00004858,ORD0079608,CUST079608,TXN00079608,801.96,NOT_INITIATED,ORDER_CANCELLED,,,GW-92561225
REF00004859,ORD0079612,CUST079612,TXN00079612,246.93,NOT_INITIATED,ORDER_CANCELLED,,,GW-51942435
REF00004860,ORD0079626,CUST079626,TXN00079626,1689.26,NOT_INITIATED,ORDER_CANCELLED,,,GW-44152839
REF00004861,ORD0079633,CUST079633,TXN00079633,992.47,NOT_INITIATED,RETURN,,,GW-72655473
REF00004862,ORD0079653,CUST079653,TXN00079653,86.93,NOT_INITIATED,RETURN,,,GW-77400702
REF00004863,ORD0079663,CUST079663,TXN00079663,2337.25,NOT_INITIATED,ORDER_CANCELLED,,,GW-76274814
REF00004864,ORD0079665,CUST079665,TXN00079665,326.42,NOT_INITIATED,RETURN,,,GW-66147635
REF00004865,ORD0079694,CUST079694,TXN00079694,644.16,NOT_INITIATED,ORDER_CANCELLED,,,GW-61909929
REF00004866,ORD0079736,CUST079736,TXN00079736,477.12,NOT_INITIATED,RETURN,,,GW-21384693
REF00004867,ORD0079737,CUST079737,TXN00079737,451.8,NOT_INITIATED,ORDER_CANCELLED,,,GW-55556355
REF00004868,ORD0079739,CUST079739,TXN00079739,258.51,NOT_INITIATED,RETURN,,,GW-11684765
REF00004869,ORD0079751,CUST079751,TXN00079751,439.2,NOT_INITIATED,ORDER_CANCELLED,,,GW-11660212
REF00004870,ORD0079754,CUST079754,TXN00079754,1019.24,NOT_INITIATED,RETURN,,,GW-22595178
REF00004871,ORD0079762,CUST079762,TXN00079762,1439.51,NOT_INITIATED,RETURN,,,GW-84267073
REF00004872,ORD0079766,CUST079766,TXN00079766,430.82,NOT_INITIATED,ORDER_CANCELLED,,,GW-40857318
REF00004873,ORD0079805,CUST079805,TXN00079805,1418.91,NOT_INITIATED,ORDER_CANCELLED,,,GW-18268800
REF00004874,ORD0079825,CUST079825,TXN00079825,701.07,NOT_INITIATED,RETURN,,,GW-29812314
REF00004875,ORD0079826,CUST079826,TXN00079826,606.52,NOT_INITIATED,RETURN,,,GW-58979967
REF00004876,ORD0079855,CUST079855,TXN00079855,554.11,NOT_INITIATED,ORDER_CANCELLED,,,GW-35091312
REF00004877,ORD0079868,CUST079868,TXN00079868,793.75,NOT_INITIATED,RETURN,,,GW-45618690
REF00004878,ORD0079872,CUST079872,TXN00079872,632.01,NOT_INITIATED,ORDER_CANCELLED,,,GW-47862253
REF00004879,ORD0079876,CUST079876,TXN00079876,587.08,NOT_INITIATED,RETURN,,,GW-88928630
REF00004880,ORD0079878,CUST079878,TXN00079878,197.0,NOT_INITIATED,RETURN,,,GW-32884187
REF00004881,ORD0079896,CUST079896,TXN00079896,810.15,NOT_INITIATED,ORDER_CANCELLED,,,GW-81475887
REF00004882,ORD0079897,CUST079897,TXN00079897,1350.96,NOT_INITIATED,RETURN,,,GW-80747680
REF00004883,ORD0079910,CUST079910,TXN00079910,650.72,NOT_INITIATED,RETURN,,,GW-39237655
REF00004884,ORD0079912,CUST079912,TXN00079912,317.05,NOT_INITIATED,RETURN,,,GW-49657840
REF00004885,ORD0079928,CUST079928,TXN00079928,36.72,NOT_INITIATED,ORDER_CANCELLED,,,GW-27469987
REF00004886,ORD0079935,CUST079935,TXN00079935,1157.59,NOT_INITIATED,RETURN,,,GW-56103147
REF00004887,ORD0079937,CUST079937,TXN00079937,1186.59,NOT_INITIATED,ORDER_CANCELLED,,,GW-36709763
REF00004888,ORD0080017,CUST080017,TXN00080017,434.88,NOT_INITIATED,ORDER_CANCELLED,,,GW-11918830
REF00004889,ORD0080019,CUST080019,TXN00080019,43.18,NOT_INITIATED,RETURN,,,GW-69867192
REF00004890,ORD0080031,CUST080031,TXN00080031,500.21,NOT_INITIATED,RETURN,,,GW-55964789
REF00004891,ORD0080068,CUST080068,TXN00080068,280.05,NOT_INITIATED,RETURN,,,GW-68272213
REF00004892,ORD0080071,CUST080071,TXN00080071,898.11,NOT_INITIATED,ORDER_CANCELLED,,,GW-69642418
REF00004893,ORD0080080,CUST080080,TXN00080080,865.53,NOT_INITIATED,RETURN,,,GW-14418042
REF00004894,ORD0080089,CUST080089,TXN00080089,351.96,NOT_INITIATED,RETURN,,,GW-59800400
REF00004895,ORD0080097,CUST080097,TXN00080097,515.5,NOT_INITIATED,ORDER_CANCELLED,,,GW-61926937
REF00004896,ORD0080140,CUST080140,TXN00080140,968.16,NOT_INITIATED,ORDER_CANCELLED,,,GW-94666800
REF00004897,ORD0080171,CUST080171,TXN00080171,81.1,NOT_INITIATED,ORDER_CANCELLED,,,GW-71726902
REF00004898,ORD0080176,CUST080176,TXN00080176,1488.61,NOT_INITIATED,ORDER_CANCELLED,,,GW-60743549
REF00004899,ORD0080178,CUST080178,TXN00080178,2084.28,NOT_INITIATED,ORDER_CANCELLED,,,GW-85276011
REF00004900,ORD0080210,CUST080210,TXN00080210,2279.55,NOT_INITIATED,ORDER_CANCELLED,,,GW-37727746
REF00004901,ORD0080218,CUST080218,TXN00080218,1211.68,NOT_INITIATED,ORDER_CANCELLED,,,GW-92464496
REF00004902,ORD0080313,CUST080313,TXN00080313,2997.02,NOT_INITIATED,ORDER_CANCELLED,,,GW-92975718
REF00004903,ORD0080340,CUST080340,TXN00080340,1220.81,NOT_INITIATED,ORDER_CANCELLED,,,GW-21711840
REF00004904,ORD0080348,CUST080348,TXN00080348,559.64,NOT_INITIATED,RETURN,,,GW-12495749
REF00004905,ORD0080370,CUST080370,TXN00080370,162.82,NOT_INITIATED,ORDER_CANCELLED,,,GW-27663740
REF00004906,ORD0080371,CUST080371,TXN00080371,566.46,NOT_INITIATED,RETURN,,,GW-21616998
REF00004907,ORD0080387,CUST080387,TXN00080387,507.53,NOT_INITIATED,ORDER_CANCELLED,,,GW-98768725
REF00004908,ORD0080392,CUST080392,TXN00080392,1019.66,NOT_INITIATED,RETURN,,,GW-69451917
REF00004909,ORD0080406,CUST080406,TXN00080406,759.94,NOT_INITIATED,ORDER_CANCELLED,,,GW-19459693
REF00004910,ORD0080413,CUST080413,TXN00080413,400.2,NOT_INITIATED,ORDER_CANCELLED,,,GW-98891862
REF00004911,ORD0080419,CUST080419,TXN00080419,133.73,NOT_INITIATED,ORDER_CANCELLED,,,GW-53788862
REF00004912,ORD0080518,CUST080518,TXN00080518,436.87,NOT_INITIATED,ORDER_CANCELLED,,,GW-82857128
REF00004913,ORD0080572,CUST080572,TXN00080572,781.49,NOT_INITIATED,ORDER_CANCELLED,,,GW-52852550
REF00004914,ORD0080596,CUST080596,TXN00080596,954.13,NOT_INITIATED,ORDER_CANCELLED,,,GW-99209280
REF00004915,ORD0080606,CUST080606,TXN00080606,1326.76,NOT_INITIATED,RETURN,,,GW-91788453
REF00004916,ORD0080611,CUST080611,TXN00080611,340.92,NOT_INITIATED,ORDER_CANCELLED,,,GW-26162287
REF00004917,ORD0080649,CUST080649,TXN00080649,2405.95,NOT_INITIATED,RETURN,,,GW-65029016
REF00004918,ORD0080650,CUST080650,TXN00080650,273.09,NOT_INITIATED,RETURN,,,GW-62843853
REF00004919,ORD0080671,CUST080671,TXN00080671,349.56,NOT_INITIATED,RETURN,,,GW-34356332
REF00004920,ORD0080687,CUST080687,TXN00080687,146.27,NOT_INITIATED,RETURN,,,GW-27206549
REF00004921,ORD0080689,CUST080689,TXN00080689,986.72,NOT_INITIATED,ORDER_CANCELLED,,,GW-72334813
REF00004922,ORD0080706,CUST080706,TXN00080706,377.75,NOT_INITIATED,RETURN,,,GW-54750131
REF00004923,ORD0080713,CUST080713,TXN00080713,1020.93,NOT_INITIATED,RETURN,,,GW-89289418
REF00004924,ORD0080747,CUST080747,TXN00080747,2002.51,NOT_INITIATED,RETURN,,,GW-50387589
REF00004925,ORD0080749,CUST080749,TXN00080749,2458.23,NOT_INITIATED,ORDER_CANCELLED,,,GW-99968383
REF00004926,ORD0080774,CUST080774,TXN00080774,1916.61,NOT_INITIATED,RETURN,,,GW-97042456
REF00004927,ORD0080802,CUST080802,TXN00080802,228.55,NOT_INITIATED,ORDER_CANCELLED,,,GW-53302583
REF00004928,ORD0080844,CUST080844,TXN00080844,561.18,NOT_INITIATED,RETURN,,,GW-77708180
REF00004929,ORD0080860,CUST080860,TXN00080860,553.97,NOT_INITIATED,RETURN,,,GW-61065462
REF00004930,ORD0080864,CUST080864,TXN00080864,2173.33,NOT_INITIATED,RETURN,,,GW-40211567
REF00004931,ORD0080880,CUST080880,TXN00080880,1120.37,NOT_INITIATED,RETURN,,,GW-87933444
REF00004932,ORD0080933,CUST080933,TXN00080933,286.45,NOT_INITIATED,RETURN,,,GW-75431799
REF00004933,ORD0080956,CUST080956,TXN00080956,358.41,NOT_INITIATED,ORDER_CANCELLED,,,GW-32964004
REF00004934,ORD0080970,CUST080970,TXN00080970,1396.56,NOT_INITIATED,ORDER_CANCELLED,,,GW-76021600
REF00004935,ORD0080987,CUST080987,TXN00080987,1673.31,NOT_INITIATED,RETURN,,,GW-80052416
REF00004936,ORD0081005,CUST081005,TXN00081005,289.02,NOT_INITIATED,ORDER_CANCELLED,,,GW-99452868
REF00004937,ORD0081012,CUST081012,TXN00081012,1094.78,NOT_INITIATED,ORDER_CANCELLED,,,GW-27667231
REF00004938,ORD0081032,CUST081032,TXN00081032,856.27,NOT_INITIATED,RETURN,,,GW-21565583
REF00004939,ORD0081052,CUST081052,TXN00081052,957.19,NOT_INITIATED,ORDER_CANCELLED,,,GW-88755916
REF00004940,ORD0081083,CUST081083,TXN00081083,2007.3,NOT_INITIATED,RETURN,,,GW-46724616
REF00004941,ORD0081102,CUST081102,TXN00081102,1165.5,NOT_INITIATED,ORDER_CANCELLED,,,GW-27543498
REF00004942,ORD0081108,CUST081108,TXN00081108,308.05,NOT_INITIATED,RETURN,,,GW-22423892
REF00004943,ORD0081109,CUST081109,TXN00081109,170.32,NOT_INITIATED,RETURN,,,GW-17890245
REF00004944,ORD0081172,CUST081172,TXN00081172,532.86,NOT_INITIATED,ORDER_CANCELLED,,,GW-65152072
REF00004945,ORD0081209,CUST081209,TXN00081209,7.15,NOT_INITIATED,ORDER_CANCELLED,,,GW-61472202
REF00004946,ORD0081233,CUST081233,TXN00081233,889.1,NOT_INITIATED,RETURN,,,GW-91285128
REF00004947,ORD0081247,CUST081247,TXN00081247,85.05,NOT_INITIATED,RETURN,,,GW-51250655
REF00004948,ORD0081251,CUST081251,TXN00081251,937.67,NOT_INITIATED,ORDER_CANCELLED,,,GW-46736326
REF00004949,ORD0081299,CUST081299,TXN00081299,3086.92,NOT_INITIATED,ORDER_CANCELLED,,,GW-40292090
REF00004950,ORD0081340,CUST081340,TXN00081340,538.44,NOT_INITIATED,ORDER_CANCELLED,,,GW-62221560
REF00004951,ORD0081346,CUST081346,TXN00081346,1116.73,NOT_INITIATED,RETURN,,,GW-24515411
REF00004952,ORD0081355,CUST081355,TXN00081355,2790.51,NOT_INITIATED,ORDER_CANCELLED,,,GW-78317721
REF00004953,ORD0081357,CUST081357,TXN00081357,2421.39,NOT_INITIATED,RETURN,,,GW-63979825
REF00004954,ORD0081376,CUST081376,TXN00081376,107.66,NOT_INITIATED,ORDER_CANCELLED,,,GW-98303178
REF00004955,ORD0081383,CUST081383,TXN00081383,430.85,NOT_INITIATED,RETURN,,,GW-14401891
REF00004956,ORD0081418,CUST081418,TXN00081418,27.75,NOT_INITIATED,RETURN,,,GW-30613644
REF00004957,ORD0081419,CUST081419,TXN00081419,40.71,NOT_INITIATED,RETURN,,,GW-51714389
REF00004958,ORD0081453,CUST081453,TXN00081453,307.8,NOT_INITIATED,RETURN,,,GW-14800625
REF00004959,ORD0081462,CUST081462,TXN00081462,645.64,NOT_INITIATED,ORDER_CANCELLED,,,GW-45518469
REF00004960,ORD0081469,CUST081469,TXN00081469,117.91,NOT_INITIATED,RETURN,,,GW-54043853
REF00004961,ORD0081470,CUST081470,TXN00081470,2192.37,NOT_INITIATED,RETURN,,,GW-29456166
REF00004962,ORD0081488,CUST081488,TXN00081488,1462.99,NOT_INITIATED,RETURN,,,GW-64685878
REF00004963,ORD0081495,CUST081495,TXN00081495,526.73,NOT_INITIATED,ORDER_CANCELLED,,,GW-34798190
REF00004964,ORD0081508,CUST081508,TXN00081508,192.9,NOT_INITIATED,RETURN,,,GW-20310238
REF00004965,ORD0081524,CUST081524,TXN00081524,375.07,NOT_INITIATED,ORDER_CANCELLED,,,GW-41437287
REF00004966,ORD0081544,CUST081544,TXN00081544,116.62,NOT_INITIATED,RETURN,,,GW-56400172
REF00004967,ORD0081546,CUST081546,TXN00081546,1755.36,NOT_INITIATED,ORDER_CANCELLED,,,GW-91134958
REF00004968,ORD0081567,CUST081567,TXN00081567,420.41,NOT_INITIATED,ORDER_CANCELLED,,,GW-68086291
REF00004969,ORD0081603,CUST081603,TXN00081603,341.24,NOT_INITIATED,ORDER_CANCELLED,,,GW-69847397
REF00004970,ORD0081619,CUST081619,TXN00081619,286.03,NOT_INITIATED,RETURN,,,GW-48608931
REF00004971,ORD0081671,CUST081671,TXN00081671,411.1,NOT_INITIATED,ORDER_CANCELLED,,,GW-87627767
REF00004972,ORD0081694,CUST081694,TXN00081694,2791.09,NOT_INITIATED,RETURN,,,GW-49757610
REF00004973,ORD0081700,CUST081700,TXN00081700,332.42,NOT_INITIATED,ORDER_CANCELLED,,,GW-52467089
REF00004974,ORD0081717,CUST081717,TXN00081717,388.84,NOT_INITIATED,RETURN,,,GW-48142384
REF00004975,ORD0081718,CUST081718,TXN00081718,100.0,NOT_INITIATED,RETURN,,,GW-95901261
REF00004976,ORD0081724,CUST081724,TXN00081724,29.81,NOT_INITIATED,RETURN,,,GW-62294371
REF00004977,ORD0081758,CUST081758,TXN00081758,1378.34,NOT_INITIATED,ORDER_CANCELLED,,,GW-15641660
REF00004978,ORD0081780,CUST081780,TXN00081780,2408.72,NOT_INITIATED,RETURN,,,GW-11400947
REF00004979,ORD0081808,CUST081808,TXN00081808,1851.45,NOT_INITIATED,RETURN,,,GW-19612097
REF00004980,ORD0081839,CUST081839,TXN00081839,657.54,NOT_INITIATED,RETURN,,,GW-38557844
REF00004981,ORD0081856,CUST081856,TXN00081856,294.39,NOT_INITIATED,ORDER_CANCELLED,,,GW-42029942
REF00004982,ORD0081857,CUST081857,TXN00081857,359.77,NOT_INITIATED,RETURN,,,GW-78425028
REF00004983,ORD0081861,CUST081861,TXN00081861,363.94,NOT_INITIATED,ORDER_CANCELLED,,,GW-83583691
REF00004984,ORD0081870,CUST081870,TXN00081870,949.16,NOT_INITIATED,ORDER_CANCELLED,,,GW-54660579
REF00004985,ORD0081881,CUST081881,TXN00081881,1080.06,NOT_INITIATED,ORDER_CANCELLED,,,GW-75461782
REF00004986,ORD0081886,CUST081886,TXN00081886,1452.9,NOT_INITIATED,ORDER_CANCELLED,,,GW-60596741
REF00004987,ORD0081893,CUST081893,TXN00081893,2164.36,NOT_INITIATED,ORDER_CANCELLED,,,GW-60771956
REF00004988,ORD0081963,CUST081963,TXN00081963,1292.41,NOT_INITIATED,ORDER_CANCELLED,,,GW-56190844
REF00004989,ORD0081966,CUST081966,TXN00081966,507.09,NOT_INITIATED,ORDER_CANCELLED,,,GW-51974053
REF00004990,ORD0081970,CUST081970,TXN00081970,2765.32,NOT_INITIATED,RETURN,,,GW-54938687
REF00004991,ORD0081973,CUST081973,TXN00081973,1025.75,NOT_INITIATED,RETURN,,,GW-30262426
REF00004992,ORD0081978,CUST081978,TXN00081978,801.79,NOT_INITIATED,ORDER_CANCELLED,,,GW-75306926
REF00004993,ORD0082000,CUST082000,TXN00082000,960.61,NOT_INITIATED,RETURN,,,GW-12621522
REF00004994,ORD0082005,CUST082005,TXN00082005,497.06,NOT_INITIATED,RETURN,,,GW-32392292
REF00004995,ORD0082007,CUST082007,TXN00082007,342.59,NOT_INITIATED,RETURN,,,GW-62066886
REF00004996,ORD0082014,CUST082014,TXN00082014,244.89,NOT_INITIATED,RETURN,,,GW-73079197
REF00004997,ORD0082020,CUST082020,TXN00082020,2873.08,NOT_INITIATED,RETURN,,,GW-11285226
REF00004998,ORD0082031,CUST082031,TXN00082031,38.9,NOT_INITIATED,ORDER_CANCELLED,,,GW-35097763
REF00004999,ORD0082033,CUST082033,TXN00082033,2348.62,NOT_INITIATED,ORDER_CANCELLED,,,GW-64459191
REF00005000,ORD0082072,CUST082072,TXN00082072,231.2,NOT_INITIATED,RETURN,,,GW-94152450
REF00005001,ORD0082102,CUST082102,TXN00082102,1217.24,NOT_INITIATED,RETURN,,,GW-16616171
REF00005002,ORD0082127,CUST082127,TXN00082127,660.9,NOT_INITIATED,RETURN,,,GW-66921562
REF00005003,ORD0082178,CUST082178,TXN00082178,31.65,NOT_INITIATED,RETURN,,,GW-11375667
REF00005004,ORD0082200,CUST082200,TXN00082200,170.5,NOT_INITIATED,ORDER_CANCELLED,,,GW-18077149
REF00005005,ORD0082227,CUST082227,TXN00082227,2115.83,NOT_INITIATED,ORDER_CANCELLED,,,GW-53405411
REF00005006,ORD0082235,CUST082235,TXN00082235,323.19,NOT_INITIATED,RETURN,,,GW-68847800
REF00005007,ORD0082238,CUST082238,TXN00082238,1306.08,NOT_INITIATED,ORDER_CANCELLED,,,GW-10631683
REF00005008,ORD0082243,CUST082243,TXN00082243,1829.87,NOT_INITIATED,RETURN,,,GW-89574184
REF00005009,ORD0082260,CUST082260,TXN00082260,2139.97,NOT_INITIATED,ORDER_CANCELLED,,,GW-74238662
REF00005010,ORD0082310,CUST082310,TXN00082310,593.06,NOT_INITIATED,ORDER_CANCELLED,,,GW-93317559
REF00005011,ORD0082324,CUST082324,TXN00082324,368.16,NOT_INITIATED,ORDER_CANCELLED,,,GW-15158575
REF00005012,ORD0082345,CUST082345,TXN00082345,2743.57,NOT_INITIATED,RETURN,,,GW-53781503
REF00005013,ORD0082359,CUST082359,TXN00082359,1518.23,NOT_INITIATED,ORDER_CANCELLED,,,GW-30307458
REF00005014,ORD0082374,CUST082374,TXN00082374,752.47,NOT_INITIATED,RETURN,,,GW-42092439
REF00005015,ORD0082377,CUST082377,TXN00082377,1583.13,NOT_INITIATED,RETURN,,,GW-46545415
REF00005016,ORD0082382,CUST082382,TXN00082382,1358.28,NOT_INITIATED,RETURN,,,GW-55003529
REF00005017,ORD0082452,CUST082452,TXN00082452,10.06,NOT_INITIATED,ORDER_CANCELLED,,,GW-83388605
REF00005018,ORD0082459,CUST082459,TXN00082459,724.11,NOT_INITIATED,ORDER_CANCELLED,,,GW-24119034
REF00005019,ORD0082522,CUST082522,TXN00082522,47.7,NOT_INITIATED,ORDER_CANCELLED,,,GW-20718216
REF00005020,ORD0082526,CUST082526,TXN00082526,1630.64,NOT_INITIATED,ORDER_CANCELLED,,,GW-80807994
REF00005021,ORD0082532,CUST082532,TXN00082532,2094.57,NOT_INITIATED,ORDER_CANCELLED,,,GW-34639659
REF00005022,ORD0082540,CUST082540,TXN00082540,689.95,NOT_INITIATED,ORDER_CANCELLED,,,GW-10381883
REF00005023,ORD0082545,CUST082545,TXN00082545,957.46,NOT_INITIATED,ORDER_CANCELLED,,,GW-30296527
REF00005024,ORD0082549,CUST082549,TXN00082549,468.1,NOT_INITIATED,ORDER_CANCELLED,,,GW-41146905
REF00005025,ORD0082586,CUST082586,TXN00082586,1103.51,NOT_INITIATED,RETURN,,,GW-22184036
REF00005026,ORD0082590,CUST082590,TXN00082590,1027.44,NOT_INITIATED,ORDER_CANCELLED,,,GW-18677826
REF00005027,ORD0082600,CUST082600,TXN00082600,409.68,NOT_INITIATED,ORDER_CANCELLED,,,GW-25919888
REF00005028,ORD0082644,CUST082644,TXN00082644,1790.81,NOT_INITIATED,ORDER_CANCELLED,,,GW-53809620
REF00005029,ORD0082648,CUST082648,TXN00082648,226.35,NOT_INITIATED,RETURN,,,GW-96890235
REF00005030,ORD0082651,CUST082651,TXN00082651,160.96,NOT_INITIATED,ORDER_CANCELLED,,,GW-93477510
REF00005031,ORD0082654,CUST082654,TXN00082654,345.56,NOT_INITIATED,RETURN,,,GW-32444957
REF00005032,ORD0082657,CUST082657,TXN00082657,2683.98,NOT_INITIATED,ORDER_CANCELLED,,,GW-15217552
REF00005033,ORD0082671,CUST082671,TXN00082671,417.93,NOT_INITIATED,RETURN,,,GW-59587608
REF00005034,ORD0082677,CUST082677,TXN00082677,105.39,NOT_INITIATED,ORDER_CANCELLED,,,GW-61937131
REF00005035,ORD0082678,CUST082678,TXN00082678,673.82,NOT_INITIATED,ORDER_CANCELLED,,,GW-67241280
REF00005036,ORD0082686,CUST082686,TXN00082686,252.65,NOT_INITIATED,RETURN,,,GW-20721521
REF00005037,ORD0082710,CUST082710,TXN00082710,1333.37,NOT_INITIATED,ORDER_CANCELLED,,,GW-14225215
REF00005038,ORD0082760,CUST082760,TXN00082760,249.14,NOT_INITIATED,ORDER_CANCELLED,,,GW-14170088
REF00005039,ORD0082781,CUST082781,TXN00082781,610.96,NOT_INITIATED,ORDER_CANCELLED,,,GW-20274772
REF00005040,ORD0082786,CUST082786,TXN00082786,651.61,NOT_INITIATED,ORDER_CANCELLED,,,GW-78955071
REF00005041,ORD0082798,CUST082798,TXN00082798,342.47,NOT_INITIATED,ORDER_CANCELLED,,,GW-70745513
REF00005042,ORD0082812,CUST082812,TXN00082812,247.95,NOT_INITIATED,RETURN,,,GW-20645202
REF00005043,ORD0082836,CUST082836,TXN00082836,267.31,NOT_INITIATED,RETURN,,,GW-37471371
REF00005044,ORD0082838,CUST082838,TXN00082838,824.16,NOT_INITIATED,RETURN,,,GW-86283527
REF00005045,ORD0082843,CUST082843,TXN00082843,532.95,NOT_INITIATED,RETURN,,,GW-25987920
REF00005046,ORD0082847,CUST082847,TXN00082847,1265.54,NOT_INITIATED,ORDER_CANCELLED,,,GW-29597921
REF00005047,ORD0082860,CUST082860,TXN00082860,1933.54,NOT_INITIATED,ORDER_CANCELLED,,,GW-16248689
REF00005048,ORD0082884,CUST082884,TXN00082884,622.02,NOT_INITIATED,ORDER_CANCELLED,,,GW-61331645
REF00005049,ORD0082887,CUST082887,TXN00082887,598.48,NOT_INITIATED,ORDER_CANCELLED,,,GW-50786906
REF00005050,ORD0082916,CUST082916,TXN00082916,303.31,NOT_INITIATED,RETURN,,,GW-69928692
REF00005051,ORD0082938,CUST082938,TXN00082938,446.68,NOT_INITIATED,ORDER_CANCELLED,,,GW-15949804
REF00005052,ORD0082939,CUST082939,TXN00082939,830.58,NOT_INITIATED,ORDER_CANCELLED,,,GW-67148968
REF00005053,ORD0082950,CUST082950,TXN00082950,1548.84,NOT_INITIATED,ORDER_CANCELLED,,,GW-63160033
REF00005054,ORD0082952,CUST082952,TXN00082952,657.34,NOT_INITIATED,RETURN,,,GW-30615120
REF00005055,ORD0082965,CUST082965,TXN00082965,938.74,NOT_INITIATED,RETURN,,,GW-40149020
REF00005056,ORD0082987,CUST082987,TXN00082987,489.91,NOT_INITIATED,RETURN,,,GW-58582866
REF00005057,ORD0083001,CUST083001,TXN00083001,260.33,NOT_INITIATED,RETURN,,,GW-77151087
REF00005058,ORD0083023,CUST083023,TXN00083023,461.46,NOT_INITIATED,ORDER_CANCELLED,,,GW-60194141
REF00005059,ORD0083027,CUST083027,TXN00083027,2454.19,NOT_INITIATED,ORDER_CANCELLED,,,GW-98757912
REF00005060,ORD0083032,CUST083032,TXN00083032,872.19,NOT_INITIATED,ORDER_CANCELLED,,,GW-63616171
REF00005061,ORD0083043,CUST083043,TXN00083043,379.53,NOT_INITIATED,ORDER_CANCELLED,,,GW-10100990
REF00005062,ORD0083054,CUST083054,TXN00083054,245.05,NOT_INITIATED,ORDER_CANCELLED,,,GW-70629093
REF00005063,ORD0083067,CUST083067,TXN00083067,914.23,NOT_INITIATED,ORDER_CANCELLED,,,GW-70266101
REF00005064,ORD0083106,CUST083106,TXN00083106,541.87,NOT_INITIATED,RETURN,,,GW-87215482
REF00005065,ORD0083113,CUST083113,TXN00083113,281.17,NOT_INITIATED,RETURN,,,GW-23031249
REF00005066,ORD0083134,CUST083134,TXN00083134,295.28,NOT_INITIATED,ORDER_CANCELLED,,,GW-31206445
REF00005067,ORD0083159,CUST083159,TXN00083159,44.44,NOT_INITIATED,RETURN,,,GW-77233772
REF00005068,ORD0083161,CUST083161,TXN00083161,119.61,NOT_INITIATED,RETURN,,,GW-78714506
REF00005069,ORD0083167,CUST083167,TXN00083167,377.1,NOT_INITIATED,RETURN,,,GW-37823632
REF00005070,ORD0083181,CUST083181,TXN00083181,1256.29,NOT_INITIATED,ORDER_CANCELLED,,,GW-69645515
REF00005071,ORD0083186,CUST083186,TXN00083186,433.86,NOT_INITIATED,RETURN,,,GW-69374952
REF00005072,ORD0083219,CUST083219,TXN00083219,1962.98,NOT_INITIATED,ORDER_CANCELLED,,,GW-31052074
REF00005073,ORD0083220,CUST083220,TXN00083220,323.52,NOT_INITIATED,RETURN,,,GW-85426704
REF00005074,ORD0083224,CUST083224,TXN00083224,1093.16,NOT_INITIATED,RETURN,,,GW-92444879
REF00005075,ORD0083229,CUST083229,TXN00083229,422.75,NOT_INITIATED,RETURN,,,GW-78704676
REF00005076,ORD0083234,CUST083234,TXN00083234,1058.79,NOT_INITIATED,ORDER_CANCELLED,,,GW-37989221
REF00005077,ORD0083254,CUST083254,TXN00083254,617.06,NOT_INITIATED,RETURN,,,GW-83119838
REF00005078,ORD0083257,CUST083257,TXN00083257,1061.7,NOT_INITIATED,ORDER_CANCELLED,,,GW-69410841
REF00005079,ORD0083277,CUST083277,TXN00083277,203.59,NOT_INITIATED,ORDER_CANCELLED,,,GW-15546318
REF00005080,ORD0083336,CUST083336,TXN00083336,431.62,NOT_INITIATED,ORDER_CANCELLED,,,GW-84159057
REF00005081,ORD0083365,CUST083365,TXN00083365,846.04,NOT_INITIATED,RETURN,,,GW-16085679
REF00005082,ORD0083400,CUST083400,TXN00083400,742.21,NOT_INITIATED,RETURN,,,GW-79841296
REF00005083,ORD0083406,CUST083406,TXN00083406,978.74,NOT_INITIATED,ORDER_CANCELLED,,,GW-36904600
REF00005084,ORD0083416,CUST083416,TXN00083416,1226.68,NOT_INITIATED,RETURN,,,GW-34866501
REF00005085,ORD0083446,CUST083446,TXN00083446,535.0,NOT_INITIATED,ORDER_CANCELLED,,,GW-22185483
REF00005086,ORD0083470,CUST083470,TXN00083470,878.46,NOT_INITIATED,ORDER_CANCELLED,,,GW-72393120
REF00005087,ORD0083486,CUST083486,TXN00083486,220.78,NOT_INITIATED,RETURN,,,GW-14447465
REF00005088,ORD0083526,CUST083526,TXN00083526,594.63,NOT_INITIATED,ORDER_CANCELLED,,,GW-66884368
REF00005089,ORD0083539,CUST083539,TXN00083539,49.87,NOT_INITIATED,RETURN,,,GW-21528469
REF00005090,ORD0083549,CUST083549,TXN00083549,2093.96,NOT_INITIATED,ORDER_CANCELLED,,,GW-52422257
REF00005091,ORD0083572,CUST083572,TXN00083572,41.13,NOT_INITIATED,RETURN,,,GW-23776842
REF00005092,ORD0083595,CUST083595,TXN00083595,1183.74,NOT_INITIATED,RETURN,,,GW-30204872
REF00005093,ORD0083609,CUST083609,TXN00083609,1030.76,NOT_INITIATED,ORDER_CANCELLED,,,GW-81801981
REF00005094,ORD0083615,CUST083615,TXN00083615,431.98,NOT_INITIATED,ORDER_CANCELLED,,,GW-99231118
REF00005095,ORD0083628,CUST083628,TXN00083628,163.01,NOT_INITIATED,RETURN,,,GW-93591938
REF00005096,ORD0083630,CUST083630,TXN00083630,1646.86,NOT_INITIATED,ORDER_CANCELLED,,,GW-85026614
REF00005097,ORD0083670,CUST083670,TXN00083670,194.45,NOT_INITIATED,ORDER_CANCELLED,,,GW-87408565
REF00005098,ORD0083676,CUST083676,TXN00083676,822.16,NOT_INITIATED,ORDER_CANCELLED,,,GW-40609635
REF00005099,ORD0083711,CUST083711,TXN00083711,1461.1,NOT_INITIATED,ORDER_CANCELLED,,,GW-92433770
REF00005100,ORD0083756,CUST083756,TXN00083756,977.06,NOT_INITIATED,ORDER_CANCELLED,,,GW-92412169
REF00005101,ORD0083774,CUST083774,TXN00083774,1261.78,NOT_INITIATED,ORDER_CANCELLED,,,GW-93041049
REF00005102,ORD0083780,CUST083780,TXN00083780,149.78,NOT_INITIATED,ORDER_CANCELLED,,,GW-70576615
REF00005103,ORD0083798,CUST083798,TXN00083798,1391.84,NOT_INITIATED,ORDER_CANCELLED,,,GW-63116630
REF00005104,ORD0083805,CUST083805,TXN00083805,790.49,NOT_INITIATED,RETURN,,,GW-36446409
REF00005105,ORD0083811,CUST083811,TXN00083811,215.1,NOT_INITIATED,RETURN,,,GW-98824028
REF00005106,ORD0083827,CUST083827,TXN00083827,532.13,NOT_INITIATED,ORDER_CANCELLED,,,GW-51373031
REF00005107,ORD0083837,CUST083837,TXN00083837,233.55,NOT_INITIATED,RETURN,,,GW-15502885
REF00005108,ORD0083868,CUST083868,TXN00083868,477.5,NOT_INITIATED,RETURN,,,GW-39536675
REF00005109,ORD0083894,CUST083894,TXN00083894,1194.01,NOT_INITIATED,ORDER_CANCELLED,,,GW-90091661
REF00005110,ORD0083925,CUST083925,TXN00083925,1600.77,NOT_INITIATED,ORDER_CANCELLED,,,GW-86417438
REF00005111,ORD0083930,CUST083930,TXN00083930,127.57,NOT_INITIATED,ORDER_CANCELLED,,,GW-55501646
REF00005112,ORD0083949,CUST083949,TXN00083949,474.07,NOT_INITIATED,RETURN,,,GW-67785681
REF00005113,ORD0083986,CUST083986,TXN00083986,1208.12,NOT_INITIATED,ORDER_CANCELLED,,,GW-88119048
REF00005114,ORD0083997,CUST083997,TXN00083997,1177.21,NOT_INITIATED,RETURN,,,GW-63135500
REF00005115,ORD0084001,CUST084001,TXN00084001,2552.37,NOT_INITIATED,RETURN,,,GW-10028952
REF00005116,ORD0084032,CUST084032,TXN00084032,603.0,NOT_INITIATED,ORDER_CANCELLED,,,GW-86744427
REF00005117,ORD0084033,CUST084033,TXN00084033,204.24,NOT_INITIATED,RETURN,,,GW-27773105
REF00005118,ORD0084054,CUST084054,TXN00084054,1631.41,NOT_INITIATED,ORDER_CANCELLED,,,GW-32159642
REF00005119,ORD0084076,CUST084076,TXN00084076,178.74,NOT_INITIATED,ORDER_CANCELLED,,,GW-91174387
REF00005120,ORD0084103,CUST084103,TXN00084103,431.67,NOT_INITIATED,ORDER_CANCELLED,,,GW-72337135
REF00005121,ORD0084109,CUST084109,TXN00084109,101.85,NOT_INITIATED,ORDER_CANCELLED,,,GW-30628359
REF00005122,ORD0084147,CUST084147,TXN00084147,183.86,NOT_INITIATED,RETURN,,,GW-14691765
REF00005123,ORD0084160,CUST084160,TXN00084160,223.48,NOT_INITIATED,ORDER_CANCELLED,,,GW-94327809
REF00005124,ORD0084164,CUST084164,TXN00084164,1991.85,NOT_INITIATED,RETURN,,,GW-69392331
REF00005125,ORD0084172,CUST084172,TXN00084172,857.37,NOT_INITIATED,ORDER_CANCELLED,,,GW-59192028
REF00005126,ORD0084175,CUST084175,TXN00084175,116.4,NOT_INITIATED,ORDER_CANCELLED,,,GW-87850508
REF00005127,ORD0084179,CUST084179,TXN00084179,181.89,NOT_INITIATED,ORDER_CANCELLED,,,GW-11058080
REF00005128,ORD0084188,CUST084188,TXN00084188,1885.23,NOT_INITIATED,RETURN,,,GW-61853771
REF00005129,ORD0084191,CUST084191,TXN00084191,278.73,NOT_INITIATED,ORDER_CANCELLED,,,GW-23988876
REF00005130,ORD0084258,CUST084258,TXN00084258,95.2,NOT_INITIATED,RETURN,,,GW-76745613
REF00005131,ORD0084266,CUST084266,TXN00084266,1125.23,NOT_INITIATED,RETURN,,,GW-49892908
REF00005132,ORD0084282,CUST084282,TXN00084282,867.58,NOT_INITIATED,RETURN,,,GW-24435407
REF00005133,ORD0084298,CUST084298,TXN00084298,445.83,NOT_INITIATED,ORDER_CANCELLED,,,GW-31094037
REF00005134,ORD0084320,CUST084320,TXN00084320,1126.95,NOT_INITIATED,RETURN,,,GW-72048718
REF00005135,ORD0084338,CUST084338,TXN00084338,666.32,NOT_INITIATED,RETURN,,,GW-25375498
REF00005136,ORD0084343,CUST084343,TXN00084343,49.21,NOT_INITIATED,ORDER_CANCELLED,,,GW-50170708
REF00005137,ORD0084360,CUST084360,TXN00084360,1392.41,NOT_INITIATED,ORDER_CANCELLED,,,GW-83849298
REF00005138,ORD0084392,CUST084392,TXN00084392,1027.62,NOT_INITIATED,ORDER_CANCELLED,,,GW-13074863
REF00005139,ORD0084434,CUST084434,TXN00084434,640.33,NOT_INITIATED,RETURN,,,GW-98533051
REF00005140,ORD0084440,CUST084440,TXN00084440,1188.97,NOT_INITIATED,RETURN,,,GW-91700204
REF00005141,ORD0084449,CUST084449,TXN00084449,1549.68,NOT_INITIATED,ORDER_CANCELLED,,,GW-99168199
REF00005142,ORD0084456,CUST084456,TXN00084456,379.74,NOT_INITIATED,RETURN,,,GW-39015400
REF00005143,ORD0084458,CUST084458,TXN00084458,556.12,NOT_INITIATED,ORDER_CANCELLED,,,GW-11735732
REF00005144,ORD0084483,CUST084483,TXN00084483,1261.4,NOT_INITIATED,ORDER_CANCELLED,,,GW-14404653
REF00005145,ORD0084485,CUST084485,TXN00084485,1798.62,NOT_INITIATED,ORDER_CANCELLED,,,GW-93484373
REF00005146,ORD0084486,CUST084486,TXN00084486,157.64,NOT_INITIATED,ORDER_CANCELLED,,,GW-59995309
REF00005147,ORD0084502,CUST084502,TXN00084502,1563.8,NOT_INITIATED,RETURN,,,GW-29787886
REF00005148,ORD0084526,CUST084526,TXN00084526,813.03,NOT_INITIATED,RETURN,,,GW-80762827
REF00005149,ORD0084539,CUST084539,TXN00084539,524.39,NOT_INITIATED,RETURN,,,GW-34729938
REF00005150,ORD0084550,CUST084550,TXN00084550,1299.21,NOT_INITIATED,ORDER_CANCELLED,,,GW-22715416
REF00005151,ORD0084581,CUST084581,TXN00084581,561.84,NOT_INITIATED,ORDER_CANCELLED,,,GW-33369145
REF00005152,ORD0084599,CUST084599,TXN00084599,137.7,NOT_INITIATED,ORDER_CANCELLED,,,GW-88221008
REF00005153,ORD0084604,CUST084604,TXN00084604,1830.22,NOT_INITIATED,ORDER_CANCELLED,,,GW-53165196
REF00005154,ORD0084611,CUST084611,TXN00084611,610.11,NOT_INITIATED,ORDER_CANCELLED,,,GW-84818557
REF00005155,ORD0084633,CUST084633,TXN00084633,1145.9,NOT_INITIATED,RETURN,,,GW-21189477
REF00005156,ORD0084648,CUST084648,TXN00084648,852.72,NOT_INITIATED,RETURN,,,GW-19809032
REF00005157,ORD0084649,CUST084649,TXN00084649,2873.58,NOT_INITIATED,ORDER_CANCELLED,,,GW-69326837
REF00005158,ORD0084660,CUST084660,TXN00084660,2631.45,NOT_INITIATED,ORDER_CANCELLED,,,GW-70516922
REF00005159,ORD0084686,CUST084686,TXN00084686,560.49,NOT_INITIATED,RETURN,,,GW-64838290
REF00005160,ORD0084697,CUST084697,TXN00084697,1266.71,NOT_INITIATED,ORDER_CANCELLED,,,GW-93735030
REF00005161,ORD0084719,CUST084719,TXN00084719,1812.41,NOT_INITIATED,RETURN,,,GW-22657601
REF00005162,ORD0084722,CUST084722,TXN00084722,1129.38,NOT_INITIATED,RETURN,,,GW-20949397
REF00005163,ORD0084739,CUST084739,TXN00084739,1314.88,NOT_INITIATED,ORDER_CANCELLED,,,GW-71453686
REF00005164,ORD0084784,CUST084784,TXN00084784,195.81,NOT_INITIATED,RETURN,,,GW-63858198
REF00005165,ORD0084797,CUST084797,TXN00084797,558.08,NOT_INITIATED,ORDER_CANCELLED,,,GW-59375949
REF00005166,ORD0084805,CUST084805,TXN00084805,353.28,NOT_INITIATED,ORDER_CANCELLED,,,GW-24103984
REF00005167,ORD0084809,CUST084809,TXN00084809,2181.62,NOT_INITIATED,ORDER_CANCELLED,,,GW-32877798
REF00005168,ORD0084817,CUST084817,TXN00084817,475.02,NOT_INITIATED,RETURN,,,GW-88612549
REF00005169,ORD0084819,CUST084819,TXN00084819,2642.46,NOT_INITIATED,RETURN,,,GW-34102695
REF00005170,ORD0084848,CUST084848,TXN00084848,485.75,NOT_INITIATED,RETURN,,,GW-92698550
REF00005171,ORD0084861,CUST084861,TXN00084861,1229.47,NOT_INITIATED,RETURN,,,GW-64877437
REF00005172,ORD0084865,CUST084865,TXN00084865,477.72,NOT_INITIATED,RETURN,,,GW-16023292
REF00005173,ORD0084887,CUST084887,TXN00084887,209.4,NOT_INITIATED,RETURN,,,GW-48268927
REF00005174,ORD0084972,CUST084972,TXN00084972,2828.94,NOT_INITIATED,ORDER_CANCELLED,,,GW-82761994
REF00005175,ORD0084984,CUST084984,TXN00084984,81.7,NOT_INITIATED,RETURN,,,GW-24013388
REF00005176,ORD0084995,CUST084995,TXN00084995,800.31,NOT_INITIATED,ORDER_CANCELLED,,,GW-17239618
REF00005177,ORD0084998,CUST084998,TXN00084998,150.24,NOT_INITIATED,ORDER_CANCELLED,,,GW-45357350
REF00005178,ORD0085014,CUST085014,TXN00085014,2285.72,NOT_INITIATED,ORDER_CANCELLED,,,GW-45180978
REF00005179,ORD0085027,CUST085027,TXN00085027,1184.92,NOT_INITIATED,RETURN,,,GW-38858674
REF00005180,ORD0085037,CUST085037,TXN00085037,197.09,NOT_INITIATED,ORDER_CANCELLED,,,GW-35453293
REF00005181,ORD0085048,CUST085048,TXN00085048,136.13,NOT_INITIATED,ORDER_CANCELLED,,,GW-81999118
REF00005182,ORD0085085,CUST085085,TXN00085085,2173.2,NOT_INITIATED,RETURN,,,GW-90307551
REF00005183,ORD0085117,CUST085117,TXN00085117,25.2,NOT_INITIATED,RETURN,,,GW-76834157
REF00005184,ORD0085124,CUST085124,TXN00085124,2407.34,NOT_INITIATED,ORDER_CANCELLED,,,GW-51432792
REF00005185,ORD0085136,CUST085136,TXN00085136,192.58,NOT_INITIATED,ORDER_CANCELLED,,,GW-39668582
REF00005186,ORD0085142,CUST085142,TXN00085142,828.18,NOT_INITIATED,ORDER_CANCELLED,,,GW-57386500
REF00005187,ORD0085150,CUST085150,TXN00085150,2332.54,NOT_INITIATED,RETURN,,,GW-67108666
REF00005188,ORD0085157,CUST085157,TXN00085157,529.28,NOT_INITIATED,RETURN,,,GW-25692314
REF00005189,ORD0085177,CUST085177,TXN00085177,292.23,NOT_INITIATED,ORDER_CANCELLED,,,GW-48463627
REF00005190,ORD0085229,CUST085229,TXN00085229,955.65,NOT_INITIATED,ORDER_CANCELLED,,,GW-93371727
REF00005191,ORD0085230,CUST085230,TXN00085230,894.95,NOT_INITIATED,ORDER_CANCELLED,,,GW-54850175
REF00005192,ORD0085254,CUST085254,TXN00085254,1214.78,NOT_INITIATED,ORDER_CANCELLED,,,GW-65118305
REF00005193,ORD0085258,CUST085258,TXN00085258,1715.3,NOT_INITIATED,ORDER_CANCELLED,,,GW-76676288
REF00005194,ORD0085320,CUST085320,TXN00085320,1445.74,NOT_INITIATED,ORDER_CANCELLED,,,GW-41927850
REF00005195,ORD0085326,CUST085326,TXN00085326,209.34,NOT_INITIATED,ORDER_CANCELLED,,,GW-66534711
REF00005196,ORD0085347,CUST085347,TXN00085347,276.27,NOT_INITIATED,RETURN,,,GW-79764086
REF00005197,ORD0085362,CUST085362,TXN00085362,1093.58,NOT_INITIATED,RETURN,,,GW-62220943
REF00005198,ORD0085369,CUST085369,TXN00085369,152.49,NOT_INITIATED,RETURN,,,GW-59370973
REF00005199,ORD0085371,CUST085371,TXN00085371,876.17,NOT_INITIATED,RETURN,,,GW-58885445
REF00005200,ORD0085386,CUST085386,TXN00085386,154.07,NOT_INITIATED,RETURN,,,GW-35210484
REF00005201,ORD0085393,CUST085393,TXN00085393,446.48,NOT_INITIATED,ORDER_CANCELLED,,,GW-14094521
REF00005202,ORD0085421,CUST085421,TXN00085421,161.54,NOT_INITIATED,RETURN,,,GW-69297555
REF00005203,ORD0085440,CUST085440,TXN00085440,1064.61,NOT_INITIATED,RETURN,,,GW-90437345
REF00005204,ORD0085456,CUST085456,TXN00085456,155.0,NOT_INITIATED,ORDER_CANCELLED,,,GW-54290220
REF00005205,ORD0085478,CUST085478,TXN00085478,1998.72,NOT_INITIATED,RETURN,,,GW-21099340
REF00005206,ORD0085494,CUST085494,TXN00085494,1096.39,NOT_INITIATED,RETURN,,,GW-20403047
REF00005207,ORD0085510,CUST085510,TXN00085510,480.52,NOT_INITIATED,ORDER_CANCELLED,,,GW-37812715
REF00005208,ORD0085537,CUST085537,TXN00085537,115.88,NOT_INITIATED,RETURN,,,GW-76724078
REF00005209,ORD0085542,CUST085542,TXN00085542,273.74,NOT_INITIATED,ORDER_CANCELLED,,,GW-50221467
REF00005210,ORD0085568,CUST085568,TXN00085568,922.08,NOT_INITIATED,ORDER_CANCELLED,,,GW-47996453
REF00005211,ORD0085588,CUST085588,TXN00085588,412.61,NOT_INITIATED,ORDER_CANCELLED,,,GW-76784697
REF00005212,ORD0085595,CUST085595,TXN00085595,1311.35,NOT_INITIATED,ORDER_CANCELLED,,,GW-65465353
REF00005213,ORD0085599,CUST085599,TXN00085599,1951.17,NOT_INITIATED,RETURN,,,GW-87330723
REF00005214,ORD0085614,CUST085614,TXN00085614,944.3,NOT_INITIATED,ORDER_CANCELLED,,,GW-21576071
REF00005215,ORD0085618,CUST085618,TXN00085618,244.4,NOT_INITIATED,RETURN,,,GW-98247612
REF00005216,ORD0085630,CUST085630,TXN00085630,832.69,NOT_INITIATED,ORDER_CANCELLED,,,GW-42914746
REF00005217,ORD0085668,CUST085668,TXN00085668,959.44,NOT_INITIATED,RETURN,,,GW-15367897
REF00005218,ORD0085684,CUST085684,TXN00085684,1017.21,NOT_INITIATED,ORDER_CANCELLED,,,GW-67212345
REF00005219,ORD0085693,CUST085693,TXN00085693,159.34,NOT_INITIATED,ORDER_CANCELLED,,,GW-81431358
REF00005220,ORD0085699,CUST085699,TXN00085699,1085.67,NOT_INITIATED,ORDER_CANCELLED,,,GW-22378738
REF00005221,ORD0085719,CUST085719,TXN00085719,904.17,NOT_INITIATED,RETURN,,,GW-71010600
REF00005222,ORD0085726,CUST085726,TXN00085726,2700.86,NOT_INITIATED,RETURN,,,GW-58608364
REF00005223,ORD0085749,CUST085749,TXN00085749,399.25,NOT_INITIATED,RETURN,,,GW-35096782
REF00005224,ORD0085763,CUST085763,TXN00085763,440.56,NOT_INITIATED,ORDER_CANCELLED,,,GW-12616673
REF00005225,ORD0085769,CUST085769,TXN00085769,1435.69,NOT_INITIATED,RETURN,,,GW-34094998
REF00005226,ORD0085777,CUST085777,TXN00085777,27.42,NOT_INITIATED,RETURN,,,GW-76122088
REF00005227,ORD0085793,CUST085793,TXN00085793,706.06,NOT_INITIATED,RETURN,,,GW-53250069
REF00005228,ORD0085811,CUST085811,TXN00085811,1025.4,NOT_INITIATED,ORDER_CANCELLED,,,GW-84405468
REF00005229,ORD0085874,CUST085874,TXN00085874,1657.55,NOT_INITIATED,RETURN,,,GW-43438874
REF00005230,ORD0085887,CUST085887,TXN00085887,406.97,NOT_INITIATED,ORDER_CANCELLED,,,GW-62246675
REF00005231,ORD0085914,CUST085914,TXN00085914,248.6,NOT_INITIATED,ORDER_CANCELLED,,,GW-71514975
REF00005232,ORD0085917,CUST085917,TXN00085917,636.31,NOT_INITIATED,ORDER_CANCELLED,,,GW-26113124
REF00005233,ORD0085925,CUST085925,TXN00085925,901.34,NOT_INITIATED,RETURN,,,GW-34852738
REF00005234,ORD0085933,CUST085933,TXN00085933,330.16,NOT_INITIATED,ORDER_CANCELLED,,,GW-33917157
REF00005235,ORD0085956,CUST085956,TXN00085956,175.92,NOT_INITIATED,ORDER_CANCELLED,,,GW-96327984
REF00005236,ORD0085965,CUST085965,TXN00085965,1986.9,NOT_INITIATED,ORDER_CANCELLED,,,GW-83249719
REF00005237,ORD0085974,CUST085974,TXN00085974,1530.71,NOT_INITIATED,ORDER_CANCELLED,,,GW-18629051
REF00005238,ORD0085975,CUST085975,TXN00085975,956.11,NOT_INITIATED,ORDER_CANCELLED,,,GW-15439805
REF00005239,ORD0085983,CUST085983,TXN00085983,1891.37,NOT_INITIATED,RETURN,,,GW-43488521
REF00005240,ORD0086078,CUST086078,TXN00086078,1229.75,NOT_INITIATED,ORDER_CANCELLED,,,GW-73827307
REF00005241,ORD0086088,CUST086088,TXN00086088,1436.57,NOT_INITIATED,ORDER_CANCELLED,,,GW-88847376
REF00005242,ORD0086093,CUST086093,TXN00086093,1301.98,NOT_INITIATED,ORDER_CANCELLED,,,GW-19105880
REF00005243,ORD0086098,CUST086098,TXN00086098,461.18,NOT_INITIATED,ORDER_CANCELLED,,,GW-90935263
REF00005244,ORD0086108,CUST086108,TXN00086108,1861.45,NOT_INITIATED,RETURN,,,GW-84233374
REF00005245,ORD0086136,CUST086136,TXN00086136,2282.53,NOT_INITIATED,RETURN,,,GW-44798825
REF00005246,ORD0086149,CUST086149,TXN00086149,1453.24,NOT_INITIATED,RETURN,,,GW-22775954
REF00005247,ORD0086172,CUST086172,TXN00086172,1183.39,NOT_INITIATED,RETURN,,,GW-88754072
REF00005248,ORD0086176,CUST086176,TXN00086176,300.73,NOT_INITIATED,ORDER_CANCELLED,,,GW-94276003
REF00005249,ORD0086198,CUST086198,TXN00086198,207.92,NOT_INITIATED,ORDER_CANCELLED,,,GW-38496681
REF00005250,ORD0086201,CUST086201,TXN00086201,289.29,NOT_INITIATED,ORDER_CANCELLED,,,GW-18480421
REF00005251,ORD0086205,CUST086205,TXN00086205,410.96,NOT_INITIATED,RETURN,,,GW-31919162
REF00005252,ORD0086228,CUST086228,TXN00086228,1514.06,NOT_INITIATED,RETURN,,,GW-38057648
REF00005253,ORD0086231,CUST086231,TXN00086231,927.62,NOT_INITIATED,RETURN,,,GW-87617465
REF00005254,ORD0086248,CUST086248,TXN00086248,504.89,NOT_INITIATED,ORDER_CANCELLED,,,GW-96502574
REF00005255,ORD0086267,CUST086267,TXN00086267,402.44,NOT_INITIATED,ORDER_CANCELLED,,,GW-87586521
REF00005256,ORD0086314,CUST086314,TXN00086314,738.4,NOT_INITIATED,RETURN,,,GW-52602142
REF00005257,ORD0086326,CUST086326,TXN00086326,1375.38,NOT_INITIATED,RETURN,,,GW-51874917
REF00005258,ORD0086339,CUST086339,TXN00086339,877.66,NOT_INITIATED,RETURN,,,GW-98568649
REF00005259,ORD0086358,CUST086358,TXN00086358,1979.33,NOT_INITIATED,ORDER_CANCELLED,,,GW-25308008
REF00005260,ORD0086362,CUST086362,TXN00086362,373.08,NOT_INITIATED,RETURN,,,GW-33163048
REF00005261,ORD0086377,CUST086377,TXN00086377,2141.49,NOT_INITIATED,ORDER_CANCELLED,,,GW-68323856
REF00005262,ORD0086382,CUST086382,TXN00086382,2284.56,NOT_INITIATED,RETURN,,,GW-16751365
REF00005263,ORD0086394,CUST086394,TXN00086394,700.88,NOT_INITIATED,RETURN,,,GW-53381897
REF00005264,ORD0086396,CUST086396,TXN00086396,1761.31,NOT_INITIATED,RETURN,,,GW-43707717
REF00005265,ORD0086399,CUST086399,TXN00086399,372.25,NOT_INITIATED,RETURN,,,GW-27739273
REF00005266,ORD0086405,CUST086405,TXN00086405,1283.22,NOT_INITIATED,RETURN,,,GW-18611619
REF00005267,ORD0086422,CUST086422,TXN00086422,302.17,NOT_INITIATED,RETURN,,,GW-74174061
REF00005268,ORD0086441,CUST086441,TXN00086441,1431.93,NOT_INITIATED,ORDER_CANCELLED,,,GW-47907226
REF00005269,ORD0086448,CUST086448,TXN00086448,200.83,NOT_INITIATED,RETURN,,,GW-56144971
REF00005270,ORD0086460,CUST086460,TXN00086460,238.45,NOT_INITIATED,ORDER_CANCELLED,,,GW-64871289
REF00005271,ORD0086473,CUST086473,TXN00086473,1044.67,NOT_INITIATED,RETURN,,,GW-62245683
REF00005272,ORD0086488,CUST086488,TXN00086488,471.04,NOT_INITIATED,ORDER_CANCELLED,,,GW-58401733
REF00005273,ORD0086516,CUST086516,TXN00086516,442.99,NOT_INITIATED,ORDER_CANCELLED,,,GW-96888930
REF00005274,ORD0086607,CUST086607,TXN00086607,2363.78,NOT_INITIATED,RETURN,,,GW-23060832
REF00005275,ORD0086609,CUST086609,TXN00086609,2545.99,NOT_INITIATED,ORDER_CANCELLED,,,GW-61766572
REF00005276,ORD0086611,CUST086611,TXN00086611,2770.36,NOT_INITIATED,ORDER_CANCELLED,,,GW-87133705
REF00005277,ORD0086616,CUST086616,TXN00086616,746.91,NOT_INITIATED,RETURN,,,GW-86467659
REF00005278,ORD0086636,CUST086636,TXN00086636,508.88,NOT_INITIATED,RETURN,,,GW-90030471
REF00005279,ORD0086637,CUST086637,TXN00086637,1362.85,NOT_INITIATED,ORDER_CANCELLED,,,GW-94390882
REF00005280,ORD0086651,CUST086651,TXN00086651,2461.23,NOT_INITIATED,ORDER_CANCELLED,,,GW-73466843
REF00005281,ORD0086654,CUST086654,TXN00086654,112.53,NOT_INITIATED,ORDER_CANCELLED,,,GW-88013019
REF00005282,ORD0086665,CUST086665,TXN00086665,260.59,NOT_INITIATED,ORDER_CANCELLED,,,GW-71743688
REF00005283,ORD0086677,CUST086677,TXN00086677,379.88,NOT_INITIATED,ORDER_CANCELLED,,,GW-81066967
REF00005284,ORD0086679,CUST086679,TXN00086679,340.93,NOT_INITIATED,ORDER_CANCELLED,,,GW-30174855
REF00005285,ORD0086701,CUST086701,TXN00086701,645.24,NOT_INITIATED,ORDER_CANCELLED,,,GW-77713462
REF00005286,ORD0086720,CUST086720,TXN00086720,1199.38,NOT_INITIATED,RETURN,,,GW-82865040
REF00005287,ORD0086734,CUST086734,TXN00086734,446.04,NOT_INITIATED,ORDER_CANCELLED,,,GW-32105314
REF00005288,ORD0086743,CUST086743,TXN00086743,1131.65,NOT_INITIATED,ORDER_CANCELLED,,,GW-37287913
REF00005289,ORD0086756,CUST086756,TXN00086756,39.26,NOT_INITIATED,ORDER_CANCELLED,,,GW-41373305
REF00005290,ORD0086783,CUST086783,TXN00086783,876.92,NOT_INITIATED,RETURN,,,GW-95298959
REF00005291,ORD0086820,CUST086820,TXN00086820,1264.66,NOT_INITIATED,ORDER_CANCELLED,,,GW-74286769
REF00005292,ORD0086828,CUST086828,TXN00086828,537.61,NOT_INITIATED,RETURN,,,GW-13142037
REF00005293,ORD0086840,CUST086840,TXN00086840,439.9,NOT_INITIATED,RETURN,,,GW-84936475
REF00005294,ORD0086858,CUST086858,TXN00086858,194.92,NOT_INITIATED,ORDER_CANCELLED,,,GW-52589484
REF00005295,ORD0086868,CUST086868,TXN00086868,2255.42,NOT_INITIATED,ORDER_CANCELLED,,,GW-15242822
REF00005296,ORD0086901,CUST086901,TXN00086901,924.46,NOT_INITIATED,ORDER_CANCELLED,,,GW-44462518
REF00005297,ORD0086910,CUST086910,TXN00086910,1091.96,NOT_INITIATED,RETURN,,,GW-88771178
REF00005298,ORD0086941,CUST086941,TXN00086941,115.52,NOT_INITIATED,ORDER_CANCELLED,,,GW-63064085
REF00005299,ORD0086955,CUST086955,TXN00086955,1015.67,NOT_INITIATED,RETURN,,,GW-33519568
REF00005300,ORD0086956,CUST086956,TXN00086956,537.22,NOT_INITIATED,RETURN,,,GW-93236218
REF00005301,ORD0086961,CUST086961,TXN00086961,808.37,NOT_INITIATED,ORDER_CANCELLED,,,GW-82596902
REF00005302,ORD0086994,CUST086994,TXN00086994,1782.6,NOT_INITIATED,RETURN,,,GW-72085380
REF00005303,ORD0087000,CUST087000,TXN00087000,170.29,NOT_INITIATED,RETURN,,,GW-32273058
REF00005304,ORD0087026,CUST087026,TXN00087026,326.06,NOT_INITIATED,RETURN,,,GW-52018433
REF00005305,ORD0087029,CUST087029,TXN00087029,21.95,NOT_INITIATED,RETURN,,,GW-59948311
REF00005306,ORD0087037,CUST087037,TXN00087037,207.29,NOT_INITIATED,ORDER_CANCELLED,,,GW-15168244
REF00005307,ORD0087055,CUST087055,TXN00087055,1709.58,NOT_INITIATED,ORDER_CANCELLED,,,GW-29551943
REF00005308,ORD0087063,CUST087063,TXN00087063,2355.44,NOT_INITIATED,RETURN,,,GW-44414692
REF00005309,ORD0087065,CUST087065,TXN00087065,280.48,NOT_INITIATED,RETURN,,,GW-64666817
REF00005310,ORD0087067,CUST087067,TXN00087067,150.88,NOT_INITIATED,RETURN,,,GW-64665883
REF00005311,ORD0087083,CUST087083,TXN00087083,292.47,NOT_INITIATED,ORDER_CANCELLED,,,GW-54500392
REF00005312,ORD0087113,CUST087113,TXN00087113,1195.26,NOT_INITIATED,ORDER_CANCELLED,,,GW-47613948
REF00005313,ORD0087116,CUST087116,TXN00087116,255.49,NOT_INITIATED,RETURN,,,GW-12012769
REF00005314,ORD0087137,CUST087137,TXN00087137,736.19,NOT_INITIATED,RETURN,,,GW-67635906
REF00005315,ORD0087141,CUST087141,TXN00087141,24.88,NOT_INITIATED,RETURN,,,GW-84115719
REF00005316,ORD0087146,CUST087146,TXN00087146,803.43,NOT_INITIATED,RETURN,,,GW-83501488
REF00005317,ORD0087169,CUST087169,TXN00087169,163.7,NOT_INITIATED,ORDER_CANCELLED,,,GW-20647640
REF00005318,ORD0087175,CUST087175,TXN00087175,1021.44,NOT_INITIATED,RETURN,,,GW-17074619
REF00005319,ORD0087181,CUST087181,TXN00087181,1626.55,NOT_INITIATED,RETURN,,,GW-18151939
REF00005320,ORD0087202,CUST087202,TXN00087202,93.34,NOT_INITIATED,RETURN,,,GW-41347285
REF00005321,ORD0087214,CUST087214,TXN00087214,584.98,NOT_INITIATED,RETURN,,,GW-38584722
REF00005322,ORD0087218,CUST087218,TXN00087218,1284.71,NOT_INITIATED,ORDER_CANCELLED,,,GW-90130242
REF00005323,ORD0087263,CUST087263,TXN00087263,520.99,NOT_INITIATED,ORDER_CANCELLED,,,GW-50547370
REF00005324,ORD0087266,CUST087266,TXN00087266,489.93,NOT_INITIATED,ORDER_CANCELLED,,,GW-17698334
REF00005325,ORD0087272,CUST087272,TXN00087272,8.83,NOT_INITIATED,RETURN,,,GW-70758228
REF00005326,ORD0087340,CUST087340,TXN00087340,1063.72,NOT_INITIATED,RETURN,,,GW-46322724
REF00005327,ORD0087355,CUST087355,TXN00087355,997.75,NOT_INITIATED,ORDER_CANCELLED,,,GW-57438527
REF00005328,ORD0087413,CUST087413,TXN00087413,266.31,NOT_INITIATED,ORDER_CANCELLED,,,GW-29539332
REF00005329,ORD0087440,CUST087440,TXN00087440,841.98,NOT_INITIATED,ORDER_CANCELLED,,,GW-57962267
REF00005330,ORD0087448,CUST087448,TXN00087448,999.31,NOT_INITIATED,RETURN,,,GW-91394572
REF00005331,ORD0087459,CUST087459,TXN00087459,1581.08,NOT_INITIATED,RETURN,,,GW-18075945
REF00005332,ORD0087460,CUST087460,TXN00087460,116.15,NOT_INITIATED,RETURN,,,GW-42187573
REF00005333,ORD0087462,CUST087462,TXN00087462,3028.47,NOT_INITIATED,RETURN,,,GW-12291597
REF00005334,ORD0087471,CUST087471,TXN00087471,356.63,NOT_INITIATED,ORDER_CANCELLED,,,GW-49277707
REF00005335,ORD0087484,CUST087484,TXN00087484,590.05,NOT_INITIATED,RETURN,,,GW-85076720
REF00005336,ORD0087510,CUST087510,TXN00087510,2567.97,NOT_INITIATED,RETURN,,,GW-76240655
REF00005337,ORD0087512,CUST087512,TXN00087512,2096.14,NOT_INITIATED,ORDER_CANCELLED,,,GW-90945867
REF00005338,ORD0087529,CUST087529,TXN00087529,285.15,NOT_INITIATED,RETURN,,,GW-80042702
REF00005339,ORD0087561,CUST087561,TXN00087561,118.57,NOT_INITIATED,ORDER_CANCELLED,,,GW-95133520
REF00005340,ORD0087569,CUST087569,TXN00087569,556.53,NOT_INITIATED,ORDER_CANCELLED,,,GW-83041988
REF00005341,ORD0087570,CUST087570,TXN00087570,1427.13,NOT_INITIATED,ORDER_CANCELLED,,,GW-26364599
REF00005342,ORD0087609,CUST087609,TXN00087609,719.44,NOT_INITIATED,ORDER_CANCELLED,,,GW-19885647
REF00005343,ORD0087614,CUST087614,TXN00087614,2232.32,NOT_INITIATED,ORDER_CANCELLED,,,GW-68481011
REF00005344,ORD0087637,CUST087637,TXN00087637,2050.33,NOT_INITIATED,ORDER_CANCELLED,,,GW-42576216
REF00005345,ORD0087690,CUST087690,TXN00087690,2024.67,NOT_INITIATED,RETURN,,,GW-73279786
REF00005346,ORD0087713,CUST087713,TXN00087713,2529.3,NOT_INITIATED,ORDER_CANCELLED,,,GW-29402872
REF00005347,ORD0087716,CUST087716,TXN00087716,913.1,NOT_INITIATED,ORDER_CANCELLED,,,GW-18809932
REF00005348,ORD0087772,CUST087772,TXN00087772,662.59,NOT_INITIATED,RETURN,,,GW-62466128
REF00005349,ORD0087773,CUST087773,TXN00087773,311.78,NOT_INITIATED,ORDER_CANCELLED,,,GW-38365885
REF00005350,ORD0087783,CUST087783,TXN00087783,156.6,NOT_INITIATED,RETURN,,,GW-72336393
REF00005351,ORD0087810,CUST087810,TXN00087810,2563.37,NOT_INITIATED,RETURN,,,GW-66186655
REF00005352,ORD0087817,CUST087817,TXN00087817,1562.26,NOT_INITIATED,ORDER_CANCELLED,,,GW-22505426
REF00005353,ORD0087821,CUST087821,TXN00087821,916.81,NOT_INITIATED,ORDER_CANCELLED,,,GW-79004101
REF00005354,ORD0087875,CUST087875,TXN00087875,390.34,NOT_INITIATED,RETURN,,,GW-66707586
REF00005355,ORD0087914,CUST087914,TXN00087914,2176.23,NOT_INITIATED,ORDER_CANCELLED,,,GW-92161394
REF00005356,ORD0087922,CUST087922,TXN00087922,291.79,NOT_INITIATED,ORDER_CANCELLED,,,GW-79993336
REF00005357,ORD0087930,CUST087930,TXN00087930,1175.02,NOT_INITIATED,ORDER_CANCELLED,,,GW-57324852
REF00005358,ORD0087933,CUST087933,TXN00087933,994.23,NOT_INITIATED,RETURN,,,GW-26086098
REF00005359,ORD0087954,CUST087954,TXN00087954,163.79,NOT_INITIATED,RETURN,,,GW-92912640
REF00005360,ORD0087967,CUST087967,TXN00087967,1583.05,NOT_INITIATED,ORDER_CANCELLED,,,GW-20330606
REF00005361,ORD0087968,CUST087968,TXN00087968,1968.9,NOT_INITIATED,ORDER_CANCELLED,,,GW-74901996
REF00005362,ORD0087990,CUST087990,TXN00087990,429.23,NOT_INITIATED,RETURN,,,GW-16248969
REF00005363,ORD0087991,CUST087991,TXN00087991,258.95,NOT_INITIATED,ORDER_CANCELLED,,,GW-98808454
REF00005364,ORD0087992,CUST087992,TXN00087992,1339.34,NOT_INITIATED,RETURN,,,GW-82749339
REF00005365,ORD0088026,CUST088026,TXN00088026,479.83,NOT_INITIATED,ORDER_CANCELLED,,,GW-93160296
REF00005366,ORD0088085,CUST088085,TXN00088085,467.35,NOT_INITIATED,RETURN,,,GW-54559027
REF00005367,ORD0088100,CUST088100,TXN00088100,249.1,NOT_INITIATED,ORDER_CANCELLED,,,GW-32601205
REF00005368,ORD0088103,CUST088103,TXN00088103,2055.45,NOT_INITIATED,RETURN,,,GW-36204271
REF00005369,ORD0088111,CUST088111,TXN00088111,1481.58,NOT_INITIATED,RETURN,,,GW-38025130
REF00005370,ORD0088123,CUST088123,TXN00088123,1226.05,NOT_INITIATED,ORDER_CANCELLED,,,GW-98775053
REF00005371,ORD0088130,CUST088130,TXN00088130,1606.79,NOT_INITIATED,ORDER_CANCELLED,,,GW-77377347
REF00005372,ORD0088151,CUST088151,TXN00088151,35.91,NOT_INITIATED,RETURN,,,GW-35703486
REF00005373,ORD0088153,CUST088153,TXN00088153,907.58,NOT_INITIATED,RETURN,,,GW-92480767
REF00005374,ORD0088162,CUST088162,TXN00088162,1197.19,NOT_INITIATED,RETURN,,,GW-94917697
REF00005375,ORD0088202,CUST088202,TXN00088202,299.18,NOT_INITIATED,RETURN,,,GW-16894780
REF00005376,ORD0088203,CUST088203,TXN00088203,1555.35,NOT_INITIATED,RETURN,,,GW-77256694
REF00005377,ORD0088224,CUST088224,TXN00088224,1668.21,NOT_INITIATED,RETURN,,,GW-55574487
REF00005378,ORD0088252,CUST088252,TXN00088252,201.04,NOT_INITIATED,ORDER_CANCELLED,,,GW-72525297
REF00005379,ORD0088255,CUST088255,TXN00088255,105.38,NOT_INITIATED,RETURN,,,GW-22894242
REF00005380,ORD0088256,CUST088256,TXN00088256,1458.46,NOT_INITIATED,ORDER_CANCELLED,,,GW-70419016
REF00005381,ORD0088274,CUST088274,TXN00088274,332.82,NOT_INITIATED,ORDER_CANCELLED,,,GW-48922061
REF00005382,ORD0088296,CUST088296,TXN00088296,877.76,NOT_INITIATED,ORDER_CANCELLED,,,GW-76793153
REF00005383,ORD0088308,CUST088308,TXN00088308,206.88,NOT_INITIATED,RETURN,,,GW-25200880
REF00005384,ORD0088342,CUST088342,TXN00088342,1081.37,NOT_INITIATED,ORDER_CANCELLED,,,GW-27066997
REF00005385,ORD0088374,CUST088374,TXN00088374,1120.26,NOT_INITIATED,RETURN,,,GW-33551023
REF00005386,ORD0088384,CUST088384,TXN00088384,1865.58,NOT_INITIATED,RETURN,,,GW-70449912
REF00005387,ORD0088410,CUST088410,TXN00088410,2819.52,NOT_INITIATED,ORDER_CANCELLED,,,GW-22103965
REF00005388,ORD0088413,CUST088413,TXN00088413,1063.99,NOT_INITIATED,ORDER_CANCELLED,,,GW-61715422
REF00005389,ORD0088457,CUST088457,TXN00088457,33.93,NOT_INITIATED,RETURN,,,GW-51863626
REF00005390,ORD0088470,CUST088470,TXN00088470,119.45,NOT_INITIATED,ORDER_CANCELLED,,,GW-30177581
REF00005391,ORD0088471,CUST088471,TXN00088471,586.21,NOT_INITIATED,RETURN,,,GW-84044168
REF00005392,ORD0088472,CUST088472,TXN00088472,2294.34,NOT_INITIATED,RETURN,,,GW-44680161
REF00005393,ORD0088490,CUST088490,TXN00088490,680.43,NOT_INITIATED,ORDER_CANCELLED,,,GW-22691073
REF00005394,ORD0088516,CUST088516,TXN00088516,142.69,NOT_INITIATED,RETURN,,,GW-59421896
REF00005395,ORD0088524,CUST088524,TXN00088524,2037.62,NOT_INITIATED,ORDER_CANCELLED,,,GW-75965405
REF00005396,ORD0088530,CUST088530,TXN00088530,665.0,NOT_INITIATED,RETURN,,,GW-57558230
REF00005397,ORD0088573,CUST088573,TXN00088573,509.09,NOT_INITIATED,RETURN,,,GW-71547764
REF00005398,ORD0088590,CUST088590,TXN00088590,544.43,NOT_INITIATED,ORDER_CANCELLED,,,GW-32169346
REF00005399,ORD0088614,CUST088614,TXN00088614,267.34,NOT_INITIATED,RETURN,,,GW-61353488
REF00005400,ORD0088636,CUST088636,TXN00088636,447.38,NOT_INITIATED,RETURN,,,GW-53190060
REF00005401,ORD0088646,CUST088646,TXN00088646,2226.97,NOT_INITIATED,RETURN,,,GW-94392878
REF00005402,ORD0088654,CUST088654,TXN00088654,1170.97,NOT_INITIATED,ORDER_CANCELLED,,,GW-75143359
REF00005403,ORD0088661,CUST088661,TXN00088661,46.77,NOT_INITIATED,RETURN,,,GW-83634436
REF00005404,ORD0088689,CUST088689,TXN00088689,1096.61,NOT_INITIATED,ORDER_CANCELLED,,,GW-28888402
REF00005405,ORD0088697,CUST088697,TXN00088697,319.4,NOT_INITIATED,ORDER_CANCELLED,,,GW-14618209
REF00005406,ORD0088745,CUST088745,TXN00088745,334.46,NOT_INITIATED,RETURN,,,GW-70676411
REF00005407,ORD0088784,CUST088784,TXN00088784,1300.06,NOT_INITIATED,RETURN,,,GW-90346654
REF00005408,ORD0088808,CUST088808,TXN00088808,79.33,NOT_INITIATED,RETURN,,,GW-70012617
REF00005409,ORD0088823,CUST088823,TXN00088823,560.65,NOT_INITIATED,ORDER_CANCELLED,,,GW-30845194
REF00005410,ORD0088826,CUST088826,TXN00088826,648.89,NOT_INITIATED,ORDER_CANCELLED,,,GW-40537850
REF00005411,ORD0088829,CUST088829,TXN00088829,1227.13,NOT_INITIATED,RETURN,,,GW-27844459
REF00005412,ORD0088848,CUST088848,TXN00088848,299.84,NOT_INITIATED,RETURN,,,GW-60112773
REF00005413,ORD0088856,CUST088856,TXN00088856,44.78,NOT_INITIATED,RETURN,,,GW-20978861
REF00005414,ORD0088910,CUST088910,TXN00088910,170.72,NOT_INITIATED,RETURN,,,GW-27225820
REF00005415,ORD0088919,CUST088919,TXN00088919,455.33,NOT_INITIATED,RETURN,,,GW-81418331
REF00005416,ORD0088940,CUST088940,TXN00088940,1917.83,NOT_INITIATED,RETURN,,,GW-32648448
REF00005417,ORD0088941,CUST088941,TXN00088941,123.55,NOT_INITIATED,RETURN,,,GW-24764917
REF00005418,ORD0088944,CUST088944,TXN00088944,137.51,NOT_INITIATED,RETURN,,,GW-46796445
REF00005419,ORD0088960,CUST088960,TXN00088960,129.0,NOT_INITIATED,RETURN,,,GW-56047225
REF00005420,ORD0088985,CUST088985,TXN00088985,286.21,NOT_INITIATED,RETURN,,,GW-52160117
REF00005421,ORD0088987,CUST088987,TXN00088987,530.65,NOT_INITIATED,RETURN,,,GW-26332832
REF00005422,ORD0089003,CUST089003,TXN00089003,1518.93,NOT_INITIATED,RETURN,,,GW-52043460
REF00005423,ORD0089014,CUST089014,TXN00089014,772.45,NOT_INITIATED,ORDER_CANCELLED,,,GW-26697882
REF00005424,ORD0089034,CUST089034,TXN00089034,442.64,NOT_INITIATED,RETURN,,,GW-82547611
REF00005425,ORD0089039,CUST089039,TXN00089039,2190.39,NOT_INITIATED,RETURN,,,GW-42962611
REF00005426,ORD0089043,CUST089043,TXN00089043,245.3,NOT_INITIATED,RETURN,,,GW-89115350
REF00005427,ORD0089064,CUST089064,TXN00089064,34.76,NOT_INITIATED,RETURN,,,GW-28195042
REF00005428,ORD0089083,CUST089083,TXN00089083,262.15,NOT_INITIATED,RETURN,,,GW-68684895
REF00005429,ORD0089107,CUST089107,TXN00089107,1164.78,NOT_INITIATED,ORDER_CANCELLED,,,GW-81841106
REF00005430,ORD0089136,CUST089136,TXN00089136,218.18,NOT_INITIATED,RETURN,,,GW-58134086
REF00005431,ORD0089146,CUST089146,TXN00089146,140.24,NOT_INITIATED,ORDER_CANCELLED,,,GW-72332651
REF00005432,ORD0089150,CUST089150,TXN00089150,9.45,NOT_INITIATED,ORDER_CANCELLED,,,GW-34854472
REF00005433,ORD0089163,CUST089163,TXN00089163,2448.98,NOT_INITIATED,ORDER_CANCELLED,,,GW-39575183
REF00005434,ORD0089164,CUST089164,TXN00089164,15.34,NOT_INITIATED,RETURN,,,GW-41241352
REF00005435,ORD0089171,CUST089171,TXN00089171,1367.22,NOT_INITIATED,RETURN,,,GW-95066197
REF00005436,ORD0089180,CUST089180,TXN00089180,601.38,NOT_INITIATED,RETURN,,,GW-99290250
REF00005437,ORD0089186,CUST089186,TXN00089186,791.31,NOT_INITIATED,ORDER_CANCELLED,,,GW-15560414
REF00005438,ORD0089202,CUST089202,TXN00089202,2485.79,NOT_INITIATED,RETURN,,,GW-63070994
REF00005439,ORD0089204,CUST089204,TXN00089204,219.22,NOT_INITIATED,RETURN,,,GW-59348070
REF00005440,ORD0089210,CUST089210,TXN00089210,1181.0,NOT_INITIATED,ORDER_CANCELLED,,,GW-10150857
REF00005441,ORD0089219,CUST089219,TXN00089219,994.16,NOT_INITIATED,RETURN,,,GW-26522341
REF00005442,ORD0089224,CUST089224,TXN00089224,265.7,NOT_INITIATED,ORDER_CANCELLED,,,GW-30051537
REF00005443,ORD0089232,CUST089232,TXN00089232,259.0,NOT_INITIATED,RETURN,,,GW-66697300
REF00005444,ORD0089249,CUST089249,TXN00089249,1313.08,NOT_INITIATED,ORDER_CANCELLED,,,GW-71375104
REF00005445,ORD0089256,CUST089256,TXN00089256,991.76,NOT_INITIATED,RETURN,,,GW-58367510
REF00005446,ORD0089266,CUST089266,TXN00089266,2754.63,NOT_INITIATED,RETURN,,,GW-23356400
REF00005447,ORD0089324,CUST089324,TXN00089324,1567.6,NOT_INITIATED,RETURN,,,GW-88381561
REF00005448,ORD0089349,CUST089349,TXN00089349,14.97,NOT_INITIATED,RETURN,,,GW-49805440
REF00005449,ORD0089352,CUST089352,TXN00089352,210.19,NOT_INITIATED,RETURN,,,GW-36883831
REF00005450,ORD0089390,CUST089390,TXN00089390,719.64,NOT_INITIATED,RETURN,,,GW-95269273
REF00005451,ORD0089391,CUST089391,TXN00089391,1609.02,NOT_INITIATED,RETURN,,,GW-77467469
REF00005452,ORD0089407,CUST089407,TXN00089407,157.19,NOT_INITIATED,RETURN,,,GW-47507082
REF00005453,ORD0089408,CUST089408,TXN00089408,1174.43,NOT_INITIATED,ORDER_CANCELLED,,,GW-43835355
REF00005454,ORD0089434,CUST089434,TXN00089434,1251.33,NOT_INITIATED,RETURN,,,GW-60541930
REF00005455,ORD0089438,CUST089438,TXN00089438,231.61,NOT_INITIATED,RETURN,,,GW-62571304
REF00005456,ORD0089468,CUST089468,TXN00089468,26.86,NOT_INITIATED,ORDER_CANCELLED,,,GW-70470023
REF00005457,ORD0089489,CUST089489,TXN00089489,2477.01,NOT_INITIATED,ORDER_CANCELLED,,,GW-41727888
REF00005458,ORD0089497,CUST089497,TXN00089497,754.5,NOT_INITIATED,ORDER_CANCELLED,,,GW-62566035
REF00005459,ORD0089498,CUST089498,TXN00089498,448.8,NOT_INITIATED,ORDER_CANCELLED,,,GW-14852072
REF00005460,ORD0089507,CUST089507,TXN00089507,328.11,NOT_INITIATED,RETURN,,,GW-70452077
REF00005461,ORD0089511,CUST089511,TXN00089511,510.0,NOT_INITIATED,RETURN,,,GW-30405452
REF00005462,ORD0089537,CUST089537,TXN00089537,416.23,NOT_INITIATED,RETURN,,,GW-89264483
REF00005463,ORD0089571,CUST089571,TXN00089571,286.23,NOT_INITIATED,RETURN,,,GW-82348653
REF00005464,ORD0089616,CUST089616,TXN00089616,784.9,NOT_INITIATED,RETURN,,,GW-37734223
REF00005465,ORD0089619,CUST089619,TXN00089619,437.0,NOT_INITIATED,RETURN,,,GW-15230179
REF00005466,ORD0089628,CUST089628,TXN00089628,212.89,NOT_INITIATED,ORDER_CANCELLED,,,GW-52088655
REF00005467,ORD0089642,CUST089642,TXN00089642,186.5,NOT_INITIATED,RETURN,,,GW-23759586
REF00005468,ORD0089643,CUST089643,TXN00089643,495.66,NOT_INITIATED,RETURN,,,GW-90264772
REF00005469,ORD0089655,CUST089655,TXN00089655,424.25,NOT_INITIATED,ORDER_CANCELLED,,,GW-95259444
REF00005470,ORD0089662,CUST089662,TXN00089662,2339.51,NOT_INITIATED,ORDER_CANCELLED,,,GW-84885914
REF00005471,ORD0089676,CUST089676,TXN00089676,211.19,NOT_INITIATED,RETURN,,,GW-64160722
REF00005472,ORD0089680,CUST089680,TXN00089680,713.13,NOT_INITIATED,RETURN,,,GW-29362512
REF00005473,ORD0089689,CUST089689,TXN00089689,528.9,NOT_INITIATED,RETURN,,,GW-21303792
REF00005474,ORD0089691,CUST089691,TXN00089691,162.33,NOT_INITIATED,RETURN,,,GW-51791101
REF00005475,ORD0089709,CUST089709,TXN00089709,1708.89,NOT_INITIATED,ORDER_CANCELLED,,,GW-69741121
REF00005476,ORD0089712,CUST089712,TXN00089712,808.06,NOT_INITIATED,ORDER_CANCELLED,,,GW-89551867
REF00005477,ORD0089720,CUST089720,TXN00089720,373.04,NOT_INITIATED,ORDER_CANCELLED,,,GW-81156047
REF00005478,ORD0089737,CUST089737,TXN00089737,1140.76,NOT_INITIATED,ORDER_CANCELLED,,,GW-55013381
REF00005479,ORD0089802,CUST089802,TXN00089802,456.18,NOT_INITIATED,RETURN,,,GW-12116845
REF00005480,ORD0089819,CUST089819,TXN00089819,1043.55,NOT_INITIATED,ORDER_CANCELLED,,,GW-56357002
REF00005481,ORD0089820,CUST089820,TXN00089820,633.91,NOT_INITIATED,RETURN,,,GW-25491038
REF00005482,ORD0089825,CUST089825,TXN00089825,1160.98,NOT_INITIATED,ORDER_CANCELLED,,,GW-42982839
REF00005483,ORD0089849,CUST089849,TXN00089849,2597.66,NOT_INITIATED,ORDER_CANCELLED,,,GW-88049764
REF00005484,ORD0089862,CUST089862,TXN00089862,49.14,NOT_INITIATED,RETURN,,,GW-85853713
REF00005485,ORD0089866,CUST089866,TXN00089866,283.12,NOT_INITIATED,RETURN,,,GW-37516053
REF00005486,ORD0089889,CUST089889,TXN00089889,1835.64,NOT_INITIATED,RETURN,,,GW-32275838
REF00005487,ORD0089910,CUST089910,TXN00089910,763.75,NOT_INITIATED,RETURN,,,GW-27888031
REF00005488,ORD0089922,CUST089922,TXN00089922,825.91,NOT_INITIATED,RETURN,,,GW-41485952
REF00005489,ORD0089929,CUST089929,TXN00089929,1299.7,NOT_INITIATED,RETURN,,,GW-87725263
REF00005490,ORD0089933,CUST089933,TXN00089933,580.31,NOT_INITIATED,ORDER_CANCELLED,,,GW-51320141
REF00005491,ORD0089947,CUST089947,TXN00089947,751.47,NOT_INITIATED,ORDER_CANCELLED,,,GW-61272267
REF00005492,ORD0089970,CUST089970,TXN00089970,366.98,NOT_INITIATED,ORDER_CANCELLED,,,GW-73671701
REF00005493,ORD0089986,CUST089986,TXN00089986,470.79,NOT_INITIATED,RETURN,,,GW-23383939
REF00005494,ORD0090013,CUST090013,TXN00090013,1036.4,NOT_INITIATED,RETURN,,,GW-59906404
REF00005495,ORD0090022,CUST090022,TXN00090022,1061.04,NOT_INITIATED,RETURN,,,GW-70926039
REF00005496,ORD0090037,CUST090037,TXN00090037,281.76,NOT_INITIATED,ORDER_CANCELLED,,,GW-23509254
REF00005497,ORD0090050,CUST090050,TXN00090050,137.61,NOT_INITIATED,RETURN,,,GW-11511075
REF00005498,ORD0090054,CUST090054,TXN00090054,333.01,NOT_INITIATED,RETURN,,,GW-71413484
REF00005499,ORD0090067,CUST090067,TXN00090067,424.49,NOT_INITIATED,ORDER_CANCELLED,,,GW-47272652
REF00005500,ORD0090095,CUST090095,TXN00090095,1445.94,NOT_INITIATED,RETURN,,,GW-18664319
REF00005501,ORD0090136,CUST090136,TXN00090136,482.5,NOT_INITIATED,RETURN,,,GW-51810686
REF00005502,ORD0090139,CUST090139,TXN00090139,1181.8,NOT_INITIATED,RETURN,,,GW-19181122
REF00005503,ORD0090173,CUST090173,TXN00090173,250.4,NOT_INITIATED,RETURN,,,GW-19191248
REF00005504,ORD0090213,CUST090213,TXN00090213,312.55,NOT_INITIATED,ORDER_CANCELLED,,,GW-36392169
REF00005505,ORD0090219,CUST090219,TXN00090219,318.4,NOT_INITIATED,RETURN,,,GW-40530818
REF00005506,ORD0090220,CUST090220,TXN00090220,976.02,NOT_INITIATED,RETURN,,,GW-50335091
REF00005507,ORD0090231,CUST090231,TXN00090231,189.27,NOT_INITIATED,ORDER_CANCELLED,,,GW-86302816
REF00005508,ORD0090298,CUST090298,TXN00090298,791.28,NOT_INITIATED,RETURN,,,GW-74440309
REF00005509,ORD0090304,CUST090304,TXN00090304,912.18,NOT_INITIATED,ORDER_CANCELLED,,,GW-53738341
REF00005510,ORD0090375,CUST090375,TXN00090375,322.75,NOT_INITIATED,ORDER_CANCELLED,,,GW-25016131
REF00005511,ORD0090412,CUST090412,TXN00090412,376.93,NOT_INITIATED,ORDER_CANCELLED,,,GW-38140675
REF00005512,ORD0090414,CUST090414,TXN00090414,400.62,NOT_INITIATED,RETURN,,,GW-57665478
REF00005513,ORD0090420,CUST090420,TXN00090420,494.89,NOT_INITIATED,RETURN,,,GW-91363410
REF00005514,ORD0090425,CUST090425,TXN00090425,474.23,NOT_INITIATED,RETURN,,,GW-91553393
REF00005515,ORD0090486,CUST090486,TXN00090486,1238.96,NOT_INITIATED,RETURN,,,GW-25454455
REF00005516,ORD0090504,CUST090504,TXN00090504,323.63,NOT_INITIATED,RETURN,,,GW-24193665
REF00005517,ORD0090507,CUST090507,TXN00090507,737.73,NOT_INITIATED,RETURN,,,GW-22842126
REF00005518,ORD0090514,CUST090514,TXN00090514,657.5,NOT_INITIATED,ORDER_CANCELLED,,,GW-21930995
REF00005519,ORD0090524,CUST090524,TXN00090524,192.94,NOT_INITIATED,RETURN,,,GW-11115791
REF00005520,ORD0090558,CUST090558,TXN00090558,1268.21,NOT_INITIATED,RETURN,,,GW-46320919
REF00005521,ORD0090568,CUST090568,TXN00090568,2282.4,NOT_INITIATED,RETURN,,,GW-70932928
REF00005522,ORD0090580,CUST090580,TXN00090580,457.36,NOT_INITIATED,RETURN,,,GW-26037040
REF00005523,ORD0090595,CUST090595,TXN00090595,1024.7,NOT_INITIATED,ORDER_CANCELLED,,,GW-32517209
REF00005524,ORD0090598,CUST090598,TXN00090598,2485.52,NOT_INITIATED,ORDER_CANCELLED,,,GW-97645176
REF00005525,ORD0090600,CUST090600,TXN00090600,638.14,NOT_INITIATED,RETURN,,,GW-23629532
REF00005526,ORD0090640,CUST090640,TXN00090640,2452.01,NOT_INITIATED,RETURN,,,GW-37928131
REF00005527,ORD0090645,CUST090645,TXN00090645,133.43,NOT_INITIATED,RETURN,,,GW-43477430
REF00005528,ORD0090721,CUST090721,TXN00090721,1670.23,NOT_INITIATED,ORDER_CANCELLED,,,GW-94022072
REF00005529,ORD0090723,CUST090723,TXN00090723,119.29,NOT_INITIATED,ORDER_CANCELLED,,,GW-76900901
REF00005530,ORD0090729,CUST090729,TXN00090729,2691.26,NOT_INITIATED,ORDER_CANCELLED,,,GW-25386065
REF00005531,ORD0090748,CUST090748,TXN00090748,772.21,NOT_INITIATED,RETURN,,,GW-91502422
REF00005532,ORD0090755,CUST090755,TXN00090755,2817.74,NOT_INITIATED,RETURN,,,GW-11181404
REF00005533,ORD0090760,CUST090760,TXN00090760,1394.04,NOT_INITIATED,RETURN,,,GW-99831428
REF00005534,ORD0090766,CUST090766,TXN00090766,1094.66,NOT_INITIATED,ORDER_CANCELLED,,,GW-16264566
REF00005535,ORD0090777,CUST090777,TXN00090777,268.75,NOT_INITIATED,ORDER_CANCELLED,,,GW-39789752
REF00005536,ORD0090783,CUST090783,TXN00090783,205.1,NOT_INITIATED,RETURN,,,GW-47080913
REF00005537,ORD0090794,CUST090794,TXN00090794,167.78,NOT_INITIATED,RETURN,,,GW-95718835
REF00005538,ORD0090796,CUST090796,TXN00090796,1343.48,NOT_INITIATED,ORDER_CANCELLED,,,GW-60300842
REF00005539,ORD0090807,CUST090807,TXN00090807,633.76,NOT_INITIATED,ORDER_CANCELLED,,,GW-70675628
REF00005540,ORD0090848,CUST090848,TXN00090848,728.1,NOT_INITIATED,RETURN,,,GW-76403298
REF00005541,ORD0090857,CUST090857,TXN00090857,1406.73,NOT_INITIATED,RETURN,,,GW-48571690
REF00005542,ORD0090870,CUST090870,TXN00090870,358.89,NOT_INITIATED,ORDER_CANCELLED,,,GW-96114132
REF00005543,ORD0090892,CUST090892,TXN00090892,888.3,NOT_INITIATED,ORDER_CANCELLED,,,GW-99672387
REF00005544,ORD0090907,CUST090907,TXN00090907,231.51,NOT_INITIATED,RETURN,,,GW-25727744
REF00005545,ORD0090917,CUST090917,TXN00090917,669.18,NOT_INITIATED,ORDER_CANCELLED,,,GW-55869002
REF00005546,ORD0090921,CUST090921,TXN00090921,349.05,NOT_INITIATED,RETURN,,,GW-48697024
REF00005547,ORD0090922,CUST090922,TXN00090922,368.44,NOT_INITIATED,ORDER_CANCELLED,,,GW-64047562
REF00005548,ORD0090923,CUST090923,TXN00090923,2476.94,NOT_INITIATED,RETURN,,,GW-53097632
REF00005549,ORD0090942,CUST090942,TXN00090942,274.26,NOT_INITIATED,ORDER_CANCELLED,,,GW-90061155
REF00005550,ORD0090947,CUST090947,TXN00090947,142.71,NOT_INITIATED,ORDER_CANCELLED,,,GW-77781356
REF00005551,ORD0090964,CUST090964,TXN00090964,197.51,NOT_INITIATED,RETURN,,,GW-61140634
REF00005552,ORD0090981,CUST090981,TXN00090981,1212.84,NOT_INITIATED,RETURN,,,GW-69380977
REF00005553,ORD0090986,CUST090986,TXN00090986,689.31,NOT_INITIATED,ORDER_CANCELLED,,,GW-13991393
REF00005554,ORD0090990,CUST090990,TXN00090990,580.42,NOT_INITIATED,ORDER_CANCELLED,,,GW-14582271
REF00005555,ORD0091003,CUST091003,TXN00091003,1063.01,NOT_INITIATED,ORDER_CANCELLED,,,GW-17145881
REF00005556,ORD0091012,CUST091012,TXN00091012,1263.88,NOT_INITIATED,RETURN,,,GW-75921007
REF00005557,ORD0091032,CUST091032,TXN00091032,652.91,NOT_INITIATED,RETURN,,,GW-76666960
REF00005558,ORD0091034,CUST091034,TXN00091034,923.74,NOT_INITIATED,RETURN,,,GW-80176919
REF00005559,ORD0091063,CUST091063,TXN00091063,755.22,NOT_INITIATED,RETURN,,,GW-37562639
REF00005560,ORD0091066,CUST091066,TXN00091066,2040.21,NOT_INITIATED,ORDER_CANCELLED,,,GW-15831448
REF00005561,ORD0091071,CUST091071,TXN00091071,204.37,NOT_INITIATED,RETURN,,,GW-56625385
REF00005562,ORD0091118,CUST091118,TXN00091118,463.24,NOT_INITIATED,RETURN,,,GW-86438498
REF00005563,ORD0091121,CUST091121,TXN00091121,1461.94,NOT_INITIATED,RETURN,,,GW-33139015
REF00005564,ORD0091132,CUST091132,TXN00091132,518.45,NOT_INITIATED,ORDER_CANCELLED,,,GW-48543976
REF00005565,ORD0091137,CUST091137,TXN00091137,2559.07,NOT_INITIATED,ORDER_CANCELLED,,,GW-24679404
REF00005566,ORD0091139,CUST091139,TXN00091139,971.89,NOT_INITIATED,RETURN,,,GW-26061161
REF00005567,ORD0091146,CUST091146,TXN00091146,770.38,NOT_INITIATED,ORDER_CANCELLED,,,GW-23910474
REF00005568,ORD0091152,CUST091152,TXN00091152,372.79,NOT_INITIATED,RETURN,,,GW-89556292
REF00005569,ORD0091159,CUST091159,TXN00091159,482.11,NOT_INITIATED,RETURN,,,GW-69138570
REF00005570,ORD0091166,CUST091166,TXN00091166,2122.65,NOT_INITIATED,RETURN,,,GW-71092872
REF00005571,ORD0091193,CUST091193,TXN00091193,350.7,NOT_INITIATED,RETURN,,,GW-74525230
REF00005572,ORD0091197,CUST091197,TXN00091197,1935.53,NOT_INITIATED,ORDER_CANCELLED,,,GW-39021125
REF00005573,ORD0091209,CUST091209,TXN00091209,169.12,NOT_INITIATED,ORDER_CANCELLED,,,GW-39145765
REF00005574,ORD0091216,CUST091216,TXN00091216,754.91,NOT_INITIATED,RETURN,,,GW-18461492
REF00005575,ORD0091226,CUST091226,TXN00091226,83.78,NOT_INITIATED,ORDER_CANCELLED,,,GW-17403275
REF00005576,ORD0091229,CUST091229,TXN00091229,2120.85,NOT_INITIATED,ORDER_CANCELLED,,,GW-42408776
REF00005577,ORD0091246,CUST091246,TXN00091246,310.97,NOT_INITIATED,RETURN,,,GW-39055373
REF00005578,ORD0091254,CUST091254,TXN00091254,679.07,NOT_INITIATED,ORDER_CANCELLED,,,GW-13331547
REF00005579,ORD0091266,CUST091266,TXN00091266,299.66,NOT_INITIATED,RETURN,,,GW-79605117
REF00005580,ORD0091268,CUST091268,TXN00091268,364.24,NOT_INITIATED,RETURN,,,GW-71693375
REF00005581,ORD0091318,CUST091318,TXN00091318,798.16,NOT_INITIATED,ORDER_CANCELLED,,,GW-99730350
REF00005582,ORD0091339,CUST091339,TXN00091339,198.66,NOT_INITIATED,ORDER_CANCELLED,,,GW-46944458
REF00005583,ORD0091347,CUST091347,TXN00091347,430.55,NOT_INITIATED,RETURN,,,GW-36732566
REF00005584,ORD0091357,CUST091357,TXN00091357,1229.52,NOT_INITIATED,ORDER_CANCELLED,,,GW-55710965
REF00005585,ORD0091384,CUST091384,TXN00091384,536.56,NOT_INITIATED,ORDER_CANCELLED,,,GW-81516315
REF00005586,ORD0091400,CUST091400,TXN00091400,1455.08,NOT_INITIATED,RETURN,,,GW-13793542
REF00005587,ORD0091457,CUST091457,TXN00091457,1199.79,NOT_INITIATED,RETURN,,,GW-98527426
REF00005588,ORD0091464,CUST091464,TXN00091464,1227.93,NOT_INITIATED,RETURN,,,GW-99514598
REF00005589,ORD0091466,CUST091466,TXN00091466,2428.48,NOT_INITIATED,ORDER_CANCELLED,,,GW-71949088
REF00005590,ORD0091484,CUST091484,TXN00091484,1354.56,NOT_INITIATED,RETURN,,,GW-70785809
REF00005591,ORD0091514,CUST091514,TXN00091514,172.26,NOT_INITIATED,ORDER_CANCELLED,,,GW-22800246
REF00005592,ORD0091532,CUST091532,TXN00091532,1020.12,NOT_INITIATED,ORDER_CANCELLED,,,GW-41994626
REF00005593,ORD0091533,CUST091533,TXN00091533,160.52,NOT_INITIATED,RETURN,,,GW-66804568
REF00005594,ORD0091546,CUST091546,TXN00091546,64.29,NOT_INITIATED,ORDER_CANCELLED,,,GW-77378197
REF00005595,ORD0091563,CUST091563,TXN00091563,355.01,NOT_INITIATED,RETURN,,,GW-46468699
REF00005596,ORD0091645,CUST091645,TXN00091645,594.58,NOT_INITIATED,RETURN,,,GW-54877270
REF00005597,ORD0091658,CUST091658,TXN00091658,1421.7,NOT_INITIATED,ORDER_CANCELLED,,,GW-79953385
REF00005598,ORD0091698,CUST091698,TXN00091698,390.26,NOT_INITIATED,ORDER_CANCELLED,,,GW-48849956
REF00005599,ORD0091718,CUST091718,TXN00091718,2995.74,NOT_INITIATED,ORDER_CANCELLED,,,GW-28566871
REF00005600,ORD0091732,CUST091732,TXN00091732,937.35,NOT_INITIATED,RETURN,,,GW-88018662
REF00005601,ORD0091752,CUST091752,TXN00091752,72.92,NOT_INITIATED,ORDER_CANCELLED,,,GW-96407092
REF00005602,ORD0091758,CUST091758,TXN00091758,1310.75,NOT_INITIATED,ORDER_CANCELLED,,,GW-24039667
REF00005603,ORD0091763,CUST091763,TXN00091763,1628.82,NOT_INITIATED,RETURN,,,GW-77211577
REF00005604,ORD0091808,CUST091808,TXN00091808,273.78,NOT_INITIATED,ORDER_CANCELLED,,,GW-59204448
REF00005605,ORD0091866,CUST091866,TXN00091866,2232.97,NOT_INITIATED,RETURN,,,GW-20755634
REF00005606,ORD0091870,CUST091870,TXN00091870,1750.29,NOT_INITIATED,ORDER_CANCELLED,,,GW-43667401
REF00005607,ORD0091920,CUST091920,TXN00091920,972.58,NOT_INITIATED,RETURN,,,GW-59553626
REF00005608,ORD0091924,CUST091924,TXN00091924,2069.6,NOT_INITIATED,ORDER_CANCELLED,,,GW-69852233
REF00005609,ORD0091956,CUST091956,TXN00091956,915.06,NOT_INITIATED,ORDER_CANCELLED,,,GW-23360585
REF00005610,ORD0091979,CUST091979,TXN00091979,1060.59,NOT_INITIATED,RETURN,,,GW-56321344
REF00005611,ORD0091997,CUST091997,TXN00091997,529.29,NOT_INITIATED,RETURN,,,GW-91549588
REF00005612,ORD0091999,CUST091999,TXN00091999,1282.54,NOT_INITIATED,ORDER_CANCELLED,,,GW-64033550
REF00005613,ORD0092035,CUST092035,TXN00092035,719.36,NOT_INITIATED,ORDER_CANCELLED,,,GW-11265973
REF00005614,ORD0092072,CUST092072,TXN00092072,372.6,NOT_INITIATED,ORDER_CANCELLED,,,GW-64260505
REF00005615,ORD0092074,CUST092074,TXN00092074,224.44,NOT_INITIATED,RETURN,,,GW-95446553
REF00005616,ORD0092081,CUST092081,TXN00092081,371.34,NOT_INITIATED,ORDER_CANCELLED,,,GW-68719337
REF00005617,ORD0092086,CUST092086,TXN00092086,898.23,NOT_INITIATED,RETURN,,,GW-44422666
REF00005618,ORD0092090,CUST092090,TXN00092090,553.16,NOT_INITIATED,RETURN,,,GW-14688166
REF00005619,ORD0092093,CUST092093,TXN00092093,409.22,NOT_INITIATED,ORDER_CANCELLED,,,GW-50112732
REF00005620,ORD0092098,CUST092098,TXN00092098,1443.78,NOT_INITIATED,RETURN,,,GW-13150290
REF00005621,ORD0092103,CUST092103,TXN00092103,1918.45,NOT_INITIATED,RETURN,,,GW-22412755
REF00005622,ORD0092106,CUST092106,TXN00092106,580.71,NOT_INITIATED,RETURN,,,GW-78112077
REF00005623,ORD0092120,CUST092120,TXN00092120,77.75,NOT_INITIATED,ORDER_CANCELLED,,,GW-80545985
REF00005624,ORD0092155,CUST092155,TXN00092155,374.03,NOT_INITIATED,ORDER_CANCELLED,,,GW-66629144
REF00005625,ORD0092174,CUST092174,TXN00092174,522.75,NOT_INITIATED,ORDER_CANCELLED,,,GW-65193631
REF00005626,ORD0092179,CUST092179,TXN00092179,683.3,NOT_INITIATED,RETURN,,,GW-72493118
REF00005627,ORD0092194,CUST092194,TXN00092194,2257.38,NOT_INITIATED,ORDER_CANCELLED,,,GW-38066705
REF00005628,ORD0092260,CUST092260,TXN00092260,353.08,NOT_INITIATED,RETURN,,,GW-74487583
REF00005629,ORD0092271,CUST092271,TXN00092271,798.03,NOT_INITIATED,ORDER_CANCELLED,,,GW-38723599
REF00005630,ORD0092280,CUST092280,TXN00092280,1272.35,NOT_INITIATED,ORDER_CANCELLED,,,GW-61556481
REF00005631,ORD0092307,CUST092307,TXN00092307,406.28,NOT_INITIATED,RETURN,,,GW-14041410
REF00005632,ORD0092313,CUST092313,TXN00092313,1128.84,NOT_INITIATED,RETURN,,,GW-30787148
REF00005633,ORD0092352,CUST092352,TXN00092352,584.47,NOT_INITIATED,ORDER_CANCELLED,,,GW-74601190
REF00005634,ORD0092386,CUST092386,TXN00092386,2222.51,NOT_INITIATED,RETURN,,,GW-63785284
REF00005635,ORD0092389,CUST092389,TXN00092389,1158.79,NOT_INITIATED,RETURN,,,GW-11752839
REF00005636,ORD0092395,CUST092395,TXN00092395,791.74,NOT_INITIATED,ORDER_CANCELLED,,,GW-76253968
REF00005637,ORD0092397,CUST092397,TXN00092397,874.95,NOT_INITIATED,ORDER_CANCELLED,,,GW-71887108
REF00005638,ORD0092440,CUST092440,TXN00092440,482.28,NOT_INITIATED,ORDER_CANCELLED,,,GW-70532279
REF00005639,ORD0092447,CUST092447,TXN00092447,211.0,NOT_INITIATED,RETURN,,,GW-46210891
REF00005640,ORD0092470,CUST092470,TXN00092470,1436.19,NOT_INITIATED,ORDER_CANCELLED,,,GW-58360980
REF00005641,ORD0092481,CUST092481,TXN00092481,1108.71,NOT_INITIATED,ORDER_CANCELLED,,,GW-62105748
REF00005642,ORD0092519,CUST092519,TXN00092519,401.79,NOT_INITIATED,RETURN,,,GW-66058089
REF00005643,ORD0092544,CUST092544,TXN00092544,3147.38,NOT_INITIATED,ORDER_CANCELLED,,,GW-52675638
REF00005644,ORD0092546,CUST092546,TXN00092546,282.12,NOT_INITIATED,RETURN,,,GW-36578363
REF00005645,ORD0092548,CUST092548,TXN00092548,417.54,NOT_INITIATED,RETURN,,,GW-31376608
REF00005646,ORD0092560,CUST092560,TXN00092560,160.06,NOT_INITIATED,RETURN,,,GW-76942892
REF00005647,ORD0092566,CUST092566,TXN00092566,1037.97,NOT_INITIATED,ORDER_CANCELLED,,,GW-59010536
REF00005648,ORD0092572,CUST092572,TXN00092572,940.18,NOT_INITIATED,RETURN,,,GW-56327503
REF00005649,ORD0092578,CUST092578,TXN00092578,523.05,NOT_INITIATED,ORDER_CANCELLED,,,GW-11415933
REF00005650,ORD0092582,CUST092582,TXN00092582,2520.71,NOT_INITIATED,RETURN,,,GW-12013742
REF00005651,ORD0092598,CUST092598,TXN00092598,377.5,NOT_INITIATED,ORDER_CANCELLED,,,GW-57209504
REF00005652,ORD0092600,CUST092600,TXN00092600,2633.1,NOT_INITIATED,ORDER_CANCELLED,,,GW-14677494
REF00005653,ORD0092626,CUST092626,TXN00092626,1194.19,NOT_INITIATED,ORDER_CANCELLED,,,GW-64252596
REF00005654,ORD0092629,CUST092629,TXN00092629,349.98,NOT_INITIATED,RETURN,,,GW-84107050
REF00005655,ORD0092641,CUST092641,TXN00092641,245.03,NOT_INITIATED,RETURN,,,GW-87040019
REF00005656,ORD0092652,CUST092652,TXN00092652,753.44,NOT_INITIATED,RETURN,,,GW-90700110
REF00005657,ORD0092700,CUST092700,TXN00092700,1832.26,NOT_INITIATED,RETURN,,,GW-79969308
REF00005658,ORD0092719,CUST092719,TXN00092719,1726.76,NOT_INITIATED,ORDER_CANCELLED,,,GW-56636221
REF00005659,ORD0092729,CUST092729,TXN00092729,1578.61,NOT_INITIATED,RETURN,,,GW-90540969
REF00005660,ORD0092733,CUST092733,TXN00092733,579.81,NOT_INITIATED,ORDER_CANCELLED,,,GW-61435674
REF00005661,ORD0092734,CUST092734,TXN00092734,436.82,NOT_INITIATED,ORDER_CANCELLED,,,GW-39118956
REF00005662,ORD0092735,CUST092735,TXN00092735,402.53,NOT_INITIATED,ORDER_CANCELLED,,,GW-21853537
REF00005663,ORD0092742,CUST092742,TXN00092742,513.19,NOT_INITIATED,ORDER_CANCELLED,,,GW-66677243
REF00005664,ORD0092756,CUST092756,TXN00092756,1697.51,NOT_INITIATED,ORDER_CANCELLED,,,GW-36963249
REF00005665,ORD0092798,CUST092798,TXN00092798,241.84,NOT_INITIATED,ORDER_CANCELLED,,,GW-27766184
REF00005666,ORD0092867,CUST092867,TXN00092867,1254.16,NOT_INITIATED,RETURN,,,GW-83141233
REF00005667,ORD0092922,CUST092922,TXN00092922,991.42,NOT_INITIATED,RETURN,,,GW-49878839
REF00005668,ORD0092941,CUST092941,TXN00092941,459.83,NOT_INITIATED,RETURN,,,GW-23545579
REF00005669,ORD0092946,CUST092946,TXN00092946,312.39,NOT_INITIATED,ORDER_CANCELLED,,,GW-88587397
REF00005670,ORD0092961,CUST092961,TXN00092961,608.04,NOT_INITIATED,RETURN,,,GW-37021506
REF00005671,ORD0092965,CUST092965,TXN00092965,2160.13,NOT_INITIATED,ORDER_CANCELLED,,,GW-41782716
REF00005672,ORD0093017,CUST093017,TXN00093017,320.4,NOT_INITIATED,RETURN,,,GW-44194159
REF00005673,ORD0093022,CUST093022,TXN00093022,2110.58,NOT_INITIATED,RETURN,,,GW-72758824
REF00005674,ORD0093030,CUST093030,TXN00093030,567.69,NOT_INITIATED,RETURN,,,GW-28028739
REF00005675,ORD0093035,CUST093035,TXN00093035,389.37,NOT_INITIATED,ORDER_CANCELLED,,,GW-66361195
REF00005676,ORD0093042,CUST093042,TXN00093042,555.73,NOT_INITIATED,RETURN,,,GW-93558841
REF00005677,ORD0093089,CUST093089,TXN00093089,347.26,NOT_INITIATED,RETURN,,,GW-73333663
REF00005678,ORD0093105,CUST093105,TXN00093105,860.5,NOT_INITIATED,ORDER_CANCELLED,,,GW-72898501
REF00005679,ORD0093116,CUST093116,TXN00093116,2193.97,NOT_INITIATED,ORDER_CANCELLED,,,GW-44855429
REF00005680,ORD0093123,CUST093123,TXN00093123,1176.06,NOT_INITIATED,ORDER_CANCELLED,,,GW-20925053
REF00005681,ORD0093150,CUST093150,TXN00093150,23.0,NOT_INITIATED,RETURN,,,GW-13926212
REF00005682,ORD0093166,CUST093166,TXN00093166,1577.45,NOT_INITIATED,RETURN,,,GW-62646177
REF00005683,ORD0093190,CUST093190,TXN00093190,192.32,NOT_INITIATED,ORDER_CANCELLED,,,GW-72467156
REF00005684,ORD0093196,CUST093196,TXN00093196,982.71,NOT_INITIATED,ORDER_CANCELLED,,,GW-30824876
REF00005685,ORD0093240,CUST093240,TXN00093240,1333.15,NOT_INITIATED,RETURN,,,GW-13461206
REF00005686,ORD0093243,CUST093243,TXN00093243,552.06,NOT_INITIATED,ORDER_CANCELLED,,,GW-69664374
REF00005687,ORD0093248,CUST093248,TXN00093248,190.29,NOT_INITIATED,ORDER_CANCELLED,,,GW-29675513
REF00005688,ORD0093267,CUST093267,TXN00093267,15.93,NOT_INITIATED,ORDER_CANCELLED,,,GW-19749641
REF00005689,ORD0093270,CUST093270,TXN00093270,75.1,NOT_INITIATED,RETURN,,,GW-27753008
REF00005690,ORD0093305,CUST093305,TXN00093305,1923.33,NOT_INITIATED,ORDER_CANCELLED,,,GW-90767144
REF00005691,ORD0093311,CUST093311,TXN00093311,2261.72,NOT_INITIATED,RETURN,,,GW-56937737
REF00005692,ORD0093346,CUST093346,TXN00093346,2137.77,NOT_INITIATED,RETURN,,,GW-16635391
REF00005693,ORD0093353,CUST093353,TXN00093353,480.97,NOT_INITIATED,ORDER_CANCELLED,,,GW-87824516
REF00005694,ORD0093367,CUST093367,TXN00093367,30.89,NOT_INITIATED,RETURN,,,GW-39578105
REF00005695,ORD0093403,CUST093403,TXN00093403,87.07,NOT_INITIATED,RETURN,,,GW-35467893
REF00005696,ORD0093452,CUST093452,TXN00093452,503.29,NOT_INITIATED,ORDER_CANCELLED,,,GW-28927884
REF00005697,ORD0093472,CUST093472,TXN00093472,638.09,NOT_INITIATED,RETURN,,,GW-41563048
REF00005698,ORD0093486,CUST093486,TXN00093486,1178.75,NOT_INITIATED,RETURN,,,GW-60053538
REF00005699,ORD0093518,CUST093518,TXN00093518,493.74,NOT_INITIATED,RETURN,,,GW-34563981
REF00005700,ORD0093534,CUST093534,TXN00093534,863.25,NOT_INITIATED,RETURN,,,GW-29339279
REF00005701,ORD0093550,CUST093550,TXN00093550,1620.64,NOT_INITIATED,ORDER_CANCELLED,,,GW-43522029
REF00005702,ORD0093569,CUST093569,TXN00093569,194.02,NOT_INITIATED,RETURN,,,GW-13296114
REF00005703,ORD0093593,CUST093593,TXN00093593,271.52,NOT_INITIATED,RETURN,,,GW-88839764
REF00005704,ORD0093605,CUST093605,TXN00093605,1112.8,NOT_INITIATED,RETURN,,,GW-37114459
REF00005705,ORD0093620,CUST093620,TXN00093620,1508.34,NOT_INITIATED,RETURN,,,GW-57322368
REF00005706,ORD0093647,CUST093647,TXN00093647,772.53,NOT_INITIATED,ORDER_CANCELLED,,,GW-16748434
REF00005707,ORD0093659,CUST093659,TXN00093659,25.26,NOT_INITIATED,ORDER_CANCELLED,,,GW-38554752
REF00005708,ORD0093672,CUST093672,TXN00093672,439.75,NOT_INITIATED,ORDER_CANCELLED,,,GW-99243452
REF00005709,ORD0093675,CUST093675,TXN00093675,1494.75,NOT_INITIATED,ORDER_CANCELLED,,,GW-97083950
REF00005710,ORD0093685,CUST093685,TXN00093685,1131.47,NOT_INITIATED,ORDER_CANCELLED,,,GW-39692388
REF00005711,ORD0093725,CUST093725,TXN00093725,1604.2,NOT_INITIATED,ORDER_CANCELLED,,,GW-66150344
REF00005712,ORD0093736,CUST093736,TXN00093736,486.41,NOT_INITIATED,ORDER_CANCELLED,,,GW-55542678
REF00005713,ORD0093774,CUST093774,TXN00093774,319.02,NOT_INITIATED,RETURN,,,GW-74269449
REF00005714,ORD0093779,CUST093779,TXN00093779,1239.35,NOT_INITIATED,RETURN,,,GW-96561785
REF00005715,ORD0093780,CUST093780,TXN00093780,520.22,NOT_INITIATED,RETURN,,,GW-28940890
REF00005716,ORD0093791,CUST093791,TXN00093791,485.66,NOT_INITIATED,ORDER_CANCELLED,,,GW-17840608
REF00005717,ORD0093844,CUST093844,TXN00093844,1805.17,NOT_INITIATED,RETURN,,,GW-96339257
REF00005718,ORD0093848,CUST093848,TXN00093848,1444.01,NOT_INITIATED,ORDER_CANCELLED,,,GW-99963061
REF00005719,ORD0093858,CUST093858,TXN00093858,558.95,NOT_INITIATED,ORDER_CANCELLED,,,GW-59438744
REF00005720,ORD0093864,CUST093864,TXN00093864,248.33,NOT_INITIATED,RETURN,,,GW-26152631
REF00005721,ORD0093868,CUST093868,TXN00093868,1861.57,NOT_INITIATED,ORDER_CANCELLED,,,GW-76840212
REF00005722,ORD0093882,CUST093882,TXN00093882,122.79,NOT_INITIATED,ORDER_CANCELLED,,,GW-22163859
REF00005723,ORD0093897,CUST093897,TXN00093897,529.98,NOT_INITIATED,ORDER_CANCELLED,,,GW-11532433
REF00005724,ORD0093915,CUST093915,TXN00093915,498.39,NOT_INITIATED,ORDER_CANCELLED,,,GW-57200881
REF00005725,ORD0093921,CUST093921,TXN00093921,203.85,NOT_INITIATED,ORDER_CANCELLED,,,GW-18320994
REF00005726,ORD0093931,CUST093931,TXN00093931,2288.98,NOT_INITIATED,ORDER_CANCELLED,,,GW-59592850
REF00005727,ORD0093951,CUST093951,TXN00093951,552.86,NOT_INITIATED,ORDER_CANCELLED,,,GW-65831861
REF00005728,ORD0093957,CUST093957,TXN00093957,292.07,NOT_INITIATED,RETURN,,,GW-99382951
REF00005729,ORD0093976,CUST093976,TXN00093976,1529.07,NOT_INITIATED,ORDER_CANCELLED,,,GW-30922379
REF00005730,ORD0093982,CUST093982,TXN00093982,519.29,NOT_INITIATED,RETURN,,,GW-84680344
REF00005731,ORD0093986,CUST093986,TXN00093986,930.42,NOT_INITIATED,ORDER_CANCELLED,,,GW-36267528
REF00005732,ORD0094003,CUST094003,TXN00094003,2102.35,NOT_INITIATED,ORDER_CANCELLED,,,GW-18107437
REF00005733,ORD0094022,CUST094022,TXN00094022,376.64,NOT_INITIATED,ORDER_CANCELLED,,,GW-99996986
REF00005734,ORD0094041,CUST094041,TXN00094041,2312.59,NOT_INITIATED,RETURN,,,GW-44193031
REF00005735,ORD0094069,CUST094069,TXN00094069,160.59,NOT_INITIATED,ORDER_CANCELLED,,,GW-73467498
REF00005736,ORD0094076,CUST094076,TXN00094076,721.98,NOT_INITIATED,ORDER_CANCELLED,,,GW-37168009
REF00005737,ORD0094125,CUST094125,TXN00094125,649.17,NOT_INITIATED,ORDER_CANCELLED,,,GW-73114032
REF00005738,ORD0094137,CUST094137,TXN00094137,391.68,NOT_INITIATED,ORDER_CANCELLED,,,GW-94768241
REF00005739,ORD0094148,CUST094148,TXN00094148,3054.9,NOT_INITIATED,RETURN,,,GW-41363733
REF00005740,ORD0094193,CUST094193,TXN00094193,711.43,NOT_INITIATED,RETURN,,,GW-72855719
REF00005741,ORD0094198,CUST094198,TXN00094198,840.87,NOT_INITIATED,ORDER_CANCELLED,,,GW-17203750
REF00005742,ORD0094200,CUST094200,TXN00094200,429.85,NOT_INITIATED,RETURN,,,GW-89975664
REF00005743,ORD0094209,CUST094209,TXN00094209,1055.43,NOT_INITIATED,ORDER_CANCELLED,,,GW-41819784
REF00005744,ORD0094227,CUST094227,TXN00094227,1351.92,NOT_INITIATED,ORDER_CANCELLED,,,GW-17010237
REF00005745,ORD0094239,CUST094239,TXN00094239,308.37,NOT_INITIATED,RETURN,,,GW-80810257
REF00005746,ORD0094253,CUST094253,TXN00094253,1144.06,NOT_INITIATED,RETURN,,,GW-43565360
REF00005747,ORD0094263,CUST094263,TXN00094263,2817.95,NOT_INITIATED,ORDER_CANCELLED,,,GW-74788084
REF00005748,ORD0094269,CUST094269,TXN00094269,284.93,NOT_INITIATED,RETURN,,,GW-95540891
REF00005749,ORD0094354,CUST094354,TXN00094354,1645.5,NOT_INITIATED,RETURN,,,GW-42922948
REF00005750,ORD0094359,CUST094359,TXN00094359,397.21,NOT_INITIATED,ORDER_CANCELLED,,,GW-93964089
REF00005751,ORD0094370,CUST094370,TXN00094370,647.15,NOT_INITIATED,RETURN,,,GW-58610848
REF00005752,ORD0094383,CUST094383,TXN00094383,861.69,NOT_INITIATED,ORDER_CANCELLED,,,GW-54635295
REF00005753,ORD0094409,CUST094409,TXN00094409,531.37,NOT_INITIATED,RETURN,,,GW-65908108
REF00005754,ORD0094416,CUST094416,TXN00094416,1272.94,NOT_INITIATED,ORDER_CANCELLED,,,GW-48039014
REF00005755,ORD0094423,CUST094423,TXN00094423,457.92,NOT_INITIATED,RETURN,,,GW-69726855
REF00005756,ORD0094441,CUST094441,TXN00094441,1067.8,NOT_INITIATED,ORDER_CANCELLED,,,GW-62623944
REF00005757,ORD0094443,CUST094443,TXN00094443,771.94,NOT_INITIATED,RETURN,,,GW-94191140
REF00005758,ORD0094447,CUST094447,TXN00094447,984.94,NOT_INITIATED,ORDER_CANCELLED,,,GW-44731118
REF00005759,ORD0094458,CUST094458,TXN00094458,370.17,NOT_INITIATED,ORDER_CANCELLED,,,GW-75919275
REF00005760,ORD0094498,CUST094498,TXN00094498,1428.18,NOT_INITIATED,ORDER_CANCELLED,,,GW-89981916
REF00005761,ORD0094523,CUST094523,TXN00094523,1685.76,NOT_INITIATED,ORDER_CANCELLED,,,GW-48672747
REF00005762,ORD0094528,CUST094528,TXN00094528,692.11,NOT_INITIATED,RETURN,,,GW-65028653
REF00005763,ORD0094555,CUST094555,TXN00094555,785.6,NOT_INITIATED,RETURN,,,GW-32912069
REF00005764,ORD0094574,CUST094574,TXN00094574,955.28,NOT_INITIATED,ORDER_CANCELLED,,,GW-40305870
REF00005765,ORD0094590,CUST094590,TXN00094590,374.55,NOT_INITIATED,ORDER_CANCELLED,,,GW-99117578
REF00005766,ORD0094601,CUST094601,TXN00094601,206.0,NOT_INITIATED,RETURN,,,GW-66828435
REF00005767,ORD0094605,CUST094605,TXN00094605,443.29,NOT_INITIATED,RETURN,,,GW-40958420
REF00005768,ORD0094628,CUST094628,TXN00094628,211.11,NOT_INITIATED,ORDER_CANCELLED,,,GW-45908461
REF00005769,ORD0094636,CUST094636,TXN00094636,860.34,NOT_INITIATED,RETURN,,,GW-35840792
REF00005770,ORD0094639,CUST094639,TXN00094639,822.77,NOT_INITIATED,RETURN,,,GW-13617097
REF00005771,ORD0094655,CUST094655,TXN00094655,1007.34,NOT_INITIATED,RETURN,,,GW-90897275
REF00005772,ORD0094676,CUST094676,TXN00094676,1018.06,NOT_INITIATED,ORDER_CANCELLED,,,GW-33186476
REF00005773,ORD0094682,CUST094682,TXN00094682,21.55,NOT_INITIATED,RETURN,,,GW-65584512
REF00005774,ORD0094712,CUST094712,TXN00094712,307.37,NOT_INITIATED,ORDER_CANCELLED,,,GW-22233909
REF00005775,ORD0094726,CUST094726,TXN00094726,1418.46,NOT_INITIATED,RETURN,,,GW-39059330
REF00005776,ORD0094727,CUST094727,TXN00094727,594.13,NOT_INITIATED,RETURN,,,GW-32293498
REF00005777,ORD0094728,CUST094728,TXN00094728,304.7,NOT_INITIATED,RETURN,,,GW-95850284
REF00005778,ORD0094751,CUST094751,TXN00094751,1182.88,NOT_INITIATED,RETURN,,,GW-20445381
REF00005779,ORD0094806,CUST094806,TXN00094806,1036.0,NOT_INITIATED,ORDER_CANCELLED,,,GW-17739119
REF00005780,ORD0094810,CUST094810,TXN00094810,2248.43,NOT_INITIATED,RETURN,,,GW-85722035
REF00005781,ORD0094946,CUST094946,TXN00094946,281.7,NOT_INITIATED,RETURN,,,GW-99927078
REF00005782,ORD0094954,CUST094954,TXN00094954,2180.01,NOT_INITIATED,ORDER_CANCELLED,,,GW-34534558
REF00005783,ORD0094967,CUST094967,TXN00094967,942.22,NOT_INITIATED,RETURN,,,GW-95535776
REF00005784,ORD0095001,CUST095001,TXN00095001,602.32,NOT_INITIATED,RETURN,,,GW-17537556
REF00005785,ORD0095014,CUST095014,TXN00095014,395.19,NOT_INITIATED,RETURN,,,GW-61755301
REF00005786,ORD0095025,CUST095025,TXN00095025,2219.13,NOT_INITIATED,ORDER_CANCELLED,,,GW-14348748
REF00005787,ORD0095044,CUST095044,TXN00095044,547.75,NOT_INITIATED,RETURN,,,GW-81229762
REF00005788,ORD0095066,CUST095066,TXN00095066,361.34,NOT_INITIATED,ORDER_CANCELLED,,,GW-24910326
REF00005789,ORD0095073,CUST095073,TXN00095073,349.29,NOT_INITIATED,ORDER_CANCELLED,,,GW-34040499
REF00005790,ORD0095079,CUST095079,TXN00095079,1018.5,NOT_INITIATED,RETURN,,,GW-61075192
REF00005791,ORD0095080,CUST095080,TXN00095080,546.19,NOT_INITIATED,ORDER_CANCELLED,,,GW-44585903
REF00005792,ORD0095098,CUST095098,TXN00095098,1469.83,NOT_INITIATED,RETURN,,,GW-85317309
REF00005793,ORD0095128,CUST095128,TXN00095128,129.42,NOT_INITIATED,ORDER_CANCELLED,,,GW-78595586
REF00005794,ORD0095141,CUST095141,TXN00095141,127.3,NOT_INITIATED,ORDER_CANCELLED,,,GW-94854451
REF00005795,ORD0095142,CUST095142,TXN00095142,2399.26,NOT_INITIATED,ORDER_CANCELLED,,,GW-63117567
REF00005796,ORD0095146,CUST095146,TXN00095146,2240.63,NOT_INITIATED,RETURN,,,GW-88259277
REF00005797,ORD0095165,CUST095165,TXN00095165,181.18,NOT_INITIATED,RETURN,,,GW-15181254
REF00005798,ORD0095167,CUST095167,TXN00095167,84.87,NOT_INITIATED,ORDER_CANCELLED,,,GW-81846388
REF00005799,ORD0095170,CUST095170,TXN00095170,968.48,NOT_INITIATED,ORDER_CANCELLED,,,GW-93163498
REF00005800,ORD0095173,CUST095173,TXN00095173,329.55,NOT_INITIATED,RETURN,,,GW-17805749
REF00005801,ORD0095176,CUST095176,TXN00095176,471.16,NOT_INITIATED,RETURN,,,GW-58047032
REF00005802,ORD0095184,CUST095184,TXN00095184,255.62,NOT_INITIATED,ORDER_CANCELLED,,,GW-72876242
REF00005803,ORD0095197,CUST095197,TXN00095197,807.27,NOT_INITIATED,RETURN,,,GW-89249718
REF00005804,ORD0095219,CUST095219,TXN00095219,69.04,NOT_INITIATED,ORDER_CANCELLED,,,GW-69159716
REF00005805,ORD0095247,CUST095247,TXN00095247,1095.49,NOT_INITIATED,RETURN,,,GW-94909750
REF00005806,ORD0095248,CUST095248,TXN00095248,353.67,NOT_INITIATED,RETURN,,,GW-44388766
REF00005807,ORD0095257,CUST095257,TXN00095257,1600.69,NOT_INITIATED,ORDER_CANCELLED,,,GW-29937874
REF00005808,ORD0095260,CUST095260,TXN00095260,919.6,NOT_INITIATED,ORDER_CANCELLED,,,GW-35941583
REF00005809,ORD0095293,CUST095293,TXN00095293,810.21,NOT_INITIATED,RETURN,,,GW-81935180
REF00005810,ORD0095324,CUST095324,TXN00095324,416.73,NOT_INITIATED,ORDER_CANCELLED,,,GW-24365982
REF00005811,ORD0095397,CUST095397,TXN00095397,387.57,NOT_INITIATED,ORDER_CANCELLED,,,GW-28787436
REF00005812,ORD0095399,CUST095399,TXN00095399,462.65,NOT_INITIATED,RETURN,,,GW-57935017
REF00005813,ORD0095402,CUST095402,TXN00095402,651.07,NOT_INITIATED,RETURN,,,GW-31749538
REF00005814,ORD0095433,CUST095433,TXN00095433,661.92,NOT_INITIATED,RETURN,,,GW-92446418
REF00005815,ORD0095453,CUST095453,TXN00095453,1387.18,NOT_INITIATED,ORDER_CANCELLED,,,GW-32150847
REF00005816,ORD0095455,CUST095455,TXN00095455,446.6,NOT_INITIATED,ORDER_CANCELLED,,,GW-38660383
REF00005817,ORD0095465,CUST095465,TXN00095465,339.5,NOT_INITIATED,RETURN,,,GW-47495883
REF00005818,ORD0095466,CUST095466,TXN00095466,2565.05,NOT_INITIATED,RETURN,,,GW-52220759
REF00005819,ORD0095500,CUST095500,TXN00095500,1159.47,NOT_INITIATED,ORDER_CANCELLED,,,GW-87957036
REF00005820,ORD0095512,CUST095512,TXN00095512,181.76,NOT_INITIATED,RETURN,,,GW-17215157
REF00005821,ORD0095514,CUST095514,TXN00095514,475.6,NOT_INITIATED,RETURN,,,GW-76043181
REF00005822,ORD0095521,CUST095521,TXN00095521,1435.02,NOT_INITIATED,ORDER_CANCELLED,,,GW-72240237
REF00005823,ORD0095532,CUST095532,TXN00095532,3352.18,NOT_INITIATED,ORDER_CANCELLED,,,GW-80256374
REF00005824,ORD0095537,CUST095537,TXN00095537,473.29,NOT_INITIATED,RETURN,,,GW-99367202
REF00005825,ORD0095555,CUST095555,TXN00095555,91.46,NOT_INITIATED,RETURN,,,GW-95433128
REF00005826,ORD0095579,CUST095579,TXN00095579,36.49,NOT_INITIATED,RETURN,,,GW-63329631
REF00005827,ORD0095597,CUST095597,TXN00095597,842.64,NOT_INITIATED,RETURN,,,GW-82024327
REF00005828,ORD0095607,CUST095607,TXN00095607,946.83,NOT_INITIATED,RETURN,,,GW-78850963
REF00005829,ORD0095614,CUST095614,TXN00095614,882.4,NOT_INITIATED,ORDER_CANCELLED,,,GW-67701309
REF00005830,ORD0095637,CUST095637,TXN00095637,455.88,NOT_INITIATED,ORDER_CANCELLED,,,GW-64978185
REF00005831,ORD0095645,CUST095645,TXN00095645,640.32,NOT_INITIATED,ORDER_CANCELLED,,,GW-42082456
REF00005832,ORD0095652,CUST095652,TXN00095652,1065.4,NOT_INITIATED,RETURN,,,GW-88192704
REF00005833,ORD0095700,CUST095700,TXN00095700,2605.3,NOT_INITIATED,ORDER_CANCELLED,,,GW-46254907
REF00005834,ORD0095717,CUST095717,TXN00095717,846.33,NOT_INITIATED,RETURN,,,GW-70700294
REF00005835,ORD0095744,CUST095744,TXN00095744,565.46,NOT_INITIATED,RETURN,,,GW-79684263
REF00005836,ORD0095764,CUST095764,TXN00095764,384.81,NOT_INITIATED,RETURN,,,GW-70002330
REF00005837,ORD0095768,CUST095768,TXN00095768,114.91,NOT_INITIATED,RETURN,,,GW-92755492
REF00005838,ORD0095769,CUST095769,TXN00095769,379.48,NOT_INITIATED,RETURN,,,GW-68391577
REF00005839,ORD0095773,CUST095773,TXN00095773,46.65,NOT_INITIATED,RETURN,,,GW-54776049
REF00005840,ORD0095785,CUST095785,TXN00095785,1483.26,NOT_INITIATED,ORDER_CANCELLED,,,GW-54763574
REF00005841,ORD0095859,CUST095859,TXN00095859,698.91,NOT_INITIATED,RETURN,,,GW-86988186
REF00005842,ORD0095874,CUST095874,TXN00095874,1679.27,NOT_INITIATED,ORDER_CANCELLED,,,GW-27809454
REF00005843,ORD0095909,CUST095909,TXN00095909,746.74,NOT_INITIATED,RETURN,,,GW-70980716
REF00005844,ORD0095915,CUST095915,TXN00095915,476.68,NOT_INITIATED,RETURN,,,GW-17607042
REF00005845,ORD0095918,CUST095918,TXN00095918,2094.77,NOT_INITIATED,ORDER_CANCELLED,,,GW-52431175
REF00005846,ORD0095949,CUST095949,TXN00095949,2499.61,NOT_INITIATED,RETURN,,,GW-93059316
REF00005847,ORD0095959,CUST095959,TXN00095959,1404.61,NOT_INITIATED,ORDER_CANCELLED,,,GW-97282602
REF00005848,ORD0096036,CUST096036,TXN00096036,69.59,NOT_INITIATED,RETURN,,,GW-70504377
REF00005849,ORD0096057,CUST096057,TXN00096057,323.56,NOT_INITIATED,RETURN,,,GW-25204795
REF00005850,ORD0096071,CUST096071,TXN00096071,516.22,NOT_INITIATED,ORDER_CANCELLED,,,GW-93432122
REF00005851,ORD0096077,CUST096077,TXN00096077,278.03,NOT_INITIATED,RETURN,,,GW-77895567
REF00005852,ORD0096103,CUST096103,TXN00096103,260.35,NOT_INITIATED,ORDER_CANCELLED,,,GW-45321890
REF00005853,ORD0096113,CUST096113,TXN00096113,1537.73,NOT_INITIATED,RETURN,,,GW-98469432
REF00005854,ORD0096115,CUST096115,TXN00096115,30.33,NOT_INITIATED,RETURN,,,GW-15167613
REF00005855,ORD0096123,CUST096123,TXN00096123,38.48,NOT_INITIATED,RETURN,,,GW-60824067
REF00005856,ORD0096138,CUST096138,TXN00096138,71.77,NOT_INITIATED,ORDER_CANCELLED,,,GW-90919869
REF00005857,ORD0096150,CUST096150,TXN00096150,104.62,NOT_INITIATED,ORDER_CANCELLED,,,GW-27525967
REF00005858,ORD0096182,CUST096182,TXN00096182,2811.46,NOT_INITIATED,RETURN,,,GW-84536650
REF00005859,ORD0096197,CUST096197,TXN00096197,2475.98,NOT_INITIATED,RETURN,,,GW-86844429
REF00005860,ORD0096200,CUST096200,TXN00096200,2332.45,NOT_INITIATED,RETURN,,,GW-50386203
REF00005861,ORD0096201,CUST096201,TXN00096201,478.97,NOT_INITIATED,ORDER_CANCELLED,,,GW-29372192
REF00005862,ORD0096207,CUST096207,TXN00096207,36.25,NOT_INITIATED,ORDER_CANCELLED,,,GW-32104114
REF00005863,ORD0096220,CUST096220,TXN00096220,810.48,NOT_INITIATED,RETURN,,,GW-38243645
REF00005864,ORD0096224,CUST096224,TXN00096224,1426.03,NOT_INITIATED,RETURN,,,GW-25715757
REF00005865,ORD0096241,CUST096241,TXN00096241,2132.83,NOT_INITIATED,ORDER_CANCELLED,,,GW-59501713
REF00005866,ORD0096242,CUST096242,TXN00096242,569.86,NOT_INITIATED,RETURN,,,GW-22450694
REF00005867,ORD0096244,CUST096244,TXN00096244,506.84,NOT_INITIATED,ORDER_CANCELLED,,,GW-36965318
REF00005868,ORD0096263,CUST096263,TXN00096263,2435.46,NOT_INITIATED,ORDER_CANCELLED,,,GW-81529962
REF00005869,ORD0096330,CUST096330,TXN00096330,854.19,NOT_INITIATED,RETURN,,,GW-53920018
REF00005870,ORD0096336,CUST096336,TXN00096336,1431.91,NOT_INITIATED,RETURN,,,GW-12430445
REF00005871,ORD0096343,CUST096343,TXN00096343,560.07,NOT_INITIATED,ORDER_CANCELLED,,,GW-63246874
REF00005872,ORD0096359,CUST096359,TXN00096359,352.68,NOT_INITIATED,RETURN,,,GW-29535316
REF00005873,ORD0096381,CUST096381,TXN00096381,815.96,NOT_INITIATED,ORDER_CANCELLED,,,GW-54661111
REF00005874,ORD0096410,CUST096410,TXN00096410,962.4,NOT_INITIATED,ORDER_CANCELLED,,,GW-82664724
REF00005875,ORD0096436,CUST096436,TXN00096436,1693.96,NOT_INITIATED,RETURN,,,GW-56120218
REF00005876,ORD0096447,CUST096447,TXN00096447,1098.2,NOT_INITIATED,ORDER_CANCELLED,,,GW-70879255
REF00005877,ORD0096456,CUST096456,TXN00096456,2767.91,NOT_INITIATED,RETURN,,,GW-81549692
REF00005878,ORD0096486,CUST096486,TXN00096486,1755.68,NOT_INITIATED,RETURN,,,GW-56639493
REF00005879,ORD0096505,CUST096505,TXN00096505,1805.89,NOT_INITIATED,ORDER_CANCELLED,,,GW-24730498
REF00005880,ORD0096506,CUST096506,TXN00096506,2457.31,NOT_INITIATED,RETURN,,,GW-62816414
REF00005881,ORD0096510,CUST096510,TXN00096510,419.92,NOT_INITIATED,ORDER_CANCELLED,,,GW-30138145
REF00005882,ORD0096513,CUST096513,TXN00096513,196.62,NOT_INITIATED,ORDER_CANCELLED,,,GW-90493608
REF00005883,ORD0096520,CUST096520,TXN00096520,767.85,NOT_INITIATED,ORDER_CANCELLED,,,GW-37324804
REF00005884,ORD0096523,CUST096523,TXN00096523,1242.2,NOT_INITIATED,RETURN,,,GW-88613683
REF00005885,ORD0096574,CUST096574,TXN00096574,1834.17,NOT_INITIATED,ORDER_CANCELLED,,,GW-21935453
REF00005886,ORD0096623,CUST096623,TXN00096623,1883.18,NOT_INITIATED,ORDER_CANCELLED,,,GW-84263272
REF00005887,ORD0096626,CUST096626,TXN00096626,49.11,NOT_INITIATED,ORDER_CANCELLED,,,GW-90788346
REF00005888,ORD0096629,CUST096629,TXN00096629,282.35,NOT_INITIATED,RETURN,,,GW-54160949
REF00005889,ORD0096651,CUST096651,TXN00096651,968.86,NOT_INITIATED,RETURN,,,GW-47513073
REF00005890,ORD0096678,CUST096678,TXN00096678,1630.99,NOT_INITIATED,RETURN,,,GW-16644803
REF00005891,ORD0096695,CUST096695,TXN00096695,2331.8,NOT_INITIATED,RETURN,,,GW-51150293
REF00005892,ORD0096735,CUST096735,TXN00096735,1125.75,NOT_INITIATED,ORDER_CANCELLED,,,GW-52568291
REF00005893,ORD0096740,CUST096740,TXN00096740,899.34,NOT_INITIATED,ORDER_CANCELLED,,,GW-46832752
REF00005894,ORD0096756,CUST096756,TXN00096756,118.21,NOT_INITIATED,ORDER_CANCELLED,,,GW-60008889
REF00005895,ORD0096794,CUST096794,TXN00096794,976.38,NOT_INITIATED,ORDER_CANCELLED,,,GW-15016274
REF00005896,ORD0096822,CUST096822,TXN00096822,465.33,NOT_INITIATED,ORDER_CANCELLED,,,GW-29682184
REF00005897,ORD0096858,CUST096858,TXN00096858,1953.87,NOT_INITIATED,RETURN,,,GW-94658866
REF00005898,ORD0096886,CUST096886,TXN00096886,1475.08,NOT_INITIATED,RETURN,,,GW-48267485
REF00005899,ORD0096910,CUST096910,TXN00096910,443.04,NOT_INITIATED,ORDER_CANCELLED,,,GW-81553299
REF00005900,ORD0096927,CUST096927,TXN00096927,3385.69,NOT_INITIATED,RETURN,,,GW-87441039
REF00005901,ORD0096928,CUST096928,TXN00096928,1764.09,NOT_INITIATED,ORDER_CANCELLED,,,GW-53009064
REF00005902,ORD0096954,CUST096954,TXN00096954,2372.29,NOT_INITIATED,ORDER_CANCELLED,,,GW-39881290
REF00005903,ORD0096968,CUST096968,TXN00096968,462.46,NOT_INITIATED,ORDER_CANCELLED,,,GW-62582530
REF00005904,ORD0096974,CUST096974,TXN00096974,211.65,NOT_INITIATED,ORDER_CANCELLED,,,GW-83611887
REF00005905,ORD0097025,CUST097025,TXN00097025,2042.88,NOT_INITIATED,RETURN,,,GW-26357961
REF00005906,ORD0097033,CUST097033,TXN00097033,1621.48,NOT_INITIATED,ORDER_CANCELLED,,,GW-26534147
REF00005907,ORD0097036,CUST097036,TXN00097036,587.3,NOT_INITIATED,ORDER_CANCELLED,,,GW-69981797
REF00005908,ORD0097052,CUST097052,TXN00097052,444.48,NOT_INITIATED,RETURN,,,GW-65672547
REF00005909,ORD0097058,CUST097058,TXN00097058,29.02,NOT_INITIATED,RETURN,,,GW-43436885
REF00005910,ORD0097081,CUST097081,TXN00097081,1707.78,NOT_INITIATED,ORDER_CANCELLED,,,GW-97673487
REF00005911,ORD0097086,CUST097086,TXN00097086,372.51,NOT_INITIATED,ORDER_CANCELLED,,,GW-11068552
REF00005912,ORD0097098,CUST097098,TXN00097098,1301.75,NOT_INITIATED,RETURN,,,GW-60349475
REF00005913,ORD0097111,CUST097111,TXN00097111,1016.21,NOT_INITIATED,RETURN,,,GW-37561196
REF00005914,ORD0097112,CUST097112,TXN00097112,92.19,NOT_INITIATED,ORDER_CANCELLED,,,GW-47239299
REF00005915,ORD0097116,CUST097116,TXN00097116,2281.38,NOT_INITIATED,ORDER_CANCELLED,,,GW-25695051
REF00005916,ORD0097140,CUST097140,TXN00097140,1658.45,NOT_INITIATED,RETURN,,,GW-76240633
REF00005917,ORD0097157,CUST097157,TXN00097157,204.57,NOT_INITIATED,RETURN,,,GW-36552379
REF00005918,ORD0097188,CUST097188,TXN00097188,292.23,NOT_INITIATED,ORDER_CANCELLED,,,GW-78680877
REF00005919,ORD0097244,CUST097244,TXN00097244,1293.04,NOT_INITIATED,RETURN,,,GW-67121218
REF00005920,ORD0097262,CUST097262,TXN00097262,288.03,NOT_INITIATED,ORDER_CANCELLED,,,GW-99564762
REF00005921,ORD0097274,CUST097274,TXN00097274,2074.62,NOT_INITIATED,RETURN,,,GW-51057975
REF00005922,ORD0097298,CUST097298,TXN00097298,1623.41,NOT_INITIATED,ORDER_CANCELLED,,,GW-46981031
REF00005923,ORD0097300,CUST097300,TXN00097300,1449.89,NOT_INITIATED,ORDER_CANCELLED,,,GW-37702235
REF00005924,ORD0097325,CUST097325,TXN00097325,713.99,NOT_INITIATED,ORDER_CANCELLED,,,GW-22307219
REF00005925,ORD0097337,CUST097337,TXN00097337,259.27,NOT_INITIATED,ORDER_CANCELLED,,,GW-96963075
REF00005926,ORD0097348,CUST097348,TXN00097348,102.6,NOT_INITIATED,ORDER_CANCELLED,,,GW-88716077
REF00005927,ORD0097356,CUST097356,TXN00097356,996.09,NOT_INITIATED,RETURN,,,GW-88054465
REF00005928,ORD0097375,CUST097375,TXN00097375,557.65,NOT_INITIATED,RETURN,,,GW-21214028
REF00005929,ORD0097400,CUST097400,TXN00097400,279.75,NOT_INITIATED,RETURN,,,GW-46514463
REF00005930,ORD0097405,CUST097405,TXN00097405,2515.81,NOT_INITIATED,ORDER_CANCELLED,,,GW-56797195
REF00005931,ORD0097421,CUST097421,TXN00097421,1095.1,NOT_INITIATED,RETURN,,,GW-49206462
REF00005932,ORD0097436,CUST097436,TXN00097436,1938.48,NOT_INITIATED,ORDER_CANCELLED,,,GW-99451873
REF00005933,ORD0097446,CUST097446,TXN00097446,240.64,NOT_INITIATED,RETURN,,,GW-15980678
REF00005934,ORD0097472,CUST097472,TXN00097472,1091.79,NOT_INITIATED,RETURN,,,GW-34793085
REF00005935,ORD0097474,CUST097474,TXN00097474,617.62,NOT_INITIATED,RETURN,,,GW-29886737
REF00005936,ORD0097509,CUST097509,TXN00097509,1698.59,NOT_INITIATED,RETURN,,,GW-56361045
REF00005937,ORD0097516,CUST097516,TXN00097516,2040.54,NOT_INITIATED,ORDER_CANCELLED,,,GW-87436925
REF00005938,ORD0097554,CUST097554,TXN00097554,1716.15,NOT_INITIATED,RETURN,,,GW-27457345
REF00005939,ORD0097583,CUST097583,TXN00097583,1108.39,NOT_INITIATED,ORDER_CANCELLED,,,GW-81926309
REF00005940,ORD0097597,CUST097597,TXN00097597,1070.99,NOT_INITIATED,ORDER_CANCELLED,,,GW-61416327
REF00005941,ORD0097633,CUST097633,TXN00097633,676.56,NOT_INITIATED,RETURN,,,GW-78582009
REF00005942,ORD0097651,CUST097651,TXN00097651,1514.18,NOT_INITIATED,ORDER_CANCELLED,,,GW-23832485
REF00005943,ORD0097674,CUST097674,TXN00097674,2490.42,NOT_INITIATED,RETURN,,,GW-83605634
REF00005944,ORD0097679,CUST097679,TXN00097679,714.51,NOT_INITIATED,ORDER_CANCELLED,,,GW-16263792
REF00005945,ORD0097716,CUST097716,TXN00097716,1247.44,NOT_INITIATED,ORDER_CANCELLED,,,GW-14859369
REF00005946,ORD0097729,CUST097729,TXN00097729,151.15,NOT_INITIATED,RETURN,,,GW-73623261
REF00005947,ORD0097732,CUST097732,TXN00097732,1040.69,NOT_INITIATED,ORDER_CANCELLED,,,GW-66161901
REF00005948,ORD0097733,CUST097733,TXN00097733,1900.34,NOT_INITIATED,ORDER_CANCELLED,,,GW-45608878
REF00005949,ORD0097751,CUST097751,TXN00097751,580.73,NOT_INITIATED,RETURN,,,GW-72103870
REF00005950,ORD0097793,CUST097793,TXN00097793,927.2,NOT_INITIATED,ORDER_CANCELLED,,,GW-16845681
REF00005951,ORD0097795,CUST097795,TXN00097795,169.1,NOT_INITIATED,ORDER_CANCELLED,,,GW-73496611
REF00005952,ORD0097803,CUST097803,TXN00097803,989.8,NOT_INITIATED,RETURN,,,GW-82184890
REF00005953,ORD0097814,CUST097814,TXN00097814,991.57,NOT_INITIATED,RETURN,,,GW-81608811
REF00005954,ORD0097843,CUST097843,TXN00097843,1974.94,NOT_INITIATED,RETURN,,,GW-87744591
REF00005955,ORD0097866,CUST097866,TXN00097866,330.82,NOT_INITIATED,RETURN,,,GW-79822011
REF00005956,ORD0097903,CUST097903,TXN00097903,1676.03,NOT_INITIATED,ORDER_CANCELLED,,,GW-42960312
REF00005957,ORD0097925,CUST097925,TXN00097925,1552.72,NOT_INITIATED,RETURN,,,GW-50471894
REF00005958,ORD0097941,CUST097941,TXN00097941,839.11,NOT_INITIATED,ORDER_CANCELLED,,,GW-74648945
REF00005959,ORD0097969,CUST097969,TXN00097969,1391.3,NOT_INITIATED,ORDER_CANCELLED,,,GW-66978083
REF00005960,ORD0097975,CUST097975,TXN00097975,1572.95,NOT_INITIATED,ORDER_CANCELLED,,,GW-60619423
REF00005961,ORD0097999,CUST097999,TXN00097999,458.02,NOT_INITIATED,ORDER_CANCELLED,,,GW-70617071
REF00005962,ORD0098008,CUST098008,TXN00098008,51.44,NOT_INITIATED,ORDER_CANCELLED,,,GW-77731995
REF00005963,ORD0098033,CUST098033,TXN00098033,1054.08,NOT_INITIATED,RETURN,,,GW-24899564
REF00005964,ORD0098042,CUST098042,TXN00098042,230.88,NOT_INITIATED,ORDER_CANCELLED,,,GW-11605462
REF00005965,ORD0098052,CUST098052,TXN00098052,1579.4,NOT_INITIATED,RETURN,,,GW-29939519
REF00005966,ORD0098082,CUST098082,TXN00098082,125.46,NOT_INITIATED,RETURN,,,GW-53668475
REF00005967,ORD0098089,CUST098089,TXN00098089,2893.82,NOT_INITIATED,ORDER_CANCELLED,,,GW-18134637
REF00005968,ORD0098090,CUST098090,TXN00098090,484.35,NOT_INITIATED,ORDER_CANCELLED,,,GW-92424005
REF00005969,ORD0098091,CUST098091,TXN00098091,658.23,NOT_INITIATED,RETURN,,,GW-18052032
REF00005970,ORD0098116,CUST098116,TXN00098116,2288.12,NOT_INITIATED,RETURN,,,GW-64261737
REF00005971,ORD0098155,CUST098155,TXN00098155,2046.59,NOT_INITIATED,RETURN,,,GW-67967537
REF00005972,ORD0098156,CUST098156,TXN00098156,78.18,NOT_INITIATED,RETURN,,,GW-61916513
REF00005973,ORD0098161,CUST098161,TXN00098161,373.92,NOT_INITIATED,RETURN,,,GW-99806498
REF00005974,ORD0098180,CUST098180,TXN00098180,228.84,NOT_INITIATED,ORDER_CANCELLED,,,GW-98366553
REF00005975,ORD0098201,CUST098201,TXN00098201,1167.91,NOT_INITIATED,RETURN,,,GW-34549630
REF00005976,ORD0098213,CUST098213,TXN00098213,2387.04,NOT_INITIATED,RETURN,,,GW-24996117
REF00005977,ORD0098262,CUST098262,TXN00098262,2457.23,NOT_INITIATED,RETURN,,,GW-23644731
REF00005978,ORD0098272,CUST098272,TXN00098272,1436.16,NOT_INITIATED,RETURN,,,GW-18057144
REF00005979,ORD0098344,CUST098344,TXN00098344,290.33,NOT_INITIATED,ORDER_CANCELLED,,,GW-35312206
REF00005980,ORD0098360,CUST098360,TXN00098360,1475.76,NOT_INITIATED,RETURN,,,GW-83132100
REF00005981,ORD0098383,CUST098383,TXN00098383,1657.91,NOT_INITIATED,RETURN,,,GW-35700302
REF00005982,ORD0098386,CUST098386,TXN00098386,399.51,NOT_INITIATED,ORDER_CANCELLED,,,GW-45669657
REF00005983,ORD0098390,CUST098390,TXN00098390,71.15,NOT_INITIATED,RETURN,,,GW-76431177
REF00005984,ORD0098395,CUST098395,TXN00098395,1333.0,NOT_INITIATED,ORDER_CANCELLED,,,GW-73903677
REF00005985,ORD0098396,CUST098396,TXN00098396,664.95,NOT_INITIATED,RETURN,,,GW-71233810
REF00005986,ORD0098434,CUST098434,TXN00098434,655.71,NOT_INITIATED,ORDER_CANCELLED,,,GW-42702908
REF00005987,ORD0098454,CUST098454,TXN00098454,354.86,NOT_INITIATED,ORDER_CANCELLED,,,GW-62454181
REF00005988,ORD0098464,CUST098464,TXN00098464,1105.43,NOT_INITIATED,RETURN,,,GW-91726530
REF00005989,ORD0098465,CUST098465,TXN00098465,1805.56,NOT_INITIATED,ORDER_CANCELLED,,,GW-74480740
REF00005990,ORD0098467,CUST098467,TXN00098467,1585.28,NOT_INITIATED,ORDER_CANCELLED,,,GW-55943783
REF00005991,ORD0098472,CUST098472,TXN00098472,501.15,NOT_INITIATED,ORDER_CANCELLED,,,GW-79904342
REF00005992,ORD0098490,CUST098490,TXN00098490,349.03,NOT_INITIATED,RETURN,,,GW-15086973
REF00005993,ORD0098539,CUST098539,TXN00098539,403.9,NOT_INITIATED,RETURN,,,GW-98789857
REF00005994,ORD0098578,CUST098578,TXN00098578,2288.57,NOT_INITIATED,RETURN,,,GW-83448962
REF00005995,ORD0098601,CUST098601,TXN00098601,1673.56,NOT_INITIATED,RETURN,,,GW-54959480
REF00005996,ORD0098610,CUST098610,TXN00098610,450.64,NOT_INITIATED,ORDER_CANCELLED,,,GW-91833828
REF00005997,ORD0098615,CUST098615,TXN00098615,631.72,NOT_INITIATED,RETURN,,,GW-70072717
REF00005998,ORD0098653,CUST098653,TXN00098653,117.29,NOT_INITIATED,RETURN,,,GW-82082382
REF00005999,ORD0098666,CUST098666,TXN00098666,1763.01,NOT_INITIATED,RETURN,,,GW-55104897
REF00006000,ORD0098689,CUST098689,TXN00098689,321.25,NOT_INITIATED,ORDER_CANCELLED,,,GW-14549959
REF00006001,ORD0098690,CUST098690,TXN00098690,1435.2,NOT_INITIATED,RETURN,,,GW-62381874
REF00006002,ORD0098699,CUST098699,TXN00098699,696.7,NOT_INITIATED,ORDER_CANCELLED,,,GW-46721894
REF00006003,ORD0098729,CUST098729,TXN00098729,1695.45,NOT_INITIATED,ORDER_CANCELLED,,,GW-26216074
REF00006004,ORD0098732,CUST098732,TXN00098732,399.72,NOT_INITIATED,ORDER_CANCELLED,,,GW-29879853
REF00006005,ORD0098751,CUST098751,TXN00098751,524.39,NOT_INITIATED,RETURN,,,GW-51625236
REF00006006,ORD0098762,CUST098762,TXN00098762,543.82,NOT_INITIATED,ORDER_CANCELLED,,,GW-78196149
REF00006007,ORD0098790,CUST098790,TXN00098790,543.5,NOT_INITIATED,RETURN,,,GW-78234145
REF00006008,ORD0098814,CUST098814,TXN00098814,936.08,NOT_INITIATED,RETURN,,,GW-29650376
REF00006009,ORD0098825,CUST098825,TXN00098825,1114.48,NOT_INITIATED,RETURN,,,GW-35731521
REF00006010,ORD0098845,CUST098845,TXN00098845,2272.12,NOT_INITIATED,ORDER_CANCELLED,,,GW-18071789
REF00006011,ORD0098858,CUST098858,TXN00098858,739.02,NOT_INITIATED,ORDER_CANCELLED,,,GW-30376568
REF00006012,ORD0098892,CUST098892,TXN00098892,536.33,NOT_INITIATED,ORDER_CANCELLED,,,GW-46441787
REF00006013,ORD0098921,CUST098921,TXN00098921,1638.84,NOT_INITIATED,RETURN,,,GW-15453312
REF00006014,ORD0098934,CUST098934,TXN00098934,519.08,NOT_INITIATED,RETURN,,,GW-40766594
REF00006015,ORD0098936,CUST098936,TXN00098936,2014.22,NOT_INITIATED,RETURN,,,GW-99880367
REF00006016,ORD0098965,CUST098965,TXN00098965,539.96,NOT_INITIATED,ORDER_CANCELLED,,,GW-13894365
REF00006017,ORD0098974,CUST098974,TXN00098974,535.52,NOT_INITIATED,RETURN,,,GW-54637227
REF00006018,ORD0098982,CUST098982,TXN00098982,663.15,NOT_INITIATED,RETURN,,,GW-42241916
REF00006019,ORD0098987,CUST098987,TXN00098987,350.09,NOT_INITIATED,ORDER_CANCELLED,,,GW-48221986
REF00006020,ORD0099002,CUST099002,TXN00099002,827.63,NOT_INITIATED,ORDER_CANCELLED,,,GW-41985866
REF00006021,ORD0099012,CUST099012,TXN00099012,1798.9,NOT_INITIATED,RETURN,,,GW-34559799
REF00006022,ORD0099018,CUST099018,TXN00099018,1587.33,NOT_INITIATED,RETURN,,,GW-17871910
REF00006023,ORD0099023,CUST099023,TXN00099023,605.27,NOT_INITIATED,RETURN,,,GW-74881854
REF00006024,ORD0099048,CUST099048,TXN00099048,1813.4,NOT_INITIATED,RETURN,,,GW-85214779
REF00006025,ORD0099065,CUST099065,TXN00099065,725.27,NOT_INITIATED,ORDER_CANCELLED,,,GW-92040612
REF00006026,ORD0099091,CUST099091,TXN00099091,1028.57,NOT_INITIATED,ORDER_CANCELLED,,,GW-38325548
REF00006027,ORD0099128,CUST099128,TXN00099128,161.1,NOT_INITIATED,RETURN,,,GW-54018180
REF00006028,ORD0099131,CUST099131,TXN00099131,155.63,NOT_INITIATED,ORDER_CANCELLED,,,GW-81831127
REF00006029,ORD0099139,CUST099139,TXN00099139,1895.26,NOT_INITIATED,RETURN,,,GW-46653181
REF00006030,ORD0099201,CUST099201,TXN00099201,380.03,NOT_INITIATED,RETURN,,,GW-20312001
REF00006031,ORD0099206,CUST099206,TXN00099206,1306.16,NOT_INITIATED,RETURN,,,GW-17485999
REF00006032,ORD0099219,CUST099219,TXN00099219,645.18,NOT_INITIATED,ORDER_CANCELLED,,,GW-88739373
REF00006033,ORD0099229,CUST099229,TXN00099229,2048.06,NOT_INITIATED,ORDER_CANCELLED,,,GW-87036720
REF00006034,ORD0099249,CUST099249,TXN00099249,1556.73,NOT_INITIATED,ORDER_CANCELLED,,,GW-14744870
REF00006035,ORD0099263,CUST099263,TXN00099263,614.15,NOT_INITIATED,ORDER_CANCELLED,,,GW-26399596
REF00006036,ORD0099266,CUST099266,TXN00099266,579.97,NOT_INITIATED,ORDER_CANCELLED,,,GW-80432105
REF00006037,ORD0099269,CUST099269,TXN00099269,685.84,NOT_INITIATED,RETURN,,,GW-23167095
REF00006038,ORD0099274,CUST099274,TXN00099274,1383.43,NOT_INITIATED,ORDER_CANCELLED,,,GW-58647890
REF00006039,ORD0099285,CUST099285,TXN00099285,375.82,NOT_INITIATED,RETURN,,,GW-46306312
REF00006040,ORD0099314,CUST099314,TXN00099314,701.95,NOT_INITIATED,ORDER_CANCELLED,,,GW-22713176
REF00006041,ORD0099337,CUST099337,TXN00099337,243.59,NOT_INITIATED,ORDER_CANCELLED,,,GW-94396306
REF00006042,ORD0099385,CUST099385,TXN00099385,2942.31,NOT_INITIATED,RETURN,,,GW-40442209
REF00006043,ORD0099423,CUST099423,TXN00099423,169.58,NOT_INITIATED,ORDER_CANCELLED,,,GW-38004206
REF00006044,ORD0099437,CUST099437,TXN00099437,1154.97,NOT_INITIATED,ORDER_CANCELLED,,,GW-43136373
REF00006045,ORD0099446,CUST099446,TXN00099446,1435.01,NOT_INITIATED,ORDER_CANCELLED,,,GW-66678631
REF00006046,ORD0099489,CUST099489,TXN00099489,432.69,NOT_INITIATED,RETURN,,,GW-42570773
REF00006047,ORD0099502,CUST099502,TXN00099502,1053.6,NOT_INITIATED,ORDER_CANCELLED,,,GW-24117824
REF00006048,ORD0099507,CUST099507,TXN00099507,1978.6,NOT_INITIATED,RETURN,,,GW-94133355
REF00006049,ORD0099512,CUST099512,TXN00099512,100.36,NOT_INITIATED,RETURN,,,GW-36245945
REF00006050,ORD0099528,CUST099528,TXN00099528,574.12,NOT_INITIATED,RETURN,,,GW-70357009
REF00006051,ORD0099529,CUST099529,TXN00099529,237.9,NOT_INITIATED,RETURN,,,GW-15012442
REF00006052,ORD0099542,CUST099542,TXN00099542,1690.41,NOT_INITIATED,ORDER_CANCELLED,,,GW-50099484
REF00006053,ORD0099547,CUST099547,TXN00099547,1417.89,NOT_INITIATED,ORDER_CANCELLED,,,GW-89357104
REF00006054,ORD0099553,CUST099553,TXN00099553,1121.55,NOT_INITIATED,ORDER_CANCELLED,,,GW-88568568
REF00006055,ORD0099590,CUST099590,TXN00099590,1188.58,NOT_INITIATED,RETURN,,,GW-19179975
REF00006056,ORD0099603,CUST099603,TXN00099603,79.03,NOT_INITIATED,RETURN,,,GW-40312164
REF00006057,ORD0099608,CUST099608,TXN00099608,359.99,NOT_INITIATED,ORDER_CANCELLED,,,GW-11787332
REF00006058,ORD0099650,CUST099650,TXN00099650,504.31,NOT_INITIATED,RETURN,,,GW-51573172
REF00006059,ORD0099658,CUST099658,TXN00099658,626.07,NOT_INITIATED,RETURN,,,GW-13377847
REF00006060,ORD0099671,CUST099671,TXN00099671,1951.13,NOT_INITIATED,RETURN,,,GW-15637996
REF00006061,ORD0099677,CUST099677,TXN00099677,130.37,NOT_INITIATED,RETURN,,,GW-62565684
REF00006062,ORD0099683,CUST099683,TXN00099683,1649.2,NOT_INITIATED,RETURN,,,GW-43924830
REF00006063,ORD0099685,CUST099685,TXN00099685,1813.75,NOT_INITIATED,RETURN,,,GW-17861092
REF00006064,ORD0099706,CUST099706,TXN00099706,500.92,NOT_INITIATED,RETURN,,,GW-55676036
REF00006065,ORD0099715,CUST099715,TXN00099715,47.39,NOT_INITIATED,RETURN,,,GW-84967390
REF00006066,ORD0099738,CUST099738,TXN00099738,1691.62,NOT_INITIATED,ORDER_CANCELLED,,,GW-49165871
REF00006067,ORD0099756,CUST099756,TXN00099756,712.33,NOT_INITIATED,RETURN,,,GW-71819703
REF00006068,ORD0099762,CUST099762,TXN00099762,855.96,NOT_INITIATED,RETURN,,,GW-73634436
REF00006069,ORD0099763,CUST099763,TXN00099763,54.96,NOT_INITIATED,ORDER_CANCELLED,,,GW-11469403
REF00006070,ORD0099776,CUST099776,TXN00099776,29.04,NOT_INITIATED,ORDER_CANCELLED,,,GW-52364518
REF00006071,ORD0099811,CUST099811,TXN00099811,619.19,NOT_INITIATED,ORDER_CANCELLED,,,GW-88174802
REF00006072,ORD0099815,CUST099815,TXN00099815,328.91,NOT_INITIATED,ORDER_CANCELLED,,,GW-32566447
REF00006073,ORD0099834,CUST099834,TXN00099834,974.95,NOT_INITIATED,RETURN,,,GW-52081237
REF00006074,ORD0099845,CUST099845,TXN00099845,2837.2,NOT_INITIATED,ORDER_CANCELLED,,,GW-31750989
REF00006075,ORD0099856,CUST099856,TXN00099856,404.6,NOT_INITIATED,ORDER_CANCELLED,,,GW-54763154
REF00006076,ORD0099881,CUST099881,TXN00099881,409.53,NOT_INITIATED,ORDER_CANCELLED,,,GW-47803015
REF00006077,ORD0099916,CUST099916,TXN00099916,831.48,NOT_INITIATED,RETURN,,,GW-11749685
REF00006078,ORD0099917,CUST099917,TXN00099917,20.78,NOT_INITIATED,RETURN,,,GW-39153474
REF00006079,ORD0099969,CUST099969,TXN00099969,36.74,NOT_INITIATED,ORDER_CANCELLED,,,GW-45301970
REF00006080,ORD0099987,CUST099987,TXN00099987,2114.0,NOT_INITIATED,RETURN,,,GW-36541405
REF00006081,ORD0099991,CUST099991,TXN00099991,166.55,NOT_INITIATED,RETURN,,,GW-57868110
REF00006082,ORD0099992,CUST099992,TXN00099992,102.29,NOT_INITIATED,ORDER_CANCELLED,,,GW-83610724
REF00006083,ORD0099994,CUST099994,TXN00099994,1539.73,NOT_INITIATED,ORDER_CANCELLED,,,GW-98538658
