ReturnID,OrderID,CustomerID,ReturnStatus,ReturnReason,RequestedDate,ApprovedDate
RET00000001,ORD0000005,CUST000005,APPROVED,Damaged item,2023-02-04,2023-02-04
RET00000002,ORD0000006,CUST000006,PICKUP_SCHEDULED,Damaged item,2022-12-31,2022-12-31
RET00000003,ORD0000019,CUST000019,REQUESTED,Damaged item,2024-08-14,
RET00000004,ORD0000031,CUST000031,APPROVED,Product issue,2020-10-03,2020-10-03
RET00000005,ORD0000032,CUST000032,RECEIVED,Product issue,2023-03-30,2023-03-30
RET00000006,ORD0000033,CUST000033,RECEIVED,Wrong item,2021-04-04,2021-04-04
RET00000007,ORD0000063,CUST000063,COMPLETED,Damaged item,2023-07-21,2023-07-21
RET00000008,ORD0000065,CUST000065,RECEIVED,Product issue,2021-08-23,2021-08-23
RET00000009,ORD0000098,CUST000098,RECEIVED,Damaged item,2020-07-20,2020-07-20
RET00000010,ORD0000132,CUST000132,COMPLETED,Not needed,2023-03-08,2023-03-08
RET00000011,ORD0000149,CUST000149,APPROVED,Missing item,2022-07-18,2022-07-18
RET00000012,ORD0000164,CUST000164,COMPLETED,Damaged item,2024-01-25,2024-01-25
RET00000013,ORD0000176,CUST000176,RECEIVED,Not needed,2022-11-04,2022-11-04
RET00000014,ORD0000183,CUST000183,APPROVED,Missing item,2022-01-12,2022-01-12
RET00000015,ORD0000204,CUST000204,APPROVED,Missing item,2021-11-12,2021-11-12
RET00000016,ORD0000291,CUST000291,RECEIVED,Not needed,2024-06-21,2024-06-21
RET00000017,ORD0000309,CUST000309,RECEIVED,Not needed,2023-10-01,2023-10-01
RET00000018,ORD0000370,CUST000370,COMPLETED,Wrong item,2022-07-02,2022-07-02
RET00000019,ORD0000376,CUST000376,REQUESTED,Wrong item,2024-10-09,
RET00000020,ORD0000383,CUST000383,COMPLETED,Wrong item,2023-07-24,2023-07-24
RET00000021,ORD0000409,CUST000409,COMPLETED,Wrong item,2023-07-24,2023-07-24
RET00000022,ORD0000444,CUST000444,COMPLETED,Product issue,2022-09-19,2022-09-19
RET00000023,ORD0000482,CUST000482,REQUESTED,Not needed,2021-02-11,
RET00000024,ORD0000524,CUST000524,APPROVED,Wrong item,2020-09-20,2020-09-20
RET00000025,ORD0000586,CUST000586,APPROVED,Damaged item,2024-08-06,2024-08-06
RET00000026,ORD0000597,CUST000597,COMPLETED,Not needed,2024-11-08,2024-11-08
RET00000027,ORD0000601,CUST000601,COMPLETED,Damaged item,2023-05-12,2023-05-12
RET00000028,ORD0000637,CUST000637,PICKUP_SCHEDULED,Missing item,2024-02-07,2024-02-07
RET00000029,ORD0000682,CUST000682,PICKUP_SCHEDULED,Product issue,2023-12-14,2023-12-14
RET00000030,ORD0000717,CUST000717,COMPLETED,Wrong item,2023-09-27,2023-09-27
RET00000031,ORD0000725,CUST000725,RECEIVED,Damaged item,2023-06-10,2023-06-10
RET00000032,ORD0000730,CUST000730,PICKUP_SCHEDULED,Not needed,2021-12-18,2021-12-18
RET00000033,ORD0000753,CUST000753,PICKUP_SCHEDULED,Not needed,2024-09-12,2024-09-12
RET00000034,ORD0000775,CUST000775,PICKUP_SCHEDULED,Not needed,2024-03-22,2024-03-22
RET00000035,ORD0000790,CUST000790,COMPLETED,Missing item,2024-07-29,2024-07-29
RET00000036,ORD0000818,CUST000818,RECEIVED,Product issue,2023-05-28,2023-05-28
RET00000037,ORD0000835,CUST000835,REQUESTED,Damaged item,2023-12-03,
RET00000038,ORD0000842,CUST000842,RECEIVED,Wrong item,2024-04-28,2024-04-28
RET00000039,ORD0000959,CUST000959,RECEIVED,Wrong item,2021-11-07,2021-11-07
RET00000040,ORD0000978,CUST000978,PICKUP_SCHEDULED,Missing item,2023-10-03,2023-10-03
RET00000041,ORD0000999,CUST000999,REQUESTED,Damaged item,2023-08-19,
RET00000042,ORD0001000,CUST001000,RECEIVED,Damaged item,2022-07-07,2022-07-07
RET00000043,ORD0001005,CUST001005,RECEIVED,Not needed,2020-03-15,2020-03-15
RET00000044,ORD0001048,CUST001048,APPROVED,Damaged item,2020-05-05,2020-05-05
RET00000045,ORD0001061,CUST001061,RECEIVED,Not needed,2020-12-25,2020-12-25
RET00000046,ORD0001068,CUST001068,COMPLETED,Wrong item,2020-04-02,2020-04-02
RET00000047,ORD0001167,CUST001167,RECEIVED,Wrong item,2020-04-20,2020-04-20
RET00000048,ORD0001198,CUST001198,COMPLETED,Damaged item,2022-04-22,2022-04-22
RET00000049,ORD0001244,CUST001244,RECEIVED,Not needed,2021-06-15,2021-06-15
RET00000050,ORD0001253,CUST001253,COMPLETED,Not needed,2020-05-18,2020-05-18
RET00000051,ORD0001266,CUST001266,PICKUP_SCHEDULED,Missing item,2023-04-06,2023-04-06
RET00000052,ORD0001284,CUST001284,COMPLETED,Wrong item,2021-01-10,2021-01-10
RET00000053,ORD0001352,CUST001352,REQUESTED,Product issue,2020-06-05,
RET00000054,ORD0001371,CUST001371,REQUESTED,Product issue,2022-03-25,
RET00000055,ORD0001379,CUST001379,REQUESTED,Damaged item,2023-07-08,
RET00000056,ORD0001399,CUST001399,COMPLETED,Wrong item,2023-03-03,2023-03-03
RET00000057,ORD0001433,CUST001433,COMPLETED,Damaged item,2022-11-18,2022-11-18
RET00000058,ORD0001444,CUST001444,COMPLETED,Missing item,2023-10-01,2023-10-01
RET00000059,ORD0001486,CUST001486,PICKUP_SCHEDULED,Not needed,2021-12-10,2021-12-10
RET00000060,ORD0001507,CUST001507,COMPLETED,Product issue,2022-12-22,2022-12-22
RET00000061,ORD0001537,CUST001537,COMPLETED,Wrong item,2020-07-12,2020-07-12
RET00000062,ORD0001557,CUST001557,COMPLETED,Wrong item,2020-02-24,2020-02-24
RET00000063,ORD0001603,CUST001603,APPROVED,Not needed,2020-05-26,2020-05-26
RET00000064,ORD0001650,CUST001650,PICKUP_SCHEDULED,Not needed,2021-07-05,2021-07-05
RET00000065,ORD0001655,CUST001655,APPROVED,Missing item,2024-11-16,2024-11-16
RET00000066,ORD0001680,CUST001680,RECEIVED,Damaged item,2023-11-02,2023-11-02
RET00000067,ORD0001725,CUST001725,APPROVED,Product issue,2023-06-04,2023-06-04
RET00000068,ORD0001729,CUST001729,PICKUP_SCHEDULED,Missing item,2021-09-14,2021-09-14
RET00000069,ORD0001740,CUST001740,RECEIVED,Not needed,2024-01-30,2024-01-30
RET00000070,ORD0001792,CUST001792,APPROVED,Not needed,2024-02-17,2024-02-17
RET00000071,ORD0001825,CUST001825,APPROVED,Missing item,2021-12-27,2021-12-27
RET00000072,ORD0001832,CUST001832,RECEIVED,Product issue,2022-09-21,2022-09-21
RET00000073,ORD0001841,CUST001841,RECEIVED,Not needed,2022-09-21,2022-09-21
RET00000074,ORD0001860,CUST001860,REQUESTED,Product issue,2023-11-21,
RET00000075,ORD0001914,CUST001914,REQUESTED,Damaged item,2021-12-05,
RET00000076,ORD0001979,CUST001979,REQUESTED,Product issue,2022-02-19,
RET00000077,ORD0002061,CUST002061,COMPLETED,Product issue,2020-01-07,2020-01-07
RET00000078,ORD0002087,CUST002087,RECEIVED,Missing item,2023-02-10,2023-02-10
RET00000079,ORD0002115,CUST002115,RECEIVED,Damaged item,2022-07-04,2022-07-04
RET00000080,ORD0002125,CUST002125,COMPLETED,Damaged item,2022-06-04,2022-06-04
RET00000081,ORD0002150,CUST002150,COMPLETED,Wrong item,2022-08-04,2022-08-04
RET00000082,ORD0002155,CUST002155,RECEIVED,Not needed,2023-12-24,2023-12-24
RET00000083,ORD0002282,CUST002282,PICKUP_SCHEDULED,Wrong item,2023-08-26,2023-08-26
RET00000084,ORD0002313,CUST002313,APPROVED,Damaged item,2020-01-09,2020-01-09
RET00000085,ORD0002322,CUST002322,COMPLETED,Damaged item,2023-07-11,2023-07-11
RET00000086,ORD0002346,CUST002346,RECEIVED,Not needed,2022-08-28,2022-08-28
RET00000087,ORD0002366,CUST002366,REQUESTED,Not needed,2020-10-14,
RET00000088,ORD0002368,CUST002368,COMPLETED,Wrong item,2024-06-05,2024-06-05
RET00000089,ORD0002380,CUST002380,PICKUP_SCHEDULED,Wrong item,2022-01-24,2022-01-24
RET00000090,ORD0002383,CUST002383,REQUESTED,Product issue,2020-04-02,
RET00000091,ORD0002402,CUST002402,APPROVED,Missing item,2024-05-04,2024-05-04
RET00000092,ORD0002441,CUST002441,RECEIVED,Missing item,2021-06-09,2021-06-09
RET00000093,ORD0002463,CUST002463,REQUESTED,Wrong item,2020-03-06,
RET00000094,ORD0002485,CUST002485,REQUESTED,Damaged item,2023-10-16,
RET00000095,ORD0002574,CUST002574,RECEIVED,Missing item,2020-11-06,2020-11-06
RET00000096,ORD0002590,CUST002590,RECEIVED,Missing item,2022-10-21,2022-10-21
RET00000097,ORD0002614,CUST002614,APPROVED,Wrong item,2022-08-28,2022-08-28
RET00000098,ORD0002646,CUST002646,REQUESTED,Product issue,2024-02-05,
RET00000099,ORD0002671,CUST002671,RECEIVED,Product issue,2023-03-23,2023-03-23
RET00000100,ORD0002708,CUST002708,REQUESTED,Not needed,2022-08-21,
RET00000101,ORD0002732,CUST002732,RECEIVED,Not needed,2023-10-06,2023-10-06
RET00000102,ORD0002755,CUST002755,PICKUP_SCHEDULED,Not needed,2022-06-09,2022-06-09
RET00000103,ORD0002789,CUST002789,APPROVED,Product issue,2024-08-26,2024-08-26
RET00000104,ORD0002840,CUST002840,COMPLETED,Product issue,2023-04-05,2023-04-05
RET00000105,ORD0002845,CUST002845,PICKUP_SCHEDULED,Wrong item,2024-10-30,2024-10-30
RET00000106,ORD0002856,CUST002856,REQUESTED,Missing item,2021-07-14,
RET00000107,ORD0002858,CUST002858,COMPLETED,Not needed,2024-07-23,2024-07-23
RET00000108,ORD0002879,CUST002879,REQUESTED,Not needed,2021-09-05,
RET00000109,ORD0002890,CUST002890,REQUESTED,Not needed,2024-02-09,
RET00000110,ORD0002923,CUST002923,COMPLETED,Damaged item,2023-01-12,2023-01-12
RET00000111,ORD0002937,CUST002937,APPROVED,Wrong item,2024-08-04,2024-08-04
RET00000112,ORD0003022,CUST003022,REQUESTED,Missing item,2023-01-07,
RET00000113,ORD0003040,CUST003040,PICKUP_SCHEDULED,Damaged item,2020-09-10,2020-09-10
RET00000114,ORD0003057,CUST003057,REQUESTED,Product issue,2024-01-26,
RET00000115,ORD0003073,CUST003073,REQUESTED,Missing item,2023-07-07,
RET00000116,ORD0003075,CUST003075,RECEIVED,Wrong item,2024-06-26,2024-06-26
RET00000117,ORD0003083,CUST003083,RECEIVED,Wrong item,2022-03-30,2022-03-30
RET00000118,ORD0003095,CUST003095,APPROVED,Damaged item,2021-04-27,2021-04-27
RET00000119,ORD0003105,CUST003105,APPROVED,Missing item,2021-05-24,2021-05-24
RET00000120,ORD0003136,CUST003136,COMPLETED,Damaged item,2020-11-03,2020-11-03
RET00000121,ORD0003158,CUST003158,COMPLETED,Not needed,2021-09-16,2021-09-16
RET00000122,ORD0003212,CUST003212,RECEIVED,Missing item,2023-06-05,2023-06-05
RET00000123,ORD0003224,CUST003224,RECEIVED,Not needed,2022-02-11,2022-02-11
RET00000124,ORD0003226,CUST003226,PICKUP_SCHEDULED,Wrong item,2023-10-07,2023-10-07
RET00000125,ORD0003280,CUST003280,REQUESTED,Wrong item,2024-08-15,
RET00000126,ORD0003296,CUST003296,COMPLETED,Wrong item,2024-04-16,2024-04-16
RET00000127,ORD0003300,CUST003300,COMPLETED,Missing item,2021-05-11,2021-05-11
RET00000128,ORD0003383,CUST003383,APPROVED,Product issue,2020-04-21,2020-04-21
RET00000129,ORD0003406,CUST003406,COMPLETED,Missing item,2023-05-19,2023-05-19
RET00000130,ORD0003419,CUST003419,PICKUP_SCHEDULED,Damaged item,2024-02-01,2024-02-01
RET00000131,ORD0003515,CUST003515,COMPLETED,Wrong item,2021-12-10,2021-12-10
RET00000132,ORD0003541,CUST003541,APPROVED,Product issue,2021-09-03,2021-09-03
RET00000133,ORD0003570,CUST003570,COMPLETED,Missing item,2024-10-18,2024-10-18
RET00000134,ORD0003607,CUST003607,APPROVED,Not needed,2024-05-23,2024-05-23
RET00000135,ORD0003608,CUST003608,COMPLETED,Not needed,2023-02-28,2023-02-28
RET00000136,ORD0003630,CUST003630,APPROVED,Damaged item,2024-08-14,2024-08-14
RET00000137,ORD0003704,CUST003704,RECEIVED,Product issue,2024-04-26,2024-04-26
RET00000138,ORD0003718,CUST003718,COMPLETED,Missing item,2021-05-18,2021-05-18
RET00000139,ORD0003728,CUST003728,COMPLETED,Product issue,2022-12-31,2022-12-31
RET00000140,ORD0003739,CUST003739,RECEIVED,Not needed,2023-07-15,2023-07-15
RET00000141,ORD0003782,CUST003782,RECEIVED,Damaged item,2023-01-30,2023-01-30
RET00000142,ORD0003886,CUST003886,RECEIVED,Not needed,2023-11-25,2023-11-25
RET00000143,ORD0003915,CUST003915,APPROVED,Missing item,2020-10-07,2020-10-07
RET00000144,ORD0003924,CUST003924,COMPLETED,Not needed,2024-07-03,2024-07-03
RET00000145,ORD0003948,CUST003948,COMPLETED,Not needed,2023-12-31,2023-12-31
RET00000146,ORD0004006,CUST004006,COMPLETED,Product issue,2021-04-24,2021-04-24
RET00000147,ORD0004008,CUST004008,REQUESTED,Not needed,2022-10-28,
RET00000148,ORD0004051,CUST004051,APPROVED,Wrong item,2024-08-15,2024-08-15
RET00000149,ORD0004067,CUST004067,RECEIVED,Wrong item,2022-05-16,2022-05-16
RET00000150,ORD0004164,CUST004164,RECEIVED,Missing item,2023-11-02,2023-11-02
RET00000151,ORD0004180,CUST004180,COMPLETED,Missing item,2023-11-01,2023-11-01
RET00000152,ORD0004304,CUST004304,COMPLETED,Missing item,2021-04-29,2021-04-29
RET00000153,ORD0004318,CUST004318,APPROVED,Wrong item,2020-03-17,2020-03-17
RET00000154,ORD0004332,CUST004332,APPROVED,Missing item,2021-11-04,2021-11-04
RET00000155,ORD0004426,CUST004426,COMPLETED,Not needed,2021-02-02,2021-02-02
RET00000156,ORD0004443,CUST004443,REQUESTED,Missing item,2020-06-11,
RET00000157,ORD0004450,CUST004450,REQUESTED,Wrong item,2022-05-30,
RET00000158,ORD0004512,CUST004512,APPROVED,Not needed,2021-06-30,2021-06-30
RET00000159,ORD0004517,CUST004517,PICKUP_SCHEDULED,Product issue,2023-07-12,2023-07-12
RET00000160,ORD0004716,CUST004716,RECEIVED,Product issue,2020-01-31,2020-01-31
RET00000161,ORD0004720,CUST004720,COMPLETED,Damaged item,2020-11-24,2020-11-24
RET00000162,ORD0004734,CUST004734,COMPLETED,Not needed,2022-11-17,2022-11-17
RET00000163,ORD0004771,CUST004771,APPROVED,Missing item,2020-01-17,2020-01-17
RET00000164,ORD0004781,CUST004781,REQUESTED,Product issue,2023-04-26,
RET00000165,ORD0004784,CUST004784,RECEIVED,Product issue,2020-04-28,2020-04-28
RET00000166,ORD0004797,CUST004797,COMPLETED,Missing item,2020-06-23,2020-06-23
RET00000167,ORD0004801,CUST004801,RECEIVED,Missing item,2023-12-15,2023-12-15
RET00000168,ORD0004855,CUST004855,RECEIVED,Product issue,2022-09-06,2022-09-06
RET00000169,ORD0004976,CUST004976,RECEIVED,Damaged item,2023-10-09,2023-10-09
RET00000170,ORD0004996,CUST004996,RECEIVED,Product issue,2020-07-05,2020-07-05
RET00000171,ORD0005007,CUST005007,RECEIVED,Not needed,2024-06-24,2024-06-24
RET00000172,ORD0005047,CUST005047,COMPLETED,Wrong item,2024-06-17,2024-06-17
RET00000173,ORD0005053,CUST005053,COMPLETED,Not needed,2021-12-18,2021-12-18
RET00000174,ORD0005082,CUST005082,APPROVED,Product issue,2024-05-22,2024-05-22
RET00000175,ORD0005138,CUST005138,RECEIVED,Damaged item,2021-04-15,2021-04-15
RET00000176,ORD0005177,CUST005177,PICKUP_SCHEDULED,Damaged item,2022-05-18,2022-05-18
RET00000177,ORD0005183,CUST005183,PICKUP_SCHEDULED,Damaged item,2023-11-06,2023-11-06
RET00000178,ORD0005201,CUST005201,COMPLETED,Damaged item,2020-02-01,2020-02-01
RET00000179,ORD0005289,CUST005289,COMPLETED,Missing item,2022-06-20,2022-06-20
RET00000180,ORD0005317,CUST005317,PICKUP_SCHEDULED,Wrong item,2022-11-11,2022-11-11
RET00000181,ORD0005382,CUST005382,REQUESTED,Wrong item,2021-07-22,
RET00000182,ORD0005434,CUST005434,RECEIVED,Product issue,2022-03-12,2022-03-12
RET00000183,ORD0005441,CUST005441,COMPLETED,Missing item,2021-04-25,2021-04-25
RET00000184,ORD0005506,CUST005506,COMPLETED,Wrong item,2021-10-05,2021-10-05
RET00000185,ORD0005577,CUST005577,COMPLETED,Damaged item,2023-10-24,2023-10-24
RET00000186,ORD0005612,CUST005612,COMPLETED,Product issue,2020-05-14,2020-05-14
RET00000187,ORD0005617,CUST005617,APPROVED,Missing item,2022-09-14,2022-09-14
RET00000188,ORD0005645,CUST005645,RECEIVED,Damaged item,2020-03-09,2020-03-09
RET00000189,ORD0005646,CUST005646,COMPLETED,Missing item,2023-02-26,2023-02-26
RET00000190,ORD0005654,CUST005654,APPROVED,Product issue,2024-08-15,2024-08-15
RET00000191,ORD0005664,CUST005664,REQUESTED,Missing item,2023-11-13,
RET00000192,ORD0005693,CUST005693,RECEIVED,Product issue,2022-06-13,2022-06-13
RET00000193,ORD0005697,CUST005697,APPROVED,Not needed,2023-06-16,2023-06-16
RET00000194,ORD0005794,CUST005794,REQUESTED,Product issue,2020-07-11,
RET00000195,ORD0005846,CUST005846,RECEIVED,Missing item,2021-06-17,2021-06-17
RET00000196,ORD0005854,CUST005854,REQUESTED,Product issue,2020-04-25,
RET00000197,ORD0005891,CUST005891,RECEIVED,Damaged item,2020-12-13,2020-12-13
RET00000198,ORD0005906,CUST005906,COMPLETED,Missing item,2022-03-17,2022-03-17
RET00000199,ORD0005911,CUST005911,REQUESTED,Damaged item,2023-10-10,
RET00000200,ORD0005953,CUST005953,RECEIVED,Wrong item,2021-01-20,2021-01-20
RET00000201,ORD0005972,CUST005972,APPROVED,Missing item,2022-01-05,2022-01-05
RET00000202,ORD0005981,CUST005981,RECEIVED,Missing item,2020-03-01,2020-03-01
RET00000203,ORD0005988,CUST005988,COMPLETED,Not needed,2024-12-09,2024-12-09
RET00000204,ORD0006002,CUST006002,COMPLETED,Damaged item,2022-04-17,2022-04-17
RET00000205,ORD0006031,CUST006031,RECEIVED,Damaged item,2024-11-25,2024-11-25
RET00000206,ORD0006036,CUST006036,COMPLETED,Wrong item,2023-07-05,2023-07-05
RET00000207,ORD0006059,CUST006059,REQUESTED,Wrong item,2024-08-05,
RET00000208,ORD0006104,CUST006104,COMPLETED,Damaged item,2021-07-26,2021-07-26
RET00000209,ORD0006119,CUST006119,REQUESTED,Wrong item,2022-06-19,
RET00000210,ORD0006136,CUST006136,PICKUP_SCHEDULED,Wrong item,2021-11-24,2021-11-24
RET00000211,ORD0006177,CUST006177,PICKUP_SCHEDULED,Product issue,2023-08-12,2023-08-12
RET00000212,ORD0006181,CUST006181,RECEIVED,Product issue,2020-06-14,2020-06-14
RET00000213,ORD0006204,CUST006204,PICKUP_SCHEDULED,Not needed,2021-10-01,2021-10-01
RET00000214,ORD0006212,CUST006212,RECEIVED,Missing item,2021-06-02,2021-06-02
RET00000215,ORD0006221,CUST006221,PICKUP_SCHEDULED,Damaged item,2023-05-23,2023-05-23
RET00000216,ORD0006229,CUST006229,COMPLETED,Wrong item,2023-06-11,2023-06-11
RET00000217,ORD0006265,CUST006265,APPROVED,Not needed,2022-07-16,2022-07-16
RET00000218,ORD0006283,CUST006283,APPROVED,Wrong item,2021-10-11,2021-10-11
RET00000219,ORD0006310,CUST006310,COMPLETED,Missing item,2020-07-10,2020-07-10
RET00000220,ORD0006320,CUST006320,RECEIVED,Wrong item,2023-03-14,2023-03-14
RET00000221,ORD0006330,CUST006330,RECEIVED,Missing item,2020-07-02,2020-07-02
RET00000222,ORD0006352,CUST006352,REQUESTED,Wrong item,2023-05-26,
RET00000223,ORD0006402,CUST006402,APPROVED,Wrong item,2024-01-14,2024-01-14
RET00000224,ORD0006410,CUST006410,COMPLETED,Missing item,2021-08-30,2021-08-30
RET00000225,ORD0006452,CUST006452,COMPLETED,Wrong item,2020-12-02,2020-12-02
RET00000226,ORD0006475,CUST006475,PICKUP_SCHEDULED,Missing item,2023-07-19,2023-07-19
RET00000227,ORD0006485,CUST006485,COMPLETED,Product issue,2021-08-30,2021-08-30
RET00000228,ORD0006496,CUST006496,COMPLETED,Wrong item,2024-05-09,2024-05-09
RET00000229,ORD0006499,CUST006499,REQUESTED,Missing item,2024-01-30,
RET00000230,ORD0006537,CUST006537,RECEIVED,Missing item,2020-04-16,2020-04-16
RET00000231,ORD0006548,CUST006548,APPROVED,Wrong item,2021-02-19,2021-02-19
RET00000232,ORD0006556,CUST006556,RECEIVED,Damaged item,2020-12-07,2020-12-07
RET00000233,ORD0006573,CUST006573,APPROVED,Product issue,2022-12-22,2022-12-22
RET00000234,ORD0006618,CUST006618,APPROVED,Damaged item,2021-04-16,2021-04-16
RET00000235,ORD0006730,CUST006730,COMPLETED,Missing item,2023-06-14,2023-06-14
RET00000236,ORD0006740,CUST006740,REQUESTED,Not needed,2024-05-13,
RET00000237,ORD0006782,CUST006782,PICKUP_SCHEDULED,Missing item,2021-11-24,2021-11-24
RET00000238,ORD0006809,CUST006809,RECEIVED,Damaged item,2020-03-12,2020-03-12
RET00000239,ORD0006838,CUST006838,REQUESTED,Product issue,2022-02-23,
RET00000240,ORD0006863,CUST006863,RECEIVED,Not needed,2020-05-24,2020-05-24
RET00000241,ORD0006899,CUST006899,PICKUP_SCHEDULED,Wrong item,2024-04-29,2024-04-29
RET00000242,ORD0006903,CUST006903,RECEIVED,Damaged item,2024-03-07,2024-03-07
RET00000243,ORD0006918,CUST006918,APPROVED,Missing item,2021-02-26,2021-02-26
RET00000244,ORD0006930,CUST006930,COMPLETED,Damaged item,2022-10-24,2022-10-24
RET00000245,ORD0006934,CUST006934,COMPLETED,Missing item,2020-10-14,2020-10-14
RET00000246,ORD0006936,CUST006936,RECEIVED,Missing item,2023-03-15,2023-03-15
RET00000247,ORD0006947,CUST006947,COMPLETED,Damaged item,2021-03-22,2021-03-22
RET00000248,ORD0007050,CUST007050,APPROVED,Not needed,2023-10-19,2023-10-19
RET00000249,ORD0007073,CUST007073,COMPLETED,Product issue,2020-05-20,2020-05-20
RET00000250,ORD0007108,CUST007108,REQUESTED,Not needed,2021-09-09,
RET00000251,ORD0007142,CUST007142,REQUESTED,Not needed,2022-10-07,
RET00000252,ORD0007153,CUST007153,RECEIVED,Wrong item,2022-12-09,2022-12-09
RET00000253,ORD0007249,CUST007249,COMPLETED,Damaged item,2022-04-24,2022-04-24
RET00000254,ORD0007259,CUST007259,APPROVED,Wrong item,2024-04-06,2024-04-06
RET00000255,ORD0007265,CUST007265,COMPLETED,Damaged item,2024-04-25,2024-04-25
RET00000256,ORD0007346,CUST007346,APPROVED,Wrong item,2021-12-10,2021-12-10
RET00000257,ORD0007433,CUST007433,COMPLETED,Wrong item,2024-02-07,2024-02-07
RET00000258,ORD0007464,CUST007464,REQUESTED,Not needed,2023-01-05,
RET00000259,ORD0007511,CUST007511,REQUESTED,Product issue,2021-08-23,
RET00000260,ORD0007639,CUST007639,COMPLETED,Product issue,2022-12-25,2022-12-25
RET00000261,ORD0007663,CUST007663,APPROVED,Wrong item,2021-08-29,2021-08-29
RET00000262,ORD0007730,CUST007730,COMPLETED,Wrong item,2020-09-21,2020-09-21
RET00000263,ORD0007774,CUST007774,COMPLETED,Damaged item,2023-09-18,2023-09-18
RET00000264,ORD0007807,CUST007807,COMPLETED,Not needed,2022-07-25,2022-07-25
RET00000265,ORD0007817,CUST007817,COMPLETED,Wrong item,2023-04-28,2023-04-28
RET00000266,ORD0007820,CUST007820,RECEIVED,Wrong item,2024-12-24,2024-12-24
RET00000267,ORD0007867,CUST007867,REQUESTED,Wrong item,2023-02-08,
RET00000268,ORD0007910,CUST007910,RECEIVED,Damaged item,2023-04-06,2023-04-06
RET00000269,ORD0007913,CUST007913,PICKUP_SCHEDULED,Product issue,2024-07-19,2024-07-19
RET00000270,ORD0007955,CUST007955,PICKUP_SCHEDULED,Wrong item,2023-08-19,2023-08-19
RET00000271,ORD0007958,CUST007958,COMPLETED,Missing item,2021-11-12,2021-11-12
RET00000272,ORD0007978,CUST007978,APPROVED,Damaged item,2020-04-10,2020-04-10
RET00000273,ORD0007989,CUST007989,RECEIVED,Missing item,2020-05-13,2020-05-13
RET00000274,ORD0008010,CUST008010,APPROVED,Missing item,2022-11-24,2022-11-24
RET00000275,ORD0008013,CUST008013,RECEIVED,Damaged item,2020-06-01,2020-06-01
RET00000276,ORD0008035,CUST008035,COMPLETED,Damaged item,2023-11-26,2023-11-26
RET00000277,ORD0008078,CUST008078,REQUESTED,Missing item,2021-09-14,
RET00000278,ORD0008090,CUST008090,PICKUP_SCHEDULED,Product issue,2020-03-07,2020-03-07
RET00000279,ORD0008098,CUST008098,APPROVED,Damaged item,2020-09-23,2020-09-23
RET00000280,ORD0008253,CUST008253,REQUESTED,Product issue,2021-04-08,
RET00000281,ORD0008256,CUST008256,APPROVED,Damaged item,2020-06-20,2020-06-20
RET00000282,ORD0008270,CUST008270,COMPLETED,Wrong item,2023-12-26,2023-12-26
RET00000283,ORD0008305,CUST008305,RECEIVED,Product issue,2024-06-02,2024-06-02
RET00000284,ORD0008343,CUST008343,PICKUP_SCHEDULED,Missing item,2024-06-12,2024-06-12
RET00000285,ORD0008353,CUST008353,COMPLETED,Wrong item,2024-02-17,2024-02-17
RET00000286,ORD0008381,CUST008381,COMPLETED,Missing item,2024-10-02,2024-10-02
RET00000287,ORD0008395,CUST008395,COMPLETED,Product issue,2020-09-07,2020-09-07
RET00000288,ORD0008402,CUST008402,PICKUP_SCHEDULED,Missing item,2020-04-06,2020-04-06
RET00000289,ORD0008455,CUST008455,PICKUP_SCHEDULED,Missing item,2024-12-03,2024-12-03
RET00000290,ORD0008530,CUST008530,RECEIVED,Damaged item,2020-06-27,2020-06-27
RET00000291,ORD0008534,CUST008534,COMPLETED,Product issue,2024-03-31,2024-03-31
RET00000292,ORD0008569,CUST008569,COMPLETED,Missing item,2021-04-29,2021-04-29
RET00000293,ORD0008640,CUST008640,APPROVED,Wrong item,2021-10-31,2021-10-31
RET00000294,ORD0008654,CUST008654,RECEIVED,Product issue,2021-07-06,2021-07-06
RET00000295,ORD0008708,CUST008708,REQUESTED,Missing item,2020-04-26,
RET00000296,ORD0008714,CUST008714,RECEIVED,Product issue,2024-10-04,2024-10-04
RET00000297,ORD0008778,CUST008778,COMPLETED,Damaged item,2023-08-24,2023-08-24
RET00000298,ORD0008829,CUST008829,PICKUP_SCHEDULED,Wrong item,2021-12-30,2021-12-30
RET00000299,ORD0008886,CUST008886,APPROVED,Damaged item,2024-12-02,2024-12-02
RET00000300,ORD0008994,CUST008994,RECEIVED,Not needed,2023-08-22,2023-08-22
RET00000301,ORD0008995,CUST008995,APPROVED,Not needed,2021-04-22,2021-04-22
RET00000302,ORD0009035,CUST009035,APPROVED,Damaged item,2020-12-17,2020-12-17
RET00000303,ORD0009064,CUST009064,REQUESTED,Not needed,2020-08-16,
RET00000304,ORD0009126,CUST009126,RECEIVED,Missing item,2022-06-16,2022-06-16
RET00000305,ORD0009148,CUST009148,COMPLETED,Not needed,2021-06-27,2021-06-27
RET00000306,ORD0009165,CUST009165,COMPLETED,Product issue,2022-11-29,2022-11-29
RET00000307,ORD0009184,CUST009184,APPROVED,Missing item,2023-06-14,2023-06-14
RET00000308,ORD0009191,CUST009191,PICKUP_SCHEDULED,Wrong item,2021-09-26,2021-09-26
RET00000309,ORD0009208,CUST009208,REQUESTED,Damaged item,2020-12-18,
RET00000310,ORD0009242,CUST009242,REQUESTED,Not needed,2024-09-02,
RET00000311,ORD0009271,CUST009271,COMPLETED,Wrong item,2024-03-13,2024-03-13
RET00000312,ORD0009361,CUST009361,COMPLETED,Not needed,2023-12-09,2023-12-09
RET00000313,ORD0009382,CUST009382,APPROVED,Not needed,2022-05-17,2022-05-17
RET00000314,ORD0009467,CUST009467,APPROVED,Missing item,2024-04-02,2024-04-02
RET00000315,ORD0009512,CUST009512,PICKUP_SCHEDULED,Not needed,2022-11-06,2022-11-06
RET00000316,ORD0009518,CUST009518,REQUESTED,Damaged item,2021-09-03,
RET00000317,ORD0009521,CUST009521,COMPLETED,Damaged item,2022-04-16,2022-04-16
RET00000318,ORD0009536,CUST009536,APPROVED,Product issue,2020-07-14,2020-07-14
RET00000319,ORD0009558,CUST009558,RECEIVED,Damaged item,2020-09-08,2020-09-08
RET00000320,ORD0009575,CUST009575,APPROVED,Wrong item,2024-03-25,2024-03-25
RET00000321,ORD0009577,CUST009577,COMPLETED,Product issue,2021-01-13,2021-01-13
RET00000322,ORD0009634,CUST009634,REQUESTED,Not needed,2020-08-04,
RET00000323,ORD0009638,CUST009638,COMPLETED,Wrong item,2023-10-06,2023-10-06
RET00000324,ORD0009674,CUST009674,PICKUP_SCHEDULED,Product issue,2023-01-06,2023-01-06
RET00000325,ORD0009703,CUST009703,COMPLETED,Damaged item,2021-12-17,2021-12-17
RET00000326,ORD0009797,CUST009797,COMPLETED,Product issue,2021-01-30,2021-01-30
RET00000327,ORD0009816,CUST009816,REQUESTED,Not needed,2020-02-18,
RET00000328,ORD0009849,CUST009849,APPROVED,Wrong item,2021-11-11,2021-11-11
RET00000329,ORD0009851,CUST009851,RECEIVED,Missing item,2023-10-30,2023-10-30
RET00000330,ORD0009858,CUST009858,APPROVED,Damaged item,2023-04-27,2023-04-27
RET00000331,ORD0009905,CUST009905,RECEIVED,Not needed,2021-08-25,2021-08-25
RET00000332,ORD0009928,CUST009928,APPROVED,Wrong item,2022-08-17,2022-08-17
RET00000333,ORD0009952,CUST009952,RECEIVED,Wrong item,2020-08-05,2020-08-05
RET00000334,ORD0009978,CUST009978,APPROVED,Product issue,2020-05-28,2020-05-28
RET00000335,ORD0010019,CUST010019,REQUESTED,Not needed,2022-06-04,
RET00000336,ORD0010064,CUST010064,COMPLETED,Not needed,2023-12-20,2023-12-20
RET00000337,ORD0010090,CUST010090,PICKUP_SCHEDULED,Product issue,2023-05-17,2023-05-17
RET00000338,ORD0010120,CUST010120,PICKUP_SCHEDULED,Damaged item,2023-07-18,2023-07-18
RET00000339,ORD0010147,CUST010147,RECEIVED,Not needed,2020-06-09,2020-06-09
RET00000340,ORD0010156,CUST010156,COMPLETED,Damaged item,2024-07-10,2024-07-10
RET00000341,ORD0010161,CUST010161,RECEIVED,Product issue,2022-10-21,2022-10-21
RET00000342,ORD0010197,CUST010197,APPROVED,Not needed,2022-11-10,2022-11-10
RET00000343,ORD0010232,CUST010232,PICKUP_SCHEDULED,Product issue,2024-06-05,2024-06-05
RET00000344,ORD0010246,CUST010246,PICKUP_SCHEDULED,Missing item,2023-01-02,2023-01-02
RET00000345,ORD0010254,CUST010254,COMPLETED,Not needed,2020-04-09,2020-04-09
RET00000346,ORD0010306,CUST010306,PICKUP_SCHEDULED,Not needed,2022-07-15,2022-07-15
RET00000347,ORD0010408,CUST010408,REQUESTED,Not needed,2020-10-07,
RET00000348,ORD0010457,CUST010457,APPROVED,Missing item,2023-03-13,2023-03-13
RET00000349,ORD0010465,CUST010465,PICKUP_SCHEDULED,Wrong item,2023-10-24,2023-10-24
RET00000350,ORD0010466,CUST010466,COMPLETED,Damaged item,2021-10-07,2021-10-07
RET00000351,ORD0010534,CUST010534,COMPLETED,Missing item,2020-04-30,2020-04-30
RET00000352,ORD0010545,CUST010545,PICKUP_SCHEDULED,Not needed,2020-11-28,2020-11-28
RET00000353,ORD0010559,CUST010559,COMPLETED,Damaged item,2020-01-29,2020-01-29
RET00000354,ORD0010615,CUST010615,APPROVED,Damaged item,2024-11-14,2024-11-14
RET00000355,ORD0010668,CUST010668,APPROVED,Wrong item,2024-07-14,2024-07-14
RET00000356,ORD0010687,CUST010687,APPROVED,Not needed,2020-09-17,2020-09-17
RET00000357,ORD0010693,CUST010693,APPROVED,Damaged item,2021-01-21,2021-01-21
RET00000358,ORD0010763,CUST010763,REQUESTED,Product issue,2021-02-04,
RET00000359,ORD0010824,CUST010824,APPROVED,Missing item,2024-12-13,2024-12-13
RET00000360,ORD0010838,CUST010838,REQUESTED,Missing item,2020-04-12,
RET00000361,ORD0010917,CUST010917,RECEIVED,Product issue,2021-01-22,2021-01-22
RET00000362,ORD0010935,CUST010935,APPROVED,Missing item,2021-03-14,2021-03-14
RET00000363,ORD0010959,CUST010959,COMPLETED,Damaged item,2023-01-14,2023-01-14
RET00000364,ORD0010967,CUST010967,APPROVED,Product issue,2022-12-28,2022-12-28
RET00000365,ORD0011006,CUST011006,REQUESTED,Missing item,2022-10-02,
RET00000366,ORD0011026,CUST011026,COMPLETED,Damaged item,2021-07-09,2021-07-09
RET00000367,ORD0011090,CUST011090,COMPLETED,Product issue,2022-05-25,2022-05-25
RET00000368,ORD0011113,CUST011113,RECEIVED,Product issue,2022-11-30,2022-11-30
RET00000369,ORD0011134,CUST011134,COMPLETED,Damaged item,2020-10-10,2020-10-10
RET00000370,ORD0011153,CUST011153,RECEIVED,Product issue,2022-02-01,2022-02-01
RET00000371,ORD0011168,CUST011168,APPROVED,Not needed,2024-11-16,2024-11-16
RET00000372,ORD0011169,CUST011169,RECEIVED,Product issue,2021-03-19,2021-03-19
RET00000373,ORD0011202,CUST011202,COMPLETED,Product issue,2024-11-12,2024-11-12
RET00000374,ORD0011247,CUST011247,COMPLETED,Damaged item,2020-04-24,2020-04-24
RET00000375,ORD0011256,CUST011256,REQUESTED,Wrong item,2024-03-25,
RET00000376,ORD0011299,CUST011299,COMPLETED,Wrong item,2024-10-26,2024-10-26
RET00000377,ORD0011316,CUST011316,COMPLETED,Missing item,2021-04-01,2021-04-01
RET00000378,ORD0011375,CUST011375,APPROVED,Missing item,2021-08-20,2021-08-20
RET00000379,ORD0011385,CUST011385,RECEIVED,Wrong item,2023-06-15,2023-06-15
RET00000380,ORD0011392,CUST011392,COMPLETED,Not needed,2023-10-17,2023-10-17
RET00000381,ORD0011404,CUST011404,APPROVED,Not needed,2024-04-03,2024-04-03
RET00000382,ORD0011416,CUST011416,COMPLETED,Not needed,2021-05-17,2021-05-17
RET00000383,ORD0011424,CUST011424,COMPLETED,Damaged item,2021-02-05,2021-02-05
RET00000384,ORD0011433,CUST011433,RECEIVED,Product issue,2020-08-13,2020-08-13
RET00000385,ORD0011441,CUST011441,COMPLETED,Wrong item,2020-04-05,2020-04-05
RET00000386,ORD0011533,CUST011533,COMPLETED,Damaged item,2021-08-16,2021-08-16
RET00000387,ORD0011572,CUST011572,REQUESTED,Damaged item,2022-08-24,
RET00000388,ORD0011612,CUST011612,REQUESTED,Damaged item,2022-03-15,
RET00000389,ORD0011654,CUST011654,COMPLETED,Missing item,2022-10-30,2022-10-30
RET00000390,ORD0011655,CUST011655,RECEIVED,Wrong item,2020-04-01,2020-04-01
RET00000391,ORD0011776,CUST011776,COMPLETED,Product issue,2024-06-11,2024-06-11
RET00000392,ORD0011798,CUST011798,RECEIVED,Wrong item,2022-10-06,2022-10-06
RET00000393,ORD0011802,CUST011802,COMPLETED,Not needed,2023-08-08,2023-08-08
RET00000394,ORD0011805,CUST011805,RECEIVED,Product issue,2024-12-29,2024-12-29
RET00000395,ORD0011854,CUST011854,PICKUP_SCHEDULED,Not needed,2022-12-24,2022-12-24
RET00000396,ORD0011870,CUST011870,COMPLETED,Not needed,2024-07-22,2024-07-22
RET00000397,ORD0011911,CUST011911,APPROVED,Product issue,2021-12-16,2021-12-16
RET00000398,ORD0011920,CUST011920,COMPLETED,Product issue,2021-01-19,2021-01-19
RET00000399,ORD0011937,CUST011937,RECEIVED,Wrong item,2024-05-03,2024-05-03
RET00000400,ORD0011963,CUST011963,COMPLETED,Missing item,2021-03-28,2021-03-28
RET00000401,ORD0011974,CUST011974,PICKUP_SCHEDULED,Missing item,2021-12-30,2021-12-30
RET00000402,ORD0012046,CUST012046,REQUESTED,Wrong item,2020-06-12,
RET00000403,ORD0012064,CUST012064,COMPLETED,Not needed,2021-03-01,2021-03-01
RET00000404,ORD0012074,CUST012074,PICKUP_SCHEDULED,Damaged item,2022-12-24,2022-12-24
RET00000405,ORD0012113,CUST012113,COMPLETED,Product issue,2023-09-05,2023-09-05
RET00000406,ORD0012115,CUST012115,COMPLETED,Product issue,2024-06-04,2024-06-04
RET00000407,ORD0012159,CUST012159,PICKUP_SCHEDULED,Wrong item,2021-03-07,2021-03-07
RET00000408,ORD0012191,CUST012191,COMPLETED,Wrong item,2023-09-11,2023-09-11
RET00000409,ORD0012192,CUST012192,PICKUP_SCHEDULED,Wrong item,2021-12-08,2021-12-08
RET00000410,ORD0012209,CUST012209,REQUESTED,Missing item,2021-07-21,
RET00000411,ORD0012213,CUST012213,COMPLETED,Product issue,2020-06-07,2020-06-07
RET00000412,ORD0012259,CUST012259,REQUESTED,Wrong item,2021-04-08,
RET00000413,ORD0012306,CUST012306,COMPLETED,Product issue,2021-10-09,2021-10-09
RET00000414,ORD0012331,CUST012331,RECEIVED,Missing item,2024-06-25,2024-06-25
RET00000415,ORD0012345,CUST012345,COMPLETED,Wrong item,2021-07-31,2021-07-31
RET00000416,ORD0012357,CUST012357,REQUESTED,Damaged item,2023-03-12,
RET00000417,ORD0012374,CUST012374,COMPLETED,Wrong item,2020-09-20,2020-09-20
RET00000418,ORD0012431,CUST012431,REQUESTED,Damaged item,2020-03-13,
RET00000419,ORD0012474,CUST012474,APPROVED,Damaged item,2020-04-20,2020-04-20
RET00000420,ORD0012516,CUST012516,APPROVED,Wrong item,2024-07-21,2024-07-21
RET00000421,ORD0012532,CUST012532,PICKUP_SCHEDULED,Product issue,2020-09-24,2020-09-24
RET00000422,ORD0012537,CUST012537,APPROVED,Missing item,2024-10-02,2024-10-02
RET00000423,ORD0012547,CUST012547,RECEIVED,Not needed,2022-11-03,2022-11-03
RET00000424,ORD0012575,CUST012575,COMPLETED,Wrong item,2021-04-08,2021-04-08
RET00000425,ORD0012625,CUST012625,COMPLETED,Product issue,2022-08-13,2022-08-13
RET00000426,ORD0012860,CUST012860,COMPLETED,Not needed,2020-11-22,2020-11-22
RET00000427,ORD0012880,CUST012880,REQUESTED,Missing item,2020-09-30,
RET00000428,ORD0012986,CUST012986,REQUESTED,Not needed,2023-09-13,
RET00000429,ORD0013011,CUST013011,COMPLETED,Not needed,2021-02-23,2021-02-23
RET00000430,ORD0013034,CUST013034,PICKUP_SCHEDULED,Wrong item,2023-03-17,2023-03-17
RET00000431,ORD0013054,CUST013054,COMPLETED,Damaged item,2024-06-17,2024-06-17
RET00000432,ORD0013069,CUST013069,PICKUP_SCHEDULED,Wrong item,2024-10-28,2024-10-28
RET00000433,ORD0013120,CUST013120,COMPLETED,Wrong item,2023-12-22,2023-12-22
RET00000434,ORD0013126,CUST013126,APPROVED,Not needed,2023-04-04,2023-04-04
RET00000435,ORD0013191,CUST013191,APPROVED,Not needed,2021-07-19,2021-07-19
RET00000436,ORD0013214,CUST013214,RECEIVED,Product issue,2023-04-09,2023-04-09
RET00000437,ORD0013226,CUST013226,COMPLETED,Wrong item,2024-07-09,2024-07-09
RET00000438,ORD0013276,CUST013276,RECEIVED,Damaged item,2023-02-19,2023-02-19
RET00000439,ORD0013331,CUST013331,PICKUP_SCHEDULED,Product issue,2024-07-02,2024-07-02
RET00000440,ORD0013354,CUST013354,APPROVED,Not needed,2024-07-18,2024-07-18
RET00000441,ORD0013450,CUST013450,PICKUP_SCHEDULED,Wrong item,2020-12-15,2020-12-15
RET00000442,ORD0013476,CUST013476,PICKUP_SCHEDULED,Missing item,2022-11-20,2022-11-20
RET00000443,ORD0013482,CUST013482,COMPLETED,Wrong item,2024-05-11,2024-05-11
RET00000444,ORD0013505,CUST013505,COMPLETED,Wrong item,2021-05-10,2021-05-10
RET00000445,ORD0013535,CUST013535,RECEIVED,Wrong item,2022-11-14,2022-11-14
RET00000446,ORD0013564,CUST013564,COMPLETED,Product issue,2020-05-23,2020-05-23
RET00000447,ORD0013574,CUST013574,COMPLETED,Product issue,2020-06-17,2020-06-17
RET00000448,ORD0013622,CUST013622,RECEIVED,Damaged item,2021-07-14,2021-07-14
RET00000449,ORD0013656,CUST013656,COMPLETED,Not needed,2020-09-22,2020-09-22
RET00000450,ORD0013657,CUST013657,APPROVED,Not needed,2022-06-30,2022-06-30
RET00000451,ORD0013692,CUST013692,REQUESTED,Damaged item,2023-09-16,
RET00000452,ORD0013710,CUST013710,COMPLETED,Missing item,2020-03-30,2020-03-30
RET00000453,ORD0013746,CUST013746,RECEIVED,Wrong item,2023-05-26,2023-05-26
RET00000454,ORD0013756,CUST013756,REQUESTED,Damaged item,2021-03-25,
RET00000455,ORD0013817,CUST013817,COMPLETED,Missing item,2022-12-29,2022-12-29
RET00000456,ORD0013887,CUST013887,RECEIVED,Missing item,2024-01-17,2024-01-17
RET00000457,ORD0014019,CUST014019,RECEIVED,Damaged item,2022-09-01,2022-09-01
RET00000458,ORD0014029,CUST014029,COMPLETED,Missing item,2020-06-14,2020-06-14
RET00000459,ORD0014046,CUST014046,REQUESTED,Missing item,2020-04-10,
RET00000460,ORD0014097,CUST014097,PICKUP_SCHEDULED,Damaged item,2024-02-13,2024-02-13
RET00000461,ORD0014120,CUST014120,PICKUP_SCHEDULED,Product issue,2024-06-02,2024-06-02
RET00000462,ORD0014171,CUST014171,COMPLETED,Wrong item,2024-10-22,2024-10-22
RET00000463,ORD0014181,CUST014181,COMPLETED,Wrong item,2021-10-31,2021-10-31
RET00000464,ORD0014206,CUST014206,COMPLETED,Damaged item,2020-08-08,2020-08-08
RET00000465,ORD0014215,CUST014215,PICKUP_SCHEDULED,Not needed,2020-09-25,2020-09-25
RET00000466,ORD0014258,CUST014258,COMPLETED,Damaged item,2021-05-19,2021-05-19
RET00000467,ORD0014310,CUST014310,COMPLETED,Not needed,2023-07-10,2023-07-10
RET00000468,ORD0014312,CUST014312,APPROVED,Product issue,2021-03-24,2021-03-24
RET00000469,ORD0014328,CUST014328,COMPLETED,Wrong item,2022-06-09,2022-06-09
RET00000470,ORD0014336,CUST014336,PICKUP_SCHEDULED,Damaged item,2023-09-04,2023-09-04
RET00000471,ORD0014350,CUST014350,COMPLETED,Not needed,2020-06-23,2020-06-23
RET00000472,ORD0014382,CUST014382,REQUESTED,Damaged item,2023-07-12,
RET00000473,ORD0014394,CUST014394,PICKUP_SCHEDULED,Not needed,2022-01-27,2022-01-27
RET00000474,ORD0014395,CUST014395,COMPLETED,Damaged item,2023-01-05,2023-01-05
RET00000475,ORD0014411,CUST014411,COMPLETED,Not needed,2024-11-05,2024-11-05
RET00000476,ORD0014627,CUST014627,COMPLETED,Product issue,2020-09-24,2020-09-24
RET00000477,ORD0014647,CUST014647,RECEIVED,Missing item,2021-12-19,2021-12-19
RET00000478,ORD0014648,CUST014648,COMPLETED,Damaged item,2022-05-05,2022-05-05
RET00000479,ORD0014663,CUST014663,APPROVED,Not needed,2021-01-22,2021-01-22
RET00000480,ORD0014669,CUST014669,APPROVED,Damaged item,2023-04-22,2023-04-22
RET00000481,ORD0014706,CUST014706,REQUESTED,Missing item,2020-06-24,
RET00000482,ORD0014708,CUST014708,PICKUP_SCHEDULED,Not needed,2020-07-29,2020-07-29
RET00000483,ORD0014731,CUST014731,APPROVED,Product issue,2020-04-04,2020-04-04
RET00000484,ORD0014750,CUST014750,PICKUP_SCHEDULED,Wrong item,2024-05-15,2024-05-15
RET00000485,ORD0014751,CUST014751,RECEIVED,Missing item,2022-01-31,2022-01-31
RET00000486,ORD0014753,CUST014753,APPROVED,Damaged item,2020-09-11,2020-09-11
RET00000487,ORD0014783,CUST014783,APPROVED,Damaged item,2021-02-18,2021-02-18
RET00000488,ORD0014862,CUST014862,REQUESTED,Wrong item,2024-05-28,
RET00000489,ORD0014973,CUST014973,COMPLETED,Wrong item,2024-09-18,2024-09-18
RET00000490,ORD0014998,CUST014998,REQUESTED,Product issue,2024-07-04,
RET00000491,ORD0015009,CUST015009,COMPLETED,Not needed,2020-09-13,2020-09-13
RET00000492,ORD0015035,CUST015035,REQUESTED,Damaged item,2022-03-03,
RET00000493,ORD0015057,CUST015057,REQUESTED,Product issue,2024-01-20,
RET00000494,ORD0015063,CUST015063,COMPLETED,Missing item,2020-03-28,2020-03-28
RET00000495,ORD0015094,CUST015094,COMPLETED,Wrong item,2024-09-23,2024-09-23
RET00000496,ORD0015130,CUST015130,RECEIVED,Damaged item,2021-04-21,2021-04-21
RET00000497,ORD0015191,CUST015191,COMPLETED,Damaged item,2022-08-26,2022-08-26
RET00000498,ORD0015221,CUST015221,COMPLETED,Missing item,2023-06-09,2023-06-09
RET00000499,ORD0015222,CUST015222,COMPLETED,Missing item,2022-10-27,2022-10-27
RET00000500,ORD0015274,CUST015274,RECEIVED,Not needed,2020-08-29,2020-08-29
RET00000501,ORD0015299,CUST015299,PICKUP_SCHEDULED,Wrong item,2020-01-15,2020-01-15
RET00000502,ORD0015328,CUST015328,COMPLETED,Product issue,2024-02-24,2024-02-24
RET00000503,ORD0015366,CUST015366,APPROVED,Not needed,2020-04-05,2020-04-05
RET00000504,ORD0015405,CUST015405,COMPLETED,Not needed,2024-09-30,2024-09-30
RET00000505,ORD0015428,CUST015428,APPROVED,Missing item,2022-11-24,2022-11-24
RET00000506,ORD0015429,CUST015429,RECEIVED,Damaged item,2024-01-30,2024-01-30
RET00000507,ORD0015483,CUST015483,APPROVED,Wrong item,2024-09-01,2024-09-01
RET00000508,ORD0015487,CUST015487,COMPLETED,Wrong item,2023-02-27,2023-02-27
RET00000509,ORD0015499,CUST015499,COMPLETED,Not needed,2023-09-17,2023-09-17
RET00000510,ORD0015574,CUST015574,RECEIVED,Not needed,2021-06-03,2021-06-03
RET00000511,ORD0015588,CUST015588,RECEIVED,Product issue,2022-04-11,2022-04-11
RET00000512,ORD0015620,CUST015620,COMPLETED,Damaged item,2022-06-07,2022-06-07
RET00000513,ORD0015664,CUST015664,COMPLETED,Not needed,2021-09-09,2021-09-09
RET00000514,ORD0015678,CUST015678,APPROVED,Damaged item,2020-06-28,2020-06-28
RET00000515,ORD0015687,CUST015687,REQUESTED,Wrong item,2020-02-27,
RET00000516,ORD0015691,CUST015691,COMPLETED,Missing item,2023-06-09,2023-06-09
RET00000517,ORD0015718,CUST015718,PICKUP_SCHEDULED,Missing item,2022-05-28,2022-05-28
RET00000518,ORD0015778,CUST015778,REQUESTED,Wrong item,2022-11-26,
RET00000519,ORD0015855,CUST015855,APPROVED,Missing item,2021-12-03,2021-12-03
RET00000520,ORD0015861,CUST015861,COMPLETED,Product issue,2023-08-27,2023-08-27
RET00000521,ORD0015873,CUST015873,REQUESTED,Not needed,2023-08-01,
RET00000522,ORD0015874,CUST015874,COMPLETED,Missing item,2021-10-09,2021-10-09
RET00000523,ORD0015940,CUST015940,COMPLETED,Not needed,2024-01-02,2024-01-02
RET00000524,ORD0015975,CUST015975,PICKUP_SCHEDULED,Product issue,2024-06-30,2024-06-30
RET00000525,ORD0015991,CUST015991,REQUESTED,Not needed,2022-02-21,
RET00000526,ORD0015997,CUST015997,REQUESTED,Not needed,2021-05-06,
RET00000527,ORD0016008,CUST016008,APPROVED,Missing item,2021-01-10,2021-01-10
RET00000528,ORD0016011,CUST016011,REQUESTED,Damaged item,2020-01-11,
RET00000529,ORD0016040,CUST016040,APPROVED,Product issue,2021-04-04,2021-04-04
RET00000530,ORD0016068,CUST016068,PICKUP_SCHEDULED,Not needed,2022-05-14,2022-05-14
RET00000531,ORD0016069,CUST016069,RECEIVED,Damaged item,2020-12-15,2020-12-15
RET00000532,ORD0016104,CUST016104,COMPLETED,Missing item,2022-01-18,2022-01-18
RET00000533,ORD0016149,CUST016149,COMPLETED,Wrong item,2021-12-04,2021-12-04
RET00000534,ORD0016152,CUST016152,COMPLETED,Missing item,2020-01-16,2020-01-16
RET00000535,ORD0016199,CUST016199,COMPLETED,Missing item,2020-05-03,2020-05-03
RET00000536,ORD0016203,CUST016203,RECEIVED,Wrong item,2023-11-18,2023-11-18
RET00000537,ORD0016300,CUST016300,RECEIVED,Wrong item,2022-05-22,2022-05-22
RET00000538,ORD0016446,CUST016446,REQUESTED,Not needed,2023-07-03,
RET00000539,ORD0016451,CUST016451,APPROVED,Missing item,2023-07-06,2023-07-06
RET00000540,ORD0016465,CUST016465,APPROVED,Not needed,2023-11-04,2023-11-04
RET00000541,ORD0016554,CUST016554,RECEIVED,Missing item,2024-01-25,2024-01-25
RET00000542,ORD0016568,CUST016568,APPROVED,Product issue,2024-01-27,2024-01-27
RET00000543,ORD0016649,CUST016649,REQUESTED,Product issue,2022-06-16,
RET00000544,ORD0016657,CUST016657,COMPLETED,Wrong item,2023-03-06,2023-03-06
RET00000545,ORD0016704,CUST016704,PICKUP_SCHEDULED,Not needed,2020-04-15,2020-04-15
RET00000546,ORD0016743,CUST016743,COMPLETED,Not needed,2021-11-27,2021-11-27
RET00000547,ORD0016765,CUST016765,PICKUP_SCHEDULED,Missing item,2021-04-14,2021-04-14
RET00000548,ORD0016800,CUST016800,REQUESTED,Missing item,2024-08-18,
RET00000549,ORD0016816,CUST016816,APPROVED,Not needed,2022-02-02,2022-02-02
RET00000550,ORD0016819,CUST016819,RECEIVED,Product issue,2020-04-21,2020-04-21
RET00000551,ORD0017006,CUST017006,COMPLETED,Wrong item,2024-01-18,2024-01-18
RET00000552,ORD0017022,CUST017022,RECEIVED,Product issue,2022-12-06,2022-12-06
RET00000553,ORD0017024,CUST017024,COMPLETED,Wrong item,2022-08-20,2022-08-20
RET00000554,ORD0017141,CUST017141,PICKUP_SCHEDULED,Not needed,2022-11-16,2022-11-16
RET00000555,ORD0017171,CUST017171,REQUESTED,Product issue,2022-09-26,
RET00000556,ORD0017218,CUST017218,RECEIVED,Product issue,2022-02-02,2022-02-02
RET00000557,ORD0017228,CUST017228,RECEIVED,Not needed,2023-06-10,2023-06-10
RET00000558,ORD0017250,CUST017250,COMPLETED,Damaged item,2021-02-17,2021-02-17
RET00000559,ORD0017263,CUST017263,APPROVED,Product issue,2022-06-10,2022-06-10
RET00000560,ORD0017315,CUST017315,PICKUP_SCHEDULED,Missing item,2021-09-07,2021-09-07
RET00000561,ORD0017318,CUST017318,COMPLETED,Wrong item,2020-06-26,2020-06-26
RET00000562,ORD0017321,CUST017321,COMPLETED,Not needed,2022-05-02,2022-05-02
RET00000563,ORD0017390,CUST017390,PICKUP_SCHEDULED,Wrong item,2021-03-26,2021-03-26
RET00000564,ORD0017393,CUST017393,APPROVED,Missing item,2021-04-02,2021-04-02
RET00000565,ORD0017427,CUST017427,PICKUP_SCHEDULED,Product issue,2021-09-23,2021-09-23
RET00000566,ORD0017452,CUST017452,REQUESTED,Product issue,2022-08-25,
RET00000567,ORD0017489,CUST017489,COMPLETED,Damaged item,2023-06-11,2023-06-11
RET00000568,ORD0017500,CUST017500,COMPLETED,Wrong item,2024-04-11,2024-04-11
RET00000569,ORD0017546,CUST017546,COMPLETED,Wrong item,2020-12-01,2020-12-01
RET00000570,ORD0017555,CUST017555,RECEIVED,Damaged item,2020-11-11,2020-11-11
RET00000571,ORD0017642,CUST017642,COMPLETED,Wrong item,2021-04-10,2021-04-10
RET00000572,ORD0017668,CUST017668,COMPLETED,Missing item,2024-08-06,2024-08-06
RET00000573,ORD0017669,CUST017669,PICKUP_SCHEDULED,Wrong item,2022-04-09,2022-04-09
RET00000574,ORD0017688,CUST017688,RECEIVED,Not needed,2020-01-15,2020-01-15
RET00000575,ORD0017725,CUST017725,REQUESTED,Missing item,2020-03-20,
RET00000576,ORD0017740,CUST017740,APPROVED,Missing item,2020-02-03,2020-02-03
RET00000577,ORD0017749,CUST017749,REQUESTED,Wrong item,2022-03-04,
RET00000578,ORD0017772,CUST017772,COMPLETED,Not needed,2020-11-12,2020-11-12
RET00000579,ORD0017800,CUST017800,REQUESTED,Damaged item,2022-07-01,
RET00000580,ORD0017809,CUST017809,PICKUP_SCHEDULED,Wrong item,2023-07-03,2023-07-03
RET00000581,ORD0018005,CUST018005,RECEIVED,Damaged item,2021-12-22,2021-12-22
RET00000582,ORD0018029,CUST018029,APPROVED,Product issue,2022-11-04,2022-11-04
RET00000583,ORD0018074,CUST018074,COMPLETED,Missing item,2020-02-15,2020-02-15
RET00000584,ORD0018099,CUST018099,REQUESTED,Not needed,2020-02-22,
RET00000585,ORD0018131,CUST018131,REQUESTED,Not needed,2020-01-25,
RET00000586,ORD0018172,CUST018172,APPROVED,Missing item,2020-06-29,2020-06-29
RET00000587,ORD0018203,CUST018203,REQUESTED,Wrong item,2020-03-02,
RET00000588,ORD0018249,CUST018249,REQUESTED,Wrong item,2020-04-16,
RET00000589,ORD0018251,CUST018251,COMPLETED,Not needed,2021-10-20,2021-10-20
RET00000590,ORD0018261,CUST018261,RECEIVED,Damaged item,2024-03-01,2024-03-01
RET00000591,ORD0018284,CUST018284,RECEIVED,Missing item,2022-09-19,2022-09-19
RET00000592,ORD0018306,CUST018306,RECEIVED,Wrong item,2022-11-17,2022-11-17
RET00000593,ORD0018316,CUST018316,COMPLETED,Not needed,2023-06-17,2023-06-17
RET00000594,ORD0018336,CUST018336,REQUESTED,Not needed,2021-10-07,
RET00000595,ORD0018355,CUST018355,RECEIVED,Missing item,2022-03-02,2022-03-02
RET00000596,ORD0018371,CUST018371,COMPLETED,Product issue,2021-05-06,2021-05-06
RET00000597,ORD0018396,CUST018396,COMPLETED,Damaged item,2020-12-24,2020-12-24
RET00000598,ORD0018407,CUST018407,COMPLETED,Product issue,2022-04-07,2022-04-07
RET00000599,ORD0018440,CUST018440,REQUESTED,Not needed,2020-03-06,
RET00000600,ORD0018442,CUST018442,APPROVED,Damaged item,2020-03-08,2020-03-08
RET00000601,ORD0018510,CUST018510,APPROVED,Wrong item,2021-11-30,2021-11-30
RET00000602,ORD0018516,CUST018516,PICKUP_SCHEDULED,Wrong item,2023-11-26,2023-11-26
RET00000603,ORD0018530,CUST018530,COMPLETED,Not needed,2021-05-18,2021-05-18
RET00000604,ORD0018588,CUST018588,PICKUP_SCHEDULED,Product issue,2024-09-04,2024-09-04
RET00000605,ORD0018604,CUST018604,COMPLETED,Missing item,2023-06-07,2023-06-07
RET00000606,ORD0018611,CUST018611,RECEIVED,Missing item,2024-12-23,2024-12-23
RET00000607,ORD0018616,CUST018616,RECEIVED,Product issue,2021-03-05,2021-03-05
RET00000608,ORD0018623,CUST018623,RECEIVED,Missing item,2023-12-17,2023-12-17
RET00000609,ORD0018646,CUST018646,APPROVED,Wrong item,2024-01-02,2024-01-02
RET00000610,ORD0018654,CUST018654,COMPLETED,Wrong item,2022-08-31,2022-08-31
RET00000611,ORD0018676,CUST018676,PICKUP_SCHEDULED,Wrong item,2021-04-25,2021-04-25
RET00000612,ORD0018681,CUST018681,APPROVED,Missing item,2020-03-09,2020-03-09
RET00000613,ORD0018776,CUST018776,REQUESTED,Missing item,2022-11-10,
RET00000614,ORD0018777,CUST018777,PICKUP_SCHEDULED,Wrong item,2023-03-14,2023-03-14
RET00000615,ORD0018808,CUST018808,REQUESTED,Wrong item,2023-05-27,
RET00000616,ORD0018941,CUST018941,REQUESTED,Missing item,2021-12-22,
RET00000617,ORD0018955,CUST018955,REQUESTED,Product issue,2021-11-24,
RET00000618,ORD0018992,CUST018992,COMPLETED,Missing item,2020-01-24,2020-01-24
RET00000619,ORD0019016,CUST019016,COMPLETED,Wrong item,2024-05-27,2024-05-27
RET00000620,ORD0019039,CUST019039,COMPLETED,Not needed,2020-12-07,2020-12-07
RET00000621,ORD0019047,CUST019047,APPROVED,Damaged item,2020-09-12,2020-09-12
RET00000622,ORD0019194,CUST019194,COMPLETED,Damaged item,2023-10-05,2023-10-05
RET00000623,ORD0019223,CUST019223,REQUESTED,Product issue,2020-06-05,
RET00000624,ORD0019225,CUST019225,APPROVED,Damaged item,2024-05-15,2024-05-15
RET00000625,ORD0019231,CUST019231,PICKUP_SCHEDULED,Damaged item,2024-11-15,2024-11-15
RET00000626,ORD0019239,CUST019239,COMPLETED,Product issue,2024-07-06,2024-07-06
RET00000627,ORD0019306,CUST019306,REQUESTED,Wrong item,2024-11-09,
RET00000628,ORD0019380,CUST019380,COMPLETED,Missing item,2024-02-15,2024-02-15
RET00000629,ORD0019438,CUST019438,APPROVED,Not needed,2024-03-28,2024-03-28
RET00000630,ORD0019445,CUST019445,REQUESTED,Not needed,2023-06-13,
RET00000631,ORD0019484,CUST019484,REQUESTED,Missing item,2023-07-05,
RET00000632,ORD0019515,CUST019515,COMPLETED,Damaged item,2020-06-01,2020-06-01
RET00000633,ORD0019521,CUST019521,RECEIVED,Damaged item,2022-08-12,2022-08-12
RET00000634,ORD0019540,CUST019540,COMPLETED,Not needed,2021-11-28,2021-11-28
RET00000635,ORD0019654,CUST019654,RECEIVED,Wrong item,2024-05-17,2024-05-17
RET00000636,ORD0019678,CUST019678,REQUESTED,Wrong item,2020-04-14,
RET00000637,ORD0019721,CUST019721,COMPLETED,Wrong item,2021-05-17,2021-05-17
RET00000638,ORD0019831,CUST019831,COMPLETED,Wrong item,2020-09-15,2020-09-15
RET00000639,ORD0019869,CUST019869,PICKUP_SCHEDULED,Damaged item,2020-10-25,2020-10-25
RET00000640,ORD0019965,CUST019965,RECEIVED,Product issue,2020-01-31,2020-01-31
RET00000641,ORD0020015,CUST020015,PICKUP_SCHEDULED,Not needed,2021-03-24,2021-03-24
RET00000642,ORD0020027,CUST020027,REQUESTED,Not needed,2021-04-27,
RET00000643,ORD0020045,CUST020045,REQUESTED,Missing item,2024-09-21,
RET00000644,ORD0020061,CUST020061,APPROVED,Damaged item,2020-08-04,2020-08-04
RET00000645,ORD0020106,CUST020106,RECEIVED,Product issue,2022-03-29,2022-03-29
RET00000646,ORD0020137,CUST020137,COMPLETED,Not needed,2024-05-08,2024-05-08
RET00000647,ORD0020153,CUST020153,REQUESTED,Wrong item,2022-09-14,
RET00000648,ORD0020222,CUST020222,APPROVED,Missing item,2024-01-08,2024-01-08
RET00000649,ORD0020248,CUST020248,RECEIVED,Wrong item,2022-02-28,2022-02-28
RET00000650,ORD0020276,CUST020276,APPROVED,Not needed,2022-12-03,2022-12-03
RET00000651,ORD0020370,CUST020370,REQUESTED,Damaged item,2024-06-07,
RET00000652,ORD0020379,CUST020379,PICKUP_SCHEDULED,Product issue,2020-11-14,2020-11-14
RET00000653,ORD0020395,CUST020395,COMPLETED,Not needed,2023-03-21,2023-03-21
RET00000654,ORD0020404,CUST020404,COMPLETED,Wrong item,2024-12-25,2024-12-25
RET00000655,ORD0020419,CUST020419,REQUESTED,Damaged item,2020-03-17,
RET00000656,ORD0020447,CUST020447,COMPLETED,Wrong item,2024-10-06,2024-10-06
RET00000657,ORD0020484,CUST020484,RECEIVED,Wrong item,2023-03-07,2023-03-07
RET00000658,ORD0020494,CUST020494,COMPLETED,Missing item,2023-09-05,2023-09-05
RET00000659,ORD0020530,CUST020530,COMPLETED,Not needed,2021-02-24,2021-02-24
RET00000660,ORD0020602,CUST020602,PICKUP_SCHEDULED,Not needed,2020-12-17,2020-12-17
RET00000661,ORD0020611,CUST020611,RECEIVED,Product issue,2021-06-01,2021-06-01
RET00000662,ORD0020612,CUST020612,RECEIVED,Product issue,2023-07-07,2023-07-07
RET00000663,ORD0020623,CUST020623,COMPLETED,Damaged item,2024-09-05,2024-09-05
RET00000664,ORD0020641,CUST020641,RECEIVED,Product issue,2022-07-19,2022-07-19
RET00000665,ORD0020727,CUST020727,PICKUP_SCHEDULED,Product issue,2021-02-15,2021-02-15
RET00000666,ORD0020843,CUST020843,RECEIVED,Not needed,2022-09-09,2022-09-09
RET00000667,ORD0020844,CUST020844,APPROVED,Wrong item,2022-11-18,2022-11-18
RET00000668,ORD0020858,CUST020858,RECEIVED,Damaged item,2024-06-10,2024-06-10
RET00000669,ORD0020861,CUST020861,RECEIVED,Damaged item,2021-09-01,2021-09-01
RET00000670,ORD0020890,CUST020890,PICKUP_SCHEDULED,Wrong item,2024-02-08,2024-02-08
RET00000671,ORD0020994,CUST020994,RECEIVED,Damaged item,2024-06-15,2024-06-15
RET00000672,ORD0021069,CUST021069,COMPLETED,Wrong item,2021-03-30,2021-03-30
RET00000673,ORD0021104,CUST021104,APPROVED,Damaged item,2021-04-22,2021-04-22
RET00000674,ORD0021175,CUST021175,REQUESTED,Not needed,2024-01-26,
RET00000675,ORD0021211,CUST021211,REQUESTED,Damaged item,2022-09-15,
RET00000676,ORD0021230,CUST021230,RECEIVED,Missing item,2022-05-19,2022-05-19
RET00000677,ORD0021287,CUST021287,COMPLETED,Product issue,2020-04-19,2020-04-19
RET00000678,ORD0021311,CUST021311,APPROVED,Not needed,2023-10-06,2023-10-06
RET00000679,ORD0021362,CUST021362,APPROVED,Product issue,2021-09-21,2021-09-21
RET00000680,ORD0021399,CUST021399,RECEIVED,Wrong item,2020-02-17,2020-02-17
RET00000681,ORD0021461,CUST021461,REQUESTED,Product issue,2022-02-09,
RET00000682,ORD0021465,CUST021465,RECEIVED,Damaged item,2022-05-28,2022-05-28
RET00000683,ORD0021478,CUST021478,RECEIVED,Product issue,2022-09-22,2022-09-22
RET00000684,ORD0021647,CUST021647,APPROVED,Missing item,2020-07-12,2020-07-12
RET00000685,ORD0021651,CUST021651,REQUESTED,Damaged item,2020-12-07,
RET00000686,ORD0021700,CUST021700,RECEIVED,Not needed,2023-09-28,2023-09-28
RET00000687,ORD0021723,CUST021723,REQUESTED,Product issue,2024-11-05,
RET00000688,ORD0021741,CUST021741,RECEIVED,Missing item,2021-09-19,2021-09-19
RET00000689,ORD0021753,CUST021753,COMPLETED,Damaged item,2020-05-01,2020-05-01
RET00000690,ORD0021815,CUST021815,REQUESTED,Missing item,2021-09-06,
RET00000691,ORD0021833,CUST021833,REQUESTED,Missing item,2023-06-04,
RET00000692,ORD0021879,CUST021879,COMPLETED,Product issue,2023-04-23,2023-04-23
RET00000693,ORD0021888,CUST021888,REQUESTED,Wrong item,2024-03-12,
RET00000694,ORD0021901,CUST021901,PICKUP_SCHEDULED,Not needed,2021-03-28,2021-03-28
RET00000695,ORD0021926,CUST021926,PICKUP_SCHEDULED,Not needed,2021-02-03,2021-02-03
RET00000696,ORD0022011,CUST022011,COMPLETED,Not needed,2021-09-08,2021-09-08
RET00000697,ORD0022115,CUST022115,COMPLETED,Wrong item,2020-01-24,2020-01-24
RET00000698,ORD0022125,CUST022125,REQUESTED,Not needed,2021-09-29,
RET00000699,ORD0022161,CUST022161,APPROVED,Damaged item,2024-07-12,2024-07-12
RET00000700,ORD0022293,CUST022293,COMPLETED,Wrong item,2020-01-04,2020-01-04
RET00000701,ORD0022352,CUST022352,REQUESTED,Missing item,2021-12-01,
RET00000702,ORD0022440,CUST022440,COMPLETED,Not needed,2024-11-30,2024-11-30
RET00000703,ORD0022447,CUST022447,REQUESTED,Damaged item,2024-12-16,
RET00000704,ORD0022452,CUST022452,RECEIVED,Damaged item,2022-12-02,2022-12-02
RET00000705,ORD0022512,CUST022512,REQUESTED,Missing item,2020-03-17,
RET00000706,ORD0022524,CUST022524,COMPLETED,Product issue,2020-11-03,2020-11-03
RET00000707,ORD0022528,CUST022528,APPROVED,Not needed,2021-11-21,2021-11-21
RET00000708,ORD0022662,CUST022662,APPROVED,Product issue,2024-10-04,2024-10-04
RET00000709,ORD0022707,CUST022707,PICKUP_SCHEDULED,Missing item,2021-10-15,2021-10-15
RET00000710,ORD0022709,CUST022709,RECEIVED,Missing item,2020-10-11,2020-10-11
RET00000711,ORD0022766,CUST022766,RECEIVED,Wrong item,2021-08-17,2021-08-17
RET00000712,ORD0022870,CUST022870,RECEIVED,Missing item,2022-11-19,2022-11-19
RET00000713,ORD0022892,CUST022892,APPROVED,Wrong item,2024-05-15,2024-05-15
RET00000714,ORD0022933,CUST022933,REQUESTED,Product issue,2022-04-05,
RET00000715,ORD0023108,CUST023108,RECEIVED,Wrong item,2020-08-02,2020-08-02
RET00000716,ORD0023251,CUST023251,COMPLETED,Damaged item,2020-06-19,2020-06-19
RET00000717,ORD0023266,CUST023266,APPROVED,Product issue,2024-12-27,2024-12-27
RET00000718,ORD0023390,CUST023390,APPROVED,Damaged item,2020-03-19,2020-03-19
RET00000719,ORD0023406,CUST023406,RECEIVED,Product issue,2024-10-24,2024-10-24
RET00000720,ORD0023422,CUST023422,COMPLETED,Not needed,2022-04-05,2022-04-05
RET00000721,ORD0023436,CUST023436,RECEIVED,Product issue,2021-12-15,2021-12-15
RET00000722,ORD0023519,CUST023519,PICKUP_SCHEDULED,Product issue,2022-03-19,2022-03-19
RET00000723,ORD0023544,CUST023544,COMPLETED,Wrong item,2024-06-07,2024-06-07
RET00000724,ORD0023556,CUST023556,RECEIVED,Product issue,2024-02-29,2024-02-29
RET00000725,ORD0023615,CUST023615,RECEIVED,Damaged item,2022-03-24,2022-03-24
RET00000726,ORD0023719,CUST023719,COMPLETED,Damaged item,2023-08-07,2023-08-07
RET00000727,ORD0023733,CUST023733,COMPLETED,Missing item,2023-02-03,2023-02-03
RET00000728,ORD0023822,CUST023822,RECEIVED,Damaged item,2021-03-18,2021-03-18
RET00000729,ORD0023838,CUST023838,APPROVED,Product issue,2024-05-30,2024-05-30
RET00000730,ORD0023882,CUST023882,REQUESTED,Missing item,2022-09-12,
RET00000731,ORD0023898,CUST023898,COMPLETED,Damaged item,2020-08-05,2020-08-05
RET00000732,ORD0023951,CUST023951,COMPLETED,Product issue,2024-08-01,2024-08-01
RET00000733,ORD0023960,CUST023960,PICKUP_SCHEDULED,Product issue,2022-06-12,2022-06-12
RET00000734,ORD0023974,CUST023974,APPROVED,Missing item,2024-06-15,2024-06-15
RET00000735,ORD0024020,CUST024020,PICKUP_SCHEDULED,Damaged item,2023-04-15,2023-04-15
RET00000736,ORD0024064,CUST024064,APPROVED,Not needed,2021-09-05,2021-09-05
RET00000737,ORD0024078,CUST024078,APPROVED,Damaged item,2021-10-14,2021-10-14
RET00000738,ORD0024199,CUST024199,COMPLETED,Missing item,2022-05-10,2022-05-10
RET00000739,ORD0024244,CUST024244,PICKUP_SCHEDULED,Missing item,2021-10-08,2021-10-08
RET00000740,ORD0024246,CUST024246,RECEIVED,Not needed,2021-12-30,2021-12-30
RET00000741,ORD0024257,CUST024257,REQUESTED,Wrong item,2024-09-13,
RET00000742,ORD0024316,CUST024316,PICKUP_SCHEDULED,Product issue,2021-04-02,2021-04-02
RET00000743,ORD0024346,CUST024346,RECEIVED,Product issue,2020-10-21,2020-10-21
RET00000744,ORD0024379,CUST024379,REQUESTED,Damaged item,2021-10-16,
RET00000745,ORD0024438,CUST024438,APPROVED,Not needed,2022-03-24,2022-03-24
RET00000746,ORD0024439,CUST024439,RECEIVED,Damaged item,2020-06-27,2020-06-27
RET00000747,ORD0024473,CUST024473,REQUESTED,Product issue,2020-04-16,
RET00000748,ORD0024482,CUST024482,REQUESTED,Missing item,2020-04-04,
RET00000749,ORD0024512,CUST024512,COMPLETED,Missing item,2021-10-13,2021-10-13
RET00000750,ORD0024525,CUST024525,COMPLETED,Product issue,2021-04-27,2021-04-27
RET00000751,ORD0024596,CUST024596,COMPLETED,Damaged item,2022-03-25,2022-03-25
RET00000752,ORD0024603,CUST024603,COMPLETED,Damaged item,2020-12-13,2020-12-13
RET00000753,ORD0024706,CUST024706,COMPLETED,Missing item,2022-01-24,2022-01-24
RET00000754,ORD0024734,CUST024734,COMPLETED,Product issue,2021-02-20,2021-02-20
RET00000755,ORD0024747,CUST024747,COMPLETED,Damaged item,2020-08-03,2020-08-03
RET00000756,ORD0024762,CUST024762,RECEIVED,Product issue,2024-06-14,2024-06-14
RET00000757,ORD0024766,CUST024766,PICKUP_SCHEDULED,Damaged item,2024-11-26,2024-11-26
RET00000758,ORD0024790,CUST024790,REQUESTED,Missing item,2023-12-31,
RET00000759,ORD0024813,CUST024813,APPROVED,Wrong item,2023-01-10,2023-01-10
RET00000760,ORD0024817,CUST024817,REQUESTED,Damaged item,2024-06-14,
RET00000761,ORD0024878,CUST024878,REQUESTED,Wrong item,2020-08-20,
RET00000762,ORD0024907,CUST024907,COMPLETED,Missing item,2021-02-02,2021-02-02
RET00000763,ORD0024919,CUST024919,COMPLETED,Damaged item,2023-07-15,2023-07-15
RET00000764,ORD0024997,CUST024997,REQUESTED,Product issue,2021-05-30,
RET00000765,ORD0025008,CUST025008,REQUESTED,Product issue,2024-11-18,
RET00000766,ORD0025019,CUST025019,RECEIVED,Missing item,2020-05-05,2020-05-05
RET00000767,ORD0025160,CUST025160,COMPLETED,Missing item,2022-10-10,2022-10-10
RET00000768,ORD0025196,CUST025196,APPROVED,Damaged item,2022-11-08,2022-11-08
RET00000769,ORD0025214,CUST025214,COMPLETED,Product issue,2020-03-09,2020-03-09
RET00000770,ORD0025280,CUST025280,COMPLETED,Missing item,2024-03-10,2024-03-10
RET00000771,ORD0025326,CUST025326,RECEIVED,Wrong item,2021-10-10,2021-10-10
RET00000772,ORD0025336,CUST025336,PICKUP_SCHEDULED,Product issue,2021-01-25,2021-01-25
RET00000773,ORD0025400,CUST025400,RECEIVED,Damaged item,2020-08-31,2020-08-31
RET00000774,ORD0025427,CUST025427,COMPLETED,Damaged item,2024-06-22,2024-06-22
RET00000775,ORD0025428,CUST025428,COMPLETED,Not needed,2024-08-13,2024-08-13
RET00000776,ORD0025515,CUST025515,COMPLETED,Product issue,2022-10-28,2022-10-28
RET00000777,ORD0025588,CUST025588,RECEIVED,Product issue,2020-02-18,2020-02-18
RET00000778,ORD0025606,CUST025606,RECEIVED,Product issue,2021-07-13,2021-07-13
RET00000779,ORD0025815,CUST025815,PICKUP_SCHEDULED,Not needed,2021-06-14,2021-06-14
RET00000780,ORD0025823,CUST025823,PICKUP_SCHEDULED,Damaged item,2021-03-21,2021-03-21
RET00000781,ORD0025827,CUST025827,RECEIVED,Not needed,2020-07-14,2020-07-14
RET00000782,ORD0025836,CUST025836,COMPLETED,Not needed,2021-09-21,2021-09-21
RET00000783,ORD0025957,CUST025957,REQUESTED,Wrong item,2023-07-17,
RET00000784,ORD0025988,CUST025988,COMPLETED,Not needed,2024-12-27,2024-12-27
RET00000785,ORD0026004,CUST026004,RECEIVED,Product issue,2021-05-14,2021-05-14
RET00000786,ORD0026071,CUST026071,COMPLETED,Damaged item,2023-03-19,2023-03-19
RET00000787,ORD0026135,CUST026135,APPROVED,Damaged item,2022-05-27,2022-05-27
RET00000788,ORD0026139,CUST026139,COMPLETED,Missing item,2024-10-05,2024-10-05
RET00000789,ORD0026147,CUST026147,RECEIVED,Wrong item,2020-09-19,2020-09-19
RET00000790,ORD0026188,CUST026188,PICKUP_SCHEDULED,Missing item,2023-04-29,2023-04-29
RET00000791,ORD0026191,CUST026191,COMPLETED,Not needed,2023-06-27,2023-06-27
RET00000792,ORD0026233,CUST026233,APPROVED,Not needed,2023-03-05,2023-03-05
RET00000793,ORD0026254,CUST026254,REQUESTED,Not needed,2020-03-20,
RET00000794,ORD0026284,CUST026284,REQUESTED,Missing item,2022-03-06,
RET00000795,ORD0026307,CUST026307,APPROVED,Not needed,2024-01-24,2024-01-24
RET00000796,ORD0026315,CUST026315,COMPLETED,Wrong item,2022-12-22,2022-12-22
RET00000797,ORD0026342,CUST026342,COMPLETED,Not needed,2023-07-10,2023-07-10
RET00000798,ORD0026459,CUST026459,REQUESTED,Missing item,2022-11-10,
RET00000799,ORD0026616,CUST026616,COMPLETED,Not needed,2021-04-04,2021-04-04
RET00000800,ORD0026634,CUST026634,APPROVED,Wrong item,2023-03-30,2023-03-30
RET00000801,ORD0026642,CUST026642,PICKUP_SCHEDULED,Wrong item,2024-08-07,2024-08-07
RET00000802,ORD0026693,CUST026693,PICKUP_SCHEDULED,Product issue,2021-04-26,2021-04-26
RET00000803,ORD0026695,CUST026695,APPROVED,Wrong item,2021-05-25,2021-05-25
RET00000804,ORD0026751,CUST026751,APPROVED,Wrong item,2022-01-16,2022-01-16
RET00000805,ORD0026763,CUST026763,COMPLETED,Damaged item,2020-09-20,2020-09-20
RET00000806,ORD0026772,CUST026772,REQUESTED,Not needed,2024-08-01,
RET00000807,ORD0026801,CUST026801,COMPLETED,Wrong item,2023-05-07,2023-05-07
RET00000808,ORD0026835,CUST026835,COMPLETED,Damaged item,2024-12-10,2024-12-10
RET00000809,ORD0026860,CUST026860,PICKUP_SCHEDULED,Not needed,2024-02-20,2024-02-20
RET00000810,ORD0026863,CUST026863,COMPLETED,Damaged item,2022-07-07,2022-07-07
RET00000811,ORD0026893,CUST026893,COMPLETED,Product issue,2021-03-25,2021-03-25
RET00000812,ORD0026904,CUST026904,COMPLETED,Wrong item,2022-04-14,2022-04-14
RET00000813,ORD0026983,CUST026983,COMPLETED,Missing item,2023-08-13,2023-08-13
RET00000814,ORD0026986,CUST026986,PICKUP_SCHEDULED,Damaged item,2024-12-13,2024-12-13
RET00000815,ORD0027005,CUST027005,RECEIVED,Product issue,2023-07-28,2023-07-28
RET00000816,ORD0027013,CUST027013,PICKUP_SCHEDULED,Product issue,2022-04-10,2022-04-10
RET00000817,ORD0027029,CUST027029,PICKUP_SCHEDULED,Wrong item,2023-05-28,2023-05-28
RET00000818,ORD0027033,CUST027033,REQUESTED,Missing item,2024-11-03,
RET00000819,ORD0027044,CUST027044,COMPLETED,Wrong item,2021-01-17,2021-01-17
RET00000820,ORD0027079,CUST027079,RECEIVED,Damaged item,2024-08-01,2024-08-01
RET00000821,ORD0027088,CUST027088,APPROVED,Missing item,2020-01-31,2020-01-31
RET00000822,ORD0027137,CUST027137,PICKUP_SCHEDULED,Product issue,2020-03-03,2020-03-03
RET00000823,ORD0027230,CUST027230,COMPLETED,Damaged item,2022-03-07,2022-03-07
RET00000824,ORD0027328,CUST027328,PICKUP_SCHEDULED,Not needed,2021-10-25,2021-10-25
RET00000825,ORD0027335,CUST027335,REQUESTED,Product issue,2020-05-30,
RET00000826,ORD0027359,CUST027359,PICKUP_SCHEDULED,Missing item,2022-01-13,2022-01-13
RET00000827,ORD0027385,CUST027385,RECEIVED,Missing item,2020-06-24,2020-06-24
RET00000828,ORD0027393,CUST027393,APPROVED,Product issue,2020-07-20,2020-07-20
RET00000829,ORD0027410,CUST027410,REQUESTED,Damaged item,2020-06-22,
RET00000830,ORD0027526,CUST027526,RECEIVED,Product issue,2021-12-30,2021-12-30
RET00000831,ORD0027541,CUST027541,COMPLETED,Wrong item,2022-05-12,2022-05-12
RET00000832,ORD0027548,CUST027548,RECEIVED,Wrong item,2020-12-13,2020-12-13
RET00000833,ORD0027668,CUST027668,RECEIVED,Not needed,2022-03-13,2022-03-13
RET00000834,ORD0027719,CUST027719,COMPLETED,Missing item,2022-10-23,2022-10-23
RET00000835,ORD0027756,CUST027756,COMPLETED,Damaged item,2021-05-09,2021-05-09
RET00000836,ORD0027758,CUST027758,RECEIVED,Damaged item,2023-04-07,2023-04-07
RET00000837,ORD0027777,CUST027777,COMPLETED,Product issue,2022-05-31,2022-05-31
RET00000838,ORD0027792,CUST027792,PICKUP_SCHEDULED,Not needed,2022-09-15,2022-09-15
RET00000839,ORD0027842,CUST027842,RECEIVED,Not needed,2021-11-30,2021-11-30
RET00000840,ORD0027849,CUST027849,RECEIVED,Product issue,2024-10-18,2024-10-18
RET00000841,ORD0027875,CUST027875,COMPLETED,Product issue,2024-05-10,2024-05-10
RET00000842,ORD0027882,CUST027882,REQUESTED,Product issue,2022-03-08,
RET00000843,ORD0027896,CUST027896,COMPLETED,Wrong item,2020-01-09,2020-01-09
RET00000844,ORD0027972,CUST027972,COMPLETED,Wrong item,2021-07-26,2021-07-26
RET00000845,ORD0027999,CUST027999,COMPLETED,Not needed,2021-02-21,2021-02-21
RET00000846,ORD0028010,CUST028010,COMPLETED,Product issue,2023-01-23,2023-01-23
RET00000847,ORD0028017,CUST028017,APPROVED,Product issue,2023-02-08,2023-02-08
RET00000848,ORD0028021,CUST028021,APPROVED,Not needed,2024-08-21,2024-08-21
RET00000849,ORD0028027,CUST028027,RECEIVED,Damaged item,2020-08-14,2020-08-14
RET00000850,ORD0028144,CUST028144,REQUESTED,Missing item,2021-02-20,
RET00000851,ORD0028161,CUST028161,PICKUP_SCHEDULED,Wrong item,2024-11-06,2024-11-06
RET00000852,ORD0028174,CUST028174,RECEIVED,Damaged item,2022-04-12,2022-04-12
RET00000853,ORD0028187,CUST028187,COMPLETED,Damaged item,2022-03-25,2022-03-25
RET00000854,ORD0028209,CUST028209,COMPLETED,Wrong item,2020-07-12,2020-07-12
RET00000855,ORD0028233,CUST028233,COMPLETED,Wrong item,2020-04-17,2020-04-17
RET00000856,ORD0028234,CUST028234,RECEIVED,Product issue,2023-09-01,2023-09-01
RET00000857,ORD0028268,CUST028268,COMPLETED,Missing item,2024-07-09,2024-07-09
RET00000858,ORD0028286,CUST028286,REQUESTED,Missing item,2020-08-26,
RET00000859,ORD0028318,CUST028318,RECEIVED,Product issue,2020-01-04,2020-01-04
RET00000860,ORD0028340,CUST028340,APPROVED,Wrong item,2021-07-28,2021-07-28
RET00000861,ORD0028393,CUST028393,REQUESTED,Damaged item,2021-05-21,
RET00000862,ORD0028444,CUST028444,PICKUP_SCHEDULED,Missing item,2022-07-07,2022-07-07
RET00000863,ORD0028464,CUST028464,APPROVED,Product issue,2024-03-01,2024-03-01
RET00000864,ORD0028467,CUST028467,REQUESTED,Damaged item,2021-03-01,
RET00000865,ORD0028470,CUST028470,REQUESTED,Not needed,2022-03-01,
RET00000866,ORD0028504,CUST028504,REQUESTED,Not needed,2024-05-15,
RET00000867,ORD0028518,CUST028518,RECEIVED,Wrong item,2020-11-07,2020-11-07
RET00000868,ORD0028530,CUST028530,COMPLETED,Product issue,2022-12-13,2022-12-13
RET00000869,ORD0028569,CUST028569,COMPLETED,Product issue,2021-05-27,2021-05-27
RET00000870,ORD0028572,CUST028572,COMPLETED,Product issue,2022-10-21,2022-10-21
RET00000871,ORD0028586,CUST028586,RECEIVED,Damaged item,2023-06-11,2023-06-11
RET00000872,ORD0028619,CUST028619,COMPLETED,Not needed,2022-06-23,2022-06-23
RET00000873,ORD0028639,CUST028639,COMPLETED,Missing item,2022-12-06,2022-12-06
RET00000874,ORD0028654,CUST028654,RECEIVED,Product issue,2022-06-17,2022-06-17
RET00000875,ORD0028675,CUST028675,COMPLETED,Product issue,2022-03-14,2022-03-14
RET00000876,ORD0028735,CUST028735,APPROVED,Not needed,2020-12-17,2020-12-17
RET00000877,ORD0028757,CUST028757,PICKUP_SCHEDULED,Missing item,2023-07-08,2023-07-08
RET00000878,ORD0028795,CUST028795,RECEIVED,Wrong item,2020-08-15,2020-08-15
RET00000879,ORD0028820,CUST028820,COMPLETED,Damaged item,2020-05-04,2020-05-04
RET00000880,ORD0028893,CUST028893,RECEIVED,Missing item,2020-03-10,2020-03-10
RET00000881,ORD0028930,CUST028930,APPROVED,Missing item,2021-08-16,2021-08-16
RET00000882,ORD0028932,CUST028932,APPROVED,Wrong item,2024-09-27,2024-09-27
RET00000883,ORD0028935,CUST028935,APPROVED,Product issue,2021-07-05,2021-07-05
RET00000884,ORD0028948,CUST028948,COMPLETED,Missing item,2023-02-09,2023-02-09
RET00000885,ORD0028974,CUST028974,PICKUP_SCHEDULED,Wrong item,2023-05-11,2023-05-11
RET00000886,ORD0029002,CUST029002,COMPLETED,Wrong item,2022-06-26,2022-06-26
RET00000887,ORD0029064,CUST029064,PICKUP_SCHEDULED,Not needed,2020-04-19,2020-04-19
RET00000888,ORD0029073,CUST029073,RECEIVED,Not needed,2024-02-16,2024-02-16
RET00000889,ORD0029075,CUST029075,RECEIVED,Damaged item,2021-01-23,2021-01-23
RET00000890,ORD0029214,CUST029214,RECEIVED,Missing item,2023-10-12,2023-10-12
RET00000891,ORD0029227,CUST029227,COMPLETED,Not needed,2020-05-29,2020-05-29
RET00000892,ORD0029291,CUST029291,APPROVED,Product issue,2024-04-14,2024-04-14
RET00000893,ORD0029382,CUST029382,REQUESTED,Not needed,2021-05-26,
RET00000894,ORD0029444,CUST029444,PICKUP_SCHEDULED,Damaged item,2022-05-13,2022-05-13
RET00000895,ORD0029452,CUST029452,COMPLETED,Damaged item,2022-05-11,2022-05-11
RET00000896,ORD0029527,CUST029527,COMPLETED,Product issue,2022-08-06,2022-08-06
RET00000897,ORD0029538,CUST029538,REQUESTED,Wrong item,2023-12-14,
RET00000898,ORD0029564,CUST029564,RECEIVED,Damaged item,2023-12-17,2023-12-17
RET00000899,ORD0029599,CUST029599,COMPLETED,Missing item,2024-04-22,2024-04-22
RET00000900,ORD0029601,CUST029601,RECEIVED,Missing item,2021-04-11,2021-04-11
RET00000901,ORD0029630,CUST029630,COMPLETED,Product issue,2023-04-18,2023-04-18
RET00000902,ORD0029639,CUST029639,COMPLETED,Wrong item,2020-03-17,2020-03-17
RET00000903,ORD0029708,CUST029708,COMPLETED,Damaged item,2021-03-05,2021-03-05
RET00000904,ORD0029722,CUST029722,REQUESTED,Product issue,2022-10-10,
RET00000905,ORD0029759,CUST029759,COMPLETED,Product issue,2024-04-03,2024-04-03
RET00000906,ORD0029787,CUST029787,PICKUP_SCHEDULED,Wrong item,2024-11-22,2024-11-22
RET00000907,ORD0029827,CUST029827,RECEIVED,Product issue,2023-09-15,2023-09-15
RET00000908,ORD0029829,CUST029829,COMPLETED,Wrong item,2024-06-02,2024-06-02
RET00000909,ORD0029838,CUST029838,COMPLETED,Missing item,2023-12-29,2023-12-29
RET00000910,ORD0029882,CUST029882,APPROVED,Not needed,2023-09-12,2023-09-12
RET00000911,ORD0029896,CUST029896,APPROVED,Not needed,2021-09-03,2021-09-03
RET00000912,ORD0029899,CUST029899,PICKUP_SCHEDULED,Damaged item,2021-03-20,2021-03-20
RET00000913,ORD0029913,CUST029913,COMPLETED,Not needed,2021-01-04,2021-01-04
RET00000914,ORD0029923,CUST029923,PICKUP_SCHEDULED,Wrong item,2024-08-18,2024-08-18
RET00000915,ORD0029937,CUST029937,COMPLETED,Wrong item,2024-06-28,2024-06-28
RET00000916,ORD0029966,CUST029966,PICKUP_SCHEDULED,Wrong item,2022-05-24,2022-05-24
RET00000917,ORD0030012,CUST030012,PICKUP_SCHEDULED,Not needed,2021-02-18,2021-02-18
RET00000918,ORD0030066,CUST030066,REQUESTED,Product issue,2024-05-30,
RET00000919,ORD0030270,CUST030270,RECEIVED,Missing item,2022-08-06,2022-08-06
RET00000920,ORD0030354,CUST030354,PICKUP_SCHEDULED,Missing item,2024-02-14,2024-02-14
RET00000921,ORD0030358,CUST030358,COMPLETED,Damaged item,2023-01-17,2023-01-17
RET00000922,ORD0030385,CUST030385,COMPLETED,Not needed,2022-10-15,2022-10-15
RET00000923,ORD0030389,CUST030389,PICKUP_SCHEDULED,Missing item,2021-07-27,2021-07-27
RET00000924,ORD0030410,CUST030410,RECEIVED,Missing item,2022-05-30,2022-05-30
RET00000925,ORD0030422,CUST030422,RECEIVED,Wrong item,2021-04-10,2021-04-10
RET00000926,ORD0030456,CUST030456,RECEIVED,Damaged item,2020-07-28,2020-07-28
RET00000927,ORD0030467,CUST030467,PICKUP_SCHEDULED,Damaged item,2023-07-02,2023-07-02
RET00000928,ORD0030475,CUST030475,REQUESTED,Not needed,2020-05-13,
RET00000929,ORD0030496,CUST030496,REQUESTED,Not needed,2022-10-03,
RET00000930,ORD0030532,CUST030532,APPROVED,Wrong item,2021-11-09,2021-11-09
RET00000931,ORD0030537,CUST030537,RECEIVED,Wrong item,2023-09-20,2023-09-20
RET00000932,ORD0030575,CUST030575,REQUESTED,Not needed,2021-10-01,
RET00000933,ORD0030579,CUST030579,COMPLETED,Wrong item,2020-06-02,2020-06-02
RET00000934,ORD0030581,CUST030581,REQUESTED,Not needed,2022-02-26,
RET00000935,ORD0030589,CUST030589,RECEIVED,Product issue,2021-10-09,2021-10-09
RET00000936,ORD0030611,CUST030611,REQUESTED,Not needed,2023-07-05,
RET00000937,ORD0030649,CUST030649,PICKUP_SCHEDULED,Damaged item,2022-12-14,2022-12-14
RET00000938,ORD0030686,CUST030686,REQUESTED,Damaged item,2022-11-19,
RET00000939,ORD0030735,CUST030735,COMPLETED,Wrong item,2020-09-15,2020-09-15
RET00000940,ORD0030779,CUST030779,APPROVED,Missing item,2023-09-25,2023-09-25
RET00000941,ORD0030814,CUST030814,APPROVED,Not needed,2020-12-08,2020-12-08
RET00000942,ORD0030820,CUST030820,APPROVED,Not needed,2022-04-01,2022-04-01
RET00000943,ORD0030836,CUST030836,PICKUP_SCHEDULED,Not needed,2021-01-19,2021-01-19
RET00000944,ORD0030860,CUST030860,COMPLETED,Product issue,2023-11-29,2023-11-29
RET00000945,ORD0030866,CUST030866,PICKUP_SCHEDULED,Wrong item,2022-02-18,2022-02-18
RET00000946,ORD0030905,CUST030905,COMPLETED,Wrong item,2020-08-15,2020-08-15
RET00000947,ORD0030936,CUST030936,RECEIVED,Wrong item,2020-07-12,2020-07-12
RET00000948,ORD0031029,CUST031029,APPROVED,Not needed,2024-01-17,2024-01-17
RET00000949,ORD0031078,CUST031078,RECEIVED,Not needed,2021-12-24,2021-12-24
RET00000950,ORD0031114,CUST031114,PICKUP_SCHEDULED,Missing item,2020-09-14,2020-09-14
RET00000951,ORD0031126,CUST031126,RECEIVED,Wrong item,2023-03-05,2023-03-05
RET00000952,ORD0031252,CUST031252,RECEIVED,Damaged item,2022-09-02,2022-09-02
RET00000953,ORD0031258,CUST031258,COMPLETED,Damaged item,2022-04-15,2022-04-15
RET00000954,ORD0031291,CUST031291,COMPLETED,Product issue,2021-12-02,2021-12-02
RET00000955,ORD0031374,CUST031374,COMPLETED,Damaged item,2022-04-17,2022-04-17
RET00000956,ORD0031397,CUST031397,REQUESTED,Wrong item,2023-01-11,
RET00000957,ORD0031404,CUST031404,COMPLETED,Missing item,2023-09-26,2023-09-26
RET00000958,ORD0031405,CUST031405,APPROVED,Not needed,2021-12-11,2021-12-11
RET00000959,ORD0031461,CUST031461,REQUESTED,Product issue,2021-11-28,
RET00000960,ORD0031496,CUST031496,RECEIVED,Damaged item,2022-07-15,2022-07-15
RET00000961,ORD0031515,CUST031515,REQUESTED,Wrong item,2021-03-22,
RET00000962,ORD0031522,CUST031522,PICKUP_SCHEDULED,Wrong item,2023-02-13,2023-02-13
RET00000963,ORD0031595,CUST031595,COMPLETED,Wrong item,2022-08-12,2022-08-12
RET00000964,ORD0031646,CUST031646,COMPLETED,Not needed,2020-02-12,2020-02-12
RET00000965,ORD0031654,CUST031654,COMPLETED,Missing item,2021-10-22,2021-10-22
RET00000966,ORD0031664,CUST031664,COMPLETED,Not needed,2020-09-07,2020-09-07
RET00000967,ORD0031686,CUST031686,COMPLETED,Not needed,2024-03-05,2024-03-05
RET00000968,ORD0031726,CUST031726,COMPLETED,Product issue,2021-06-21,2021-06-21
RET00000969,ORD0031732,CUST031732,PICKUP_SCHEDULED,Missing item,2024-08-12,2024-08-12
RET00000970,ORD0031738,CUST031738,RECEIVED,Wrong item,2020-10-11,2020-10-11
RET00000971,ORD0031745,CUST031745,RECEIVED,Missing item,2024-09-15,2024-09-15
RET00000972,ORD0031781,CUST031781,APPROVED,Wrong item,2021-06-14,2021-06-14
RET00000973,ORD0031796,CUST031796,COMPLETED,Not needed,2023-03-07,2023-03-07
RET00000974,ORD0031828,CUST031828,COMPLETED,Damaged item,2023-05-28,2023-05-28
RET00000975,ORD0031860,CUST031860,COMPLETED,Not needed,2022-10-10,2022-10-10
RET00000976,ORD0031899,CUST031899,PICKUP_SCHEDULED,Damaged item,2021-10-11,2021-10-11
RET00000977,ORD0031909,CUST031909,COMPLETED,Missing item,2023-04-14,2023-04-14
RET00000978,ORD0031921,CUST031921,COMPLETED,Damaged item,2021-09-09,2021-09-09
RET00000979,ORD0032004,CUST032004,PICKUP_SCHEDULED,Damaged item,2021-09-11,2021-09-11
RET00000980,ORD0032006,CUST032006,COMPLETED,Damaged item,2023-10-18,2023-10-18
RET00000981,ORD0032030,CUST032030,APPROVED,Damaged item,2024-07-14,2024-07-14
RET00000982,ORD0032059,CUST032059,RECEIVED,Damaged item,2022-09-30,2022-09-30
RET00000983,ORD0032177,CUST032177,COMPLETED,Missing item,2023-09-08,2023-09-08
RET00000984,ORD0032221,CUST032221,REQUESTED,Wrong item,2024-12-25,
RET00000985,ORD0032222,CUST032222,REQUESTED,Damaged item,2020-11-10,
RET00000986,ORD0032268,CUST032268,COMPLETED,Not needed,2023-10-19,2023-10-19
RET00000987,ORD0032294,CUST032294,RECEIVED,Not needed,2024-05-23,2024-05-23
RET00000988,ORD0032308,CUST032308,APPROVED,Damaged item,2020-06-14,2020-06-14
RET00000989,ORD0032341,CUST032341,RECEIVED,Wrong item,2023-04-12,2023-04-12
RET00000990,ORD0032347,CUST032347,COMPLETED,Damaged item,2020-08-06,2020-08-06
RET00000991,ORD0032359,CUST032359,PICKUP_SCHEDULED,Product issue,2024-04-23,2024-04-23
RET00000992,ORD0032373,CUST032373,APPROVED,Product issue,2020-03-29,2020-03-29
RET00000993,ORD0032374,CUST032374,RECEIVED,Not needed,2021-01-09,2021-01-09
RET00000994,ORD0032453,CUST032453,RECEIVED,Not needed,2020-01-31,2020-01-31
RET00000995,ORD0032528,CUST032528,APPROVED,Damaged item,2022-12-25,2022-12-25
RET00000996,ORD0032571,CUST032571,APPROVED,Product issue,2020-03-08,2020-03-08
RET00000997,ORD0032573,CUST032573,APPROVED,Product issue,2022-05-15,2022-05-15
RET00000998,ORD0032605,CUST032605,PICKUP_SCHEDULED,Damaged item,2024-08-26,2024-08-26
RET00000999,ORD0032633,CUST032633,COMPLETED,Damaged item,2021-11-19,2021-11-19
RET00001000,ORD0032635,CUST032635,APPROVED,Missing item,2020-09-21,2020-09-21
RET00001001,ORD0032700,CUST032700,REQUESTED,Product issue,2023-06-21,
RET00001002,ORD0032710,CUST032710,COMPLETED,Wrong item,2021-11-15,2021-11-15
RET00001003,ORD0032765,CUST032765,RECEIVED,Wrong item,2020-08-17,2020-08-17
RET00001004,ORD0032793,CUST032793,COMPLETED,Not needed,2021-02-07,2021-02-07
RET00001005,ORD0032869,CUST032869,REQUESTED,Wrong item,2022-07-18,
RET00001006,ORD0032878,CUST032878,COMPLETED,Not needed,2024-06-04,2024-06-04
RET00001007,ORD0032881,CUST032881,APPROVED,Product issue,2024-03-22,2024-03-22
RET00001008,ORD0032892,CUST032892,RECEIVED,Wrong item,2020-02-06,2020-02-06
RET00001009,ORD0032957,CUST032957,COMPLETED,Not needed,2024-12-29,2024-12-29
RET00001010,ORD0032963,CUST032963,COMPLETED,Product issue,2024-06-29,2024-06-29
RET00001011,ORD0032974,CUST032974,COMPLETED,Not needed,2021-01-07,2021-01-07
RET00001012,ORD0032975,CUST032975,APPROVED,Damaged item,2024-01-31,2024-01-31
RET00001013,ORD0032982,CUST032982,APPROVED,Damaged item,2021-03-18,2021-03-18
RET00001014,ORD0033005,CUST033005,PICKUP_SCHEDULED,Missing item,2020-01-03,2020-01-03
RET00001015,ORD0033006,CUST033006,COMPLETED,Wrong item,2024-02-10,2024-02-10
RET00001016,ORD0033080,CUST033080,APPROVED,Missing item,2023-09-17,2023-09-17
RET00001017,ORD0033111,CUST033111,APPROVED,Missing item,2023-10-25,2023-10-25
RET00001018,ORD0033121,CUST033121,PICKUP_SCHEDULED,Product issue,2023-06-16,2023-06-16
RET00001019,ORD0033134,CUST033134,COMPLETED,Damaged item,2020-01-08,2020-01-08
RET00001020,ORD0033159,CUST033159,COMPLETED,Missing item,2023-08-12,2023-08-12
RET00001021,ORD0033165,CUST033165,COMPLETED,Missing item,2020-05-25,2020-05-25
RET00001022,ORD0033178,CUST033178,COMPLETED,Wrong item,2024-05-31,2024-05-31
RET00001023,ORD0033192,CUST033192,RECEIVED,Wrong item,2021-08-01,2021-08-01
RET00001024,ORD0033288,CUST033288,PICKUP_SCHEDULED,Damaged item,2021-07-29,2021-07-29
RET00001025,ORD0033408,CUST033408,PICKUP_SCHEDULED,Wrong item,2024-09-01,2024-09-01
RET00001026,ORD0033433,CUST033433,APPROVED,Product issue,2021-04-24,2021-04-24
RET00001027,ORD0033438,CUST033438,RECEIVED,Wrong item,2023-11-22,2023-11-22
RET00001028,ORD0033452,CUST033452,COMPLETED,Wrong item,2024-03-09,2024-03-09
RET00001029,ORD0033471,CUST033471,RECEIVED,Missing item,2024-11-10,2024-11-10
RET00001030,ORD0033494,CUST033494,PICKUP_SCHEDULED,Not needed,2024-08-02,2024-08-02
RET00001031,ORD0033611,CUST033611,COMPLETED,Missing item,2021-09-28,2021-09-28
RET00001032,ORD0033615,CUST033615,RECEIVED,Wrong item,2021-07-26,2021-07-26
RET00001033,ORD0033684,CUST033684,COMPLETED,Damaged item,2020-11-05,2020-11-05
RET00001034,ORD0033691,CUST033691,COMPLETED,Product issue,2024-04-25,2024-04-25
RET00001035,ORD0033729,CUST033729,COMPLETED,Not needed,2024-04-21,2024-04-21
RET00001036,ORD0033755,CUST033755,COMPLETED,Not needed,2021-03-23,2021-03-23
RET00001037,ORD0033791,CUST033791,PICKUP_SCHEDULED,Product issue,2020-11-29,2020-11-29
RET00001038,ORD0033871,CUST033871,RECEIVED,Not needed,2022-12-14,2022-12-14
RET00001039,ORD0033885,CUST033885,COMPLETED,Not needed,2020-08-08,2020-08-08
RET00001040,ORD0033961,CUST033961,APPROVED,Product issue,2024-01-19,2024-01-19
RET00001041,ORD0034004,CUST034004,REQUESTED,Not needed,2024-12-10,
RET00001042,ORD0034020,CUST034020,RECEIVED,Not needed,2023-10-15,2023-10-15
RET00001043,ORD0034025,CUST034025,RECEIVED,Damaged item,2024-11-12,2024-11-12
RET00001044,ORD0034032,CUST034032,APPROVED,Damaged item,2021-01-02,2021-01-02
RET00001045,ORD0034047,CUST034047,RECEIVED,Damaged item,2020-07-01,2020-07-01
RET00001046,ORD0034048,CUST034048,APPROVED,Wrong item,2021-02-20,2021-02-20
RET00001047,ORD0034085,CUST034085,COMPLETED,Product issue,2022-12-16,2022-12-16
RET00001048,ORD0034093,CUST034093,COMPLETED,Wrong item,2022-01-06,2022-01-06
RET00001049,ORD0034118,CUST034118,REQUESTED,Product issue,2023-08-06,
RET00001050,ORD0034123,CUST034123,REQUESTED,Not needed,2023-05-27,
RET00001051,ORD0034141,CUST034141,RECEIVED,Missing item,2022-11-20,2022-11-20
RET00001052,ORD0034148,CUST034148,APPROVED,Missing item,2020-04-20,2020-04-20
RET00001053,ORD0034155,CUST034155,REQUESTED,Product issue,2020-09-18,
RET00001054,ORD0034156,CUST034156,RECEIVED,Damaged item,2022-06-05,2022-06-05
RET00001055,ORD0034158,CUST034158,RECEIVED,Not needed,2024-12-26,2024-12-26
RET00001056,ORD0034167,CUST034167,REQUESTED,Not needed,2022-09-24,
RET00001057,ORD0034178,CUST034178,PICKUP_SCHEDULED,Wrong item,2024-05-10,2024-05-10
RET00001058,ORD0034206,CUST034206,COMPLETED,Damaged item,2021-05-11,2021-05-11
RET00001059,ORD0034235,CUST034235,COMPLETED,Wrong item,2021-08-10,2021-08-10
RET00001060,ORD0034262,CUST034262,REQUESTED,Product issue,2022-09-10,
RET00001061,ORD0034314,CUST034314,APPROVED,Product issue,2024-02-21,2024-02-21
RET00001062,ORD0034491,CUST034491,COMPLETED,Product issue,2021-10-08,2021-10-08
RET00001063,ORD0034495,CUST034495,COMPLETED,Not needed,2021-12-21,2021-12-21
RET00001064,ORD0034509,CUST034509,REQUESTED,Damaged item,2022-08-06,
RET00001065,ORD0034550,CUST034550,COMPLETED,Product issue,2023-12-30,2023-12-30
RET00001066,ORD0034557,CUST034557,COMPLETED,Wrong item,2022-09-28,2022-09-28
RET00001067,ORD0034621,CUST034621,RECEIVED,Missing item,2024-11-04,2024-11-04
RET00001068,ORD0034678,CUST034678,REQUESTED,Product issue,2021-02-17,
RET00001069,ORD0034679,CUST034679,RECEIVED,Damaged item,2023-07-06,2023-07-06
RET00001070,ORD0034694,CUST034694,PICKUP_SCHEDULED,Not needed,2022-02-13,2022-02-13
RET00001071,ORD0034770,CUST034770,COMPLETED,Not needed,2021-06-06,2021-06-06
RET00001072,ORD0034817,CUST034817,COMPLETED,Product issue,2023-04-12,2023-04-12
RET00001073,ORD0034849,CUST034849,COMPLETED,Not needed,2024-02-26,2024-02-26
RET00001074,ORD0034855,CUST034855,COMPLETED,Damaged item,2022-08-30,2022-08-30
RET00001075,ORD0034895,CUST034895,PICKUP_SCHEDULED,Not needed,2020-09-17,2020-09-17
RET00001076,ORD0034902,CUST034902,COMPLETED,Not needed,2021-08-04,2021-08-04
RET00001077,ORD0034935,CUST034935,COMPLETED,Missing item,2024-11-28,2024-11-28
RET00001078,ORD0034942,CUST034942,PICKUP_SCHEDULED,Not needed,2022-11-08,2022-11-08
RET00001079,ORD0034964,CUST034964,COMPLETED,Product issue,2023-06-20,2023-06-20
RET00001080,ORD0034990,CUST034990,APPROVED,Product issue,2022-01-09,2022-01-09
RET00001081,ORD0035043,CUST035043,RECEIVED,Not needed,2023-11-27,2023-11-27
RET00001082,ORD0035044,CUST035044,APPROVED,Product issue,2020-12-07,2020-12-07
RET00001083,ORD0035092,CUST035092,APPROVED,Wrong item,2022-09-30,2022-09-30
RET00001084,ORD0035107,CUST035107,PICKUP_SCHEDULED,Not needed,2024-05-27,2024-05-27
RET00001085,ORD0035128,CUST035128,COMPLETED,Damaged item,2020-07-14,2020-07-14
RET00001086,ORD0035246,CUST035246,COMPLETED,Not needed,2022-05-31,2022-05-31
RET00001087,ORD0035254,CUST035254,COMPLETED,Product issue,2023-11-16,2023-11-16
RET00001088,ORD0035291,CUST035291,REQUESTED,Damaged item,2021-04-29,
RET00001089,ORD0035357,CUST035357,RECEIVED,Not needed,2024-07-20,2024-07-20
RET00001090,ORD0035382,CUST035382,RECEIVED,Not needed,2024-12-21,2024-12-21
RET00001091,ORD0035414,CUST035414,COMPLETED,Missing item,2024-12-15,2024-12-15
RET00001092,ORD0035449,CUST035449,APPROVED,Wrong item,2024-12-22,2024-12-22
RET00001093,ORD0035482,CUST035482,RECEIVED,Missing item,2022-02-23,2022-02-23
RET00001094,ORD0035499,CUST035499,COMPLETED,Product issue,2020-05-27,2020-05-27
RET00001095,ORD0035518,CUST035518,COMPLETED,Wrong item,2023-05-27,2023-05-27
RET00001096,ORD0035528,CUST035528,RECEIVED,Not needed,2023-05-17,2023-05-17
RET00001097,ORD0035597,CUST035597,COMPLETED,Damaged item,2021-12-05,2021-12-05
RET00001098,ORD0035628,CUST035628,COMPLETED,Damaged item,2021-06-11,2021-06-11
RET00001099,ORD0035655,CUST035655,COMPLETED,Not needed,2021-08-10,2021-08-10
RET00001100,ORD0035765,CUST035765,REQUESTED,Product issue,2021-01-26,
RET00001101,ORD0035828,CUST035828,REQUESTED,Product issue,2024-06-05,
RET00001102,ORD0035855,CUST035855,COMPLETED,Wrong item,2020-08-19,2020-08-19
RET00001103,ORD0035869,CUST035869,COMPLETED,Not needed,2023-12-21,2023-12-21
RET00001104,ORD0035871,CUST035871,RECEIVED,Missing item,2024-12-27,2024-12-27
RET00001105,ORD0035909,CUST035909,COMPLETED,Wrong item,2020-12-22,2020-12-22
RET00001106,ORD0035946,CUST035946,APPROVED,Wrong item,2024-11-13,2024-11-13
RET00001107,ORD0035949,CUST035949,COMPLETED,Damaged item,2021-11-14,2021-11-14
RET00001108,ORD0035982,CUST035982,REQUESTED,Not needed,2023-09-15,
RET00001109,ORD0035992,CUST035992,APPROVED,Not needed,2024-09-04,2024-09-04
RET00001110,ORD0036007,CUST036007,APPROVED,Missing item,2020-09-19,2020-09-19
RET00001111,ORD0036012,CUST036012,RECEIVED,Missing item,2024-04-22,2024-04-22
RET00001112,ORD0036049,CUST036049,COMPLETED,Product issue,2024-02-22,2024-02-22
RET00001113,ORD0036135,CUST036135,RECEIVED,Product issue,2022-05-30,2022-05-30
RET00001114,ORD0036157,CUST036157,COMPLETED,Wrong item,2021-11-07,2021-11-07
RET00001115,ORD0036198,CUST036198,REQUESTED,Wrong item,2023-08-18,
RET00001116,ORD0036298,CUST036298,APPROVED,Wrong item,2024-02-02,2024-02-02
RET00001117,ORD0036369,CUST036369,REQUESTED,Damaged item,2020-04-07,
RET00001118,ORD0036423,CUST036423,COMPLETED,Product issue,2022-05-28,2022-05-28
RET00001119,ORD0036429,CUST036429,COMPLETED,Wrong item,2024-02-24,2024-02-24
RET00001120,ORD0036472,CUST036472,REQUESTED,Product issue,2023-07-12,
RET00001121,ORD0036513,CUST036513,PICKUP_SCHEDULED,Damaged item,2020-01-21,2020-01-21
RET00001122,ORD0036597,CUST036597,REQUESTED,Wrong item,2022-05-13,
RET00001123,ORD0036612,CUST036612,RECEIVED,Wrong item,2024-12-01,2024-12-01
RET00001124,ORD0036613,CUST036613,COMPLETED,Not needed,2021-01-02,2021-01-02
RET00001125,ORD0036620,CUST036620,PICKUP_SCHEDULED,Product issue,2022-01-27,2022-01-27
RET00001126,ORD0036656,CUST036656,REQUESTED,Wrong item,2024-08-20,
RET00001127,ORD0036661,CUST036661,RECEIVED,Missing item,2024-08-18,2024-08-18
RET00001128,ORD0036691,CUST036691,REQUESTED,Damaged item,2021-06-04,
RET00001129,ORD0036752,CUST036752,COMPLETED,Product issue,2021-07-23,2021-07-23
RET00001130,ORD0036760,CUST036760,REQUESTED,Wrong item,2024-02-12,
RET00001131,ORD0036761,CUST036761,COMPLETED,Wrong item,2020-01-04,2020-01-04
RET00001132,ORD0036789,CUST036789,COMPLETED,Wrong item,2020-07-18,2020-07-18
RET00001133,ORD0036791,CUST036791,RECEIVED,Missing item,2020-06-28,2020-06-28
RET00001134,ORD0036825,CUST036825,COMPLETED,Not needed,2024-09-30,2024-09-30
RET00001135,ORD0036842,CUST036842,APPROVED,Damaged item,2024-11-13,2024-11-13
RET00001136,ORD0036850,CUST036850,PICKUP_SCHEDULED,Not needed,2022-06-14,2022-06-14
RET00001137,ORD0036887,CUST036887,APPROVED,Missing item,2023-05-31,2023-05-31
RET00001138,ORD0036913,CUST036913,RECEIVED,Product issue,2024-06-13,2024-06-13
RET00001139,ORD0036969,CUST036969,COMPLETED,Missing item,2023-02-09,2023-02-09
RET00001140,ORD0037070,CUST037070,COMPLETED,Product issue,2021-07-10,2021-07-10
RET00001141,ORD0037108,CUST037108,COMPLETED,Missing item,2021-07-02,2021-07-02
RET00001142,ORD0037125,CUST037125,RECEIVED,Damaged item,2021-05-17,2021-05-17
RET00001143,ORD0037143,CUST037143,COMPLETED,Missing item,2020-03-11,2020-03-11
RET00001144,ORD0037219,CUST037219,COMPLETED,Damaged item,2020-02-24,2020-02-24
RET00001145,ORD0037279,CUST037279,RECEIVED,Product issue,2023-09-24,2023-09-24
RET00001146,ORD0037294,CUST037294,PICKUP_SCHEDULED,Missing item,2022-02-11,2022-02-11
RET00001147,ORD0037309,CUST037309,COMPLETED,Wrong item,2024-04-18,2024-04-18
RET00001148,ORD0037375,CUST037375,APPROVED,Damaged item,2024-09-16,2024-09-16
RET00001149,ORD0037393,CUST037393,REQUESTED,Damaged item,2021-02-23,
RET00001150,ORD0037398,CUST037398,COMPLETED,Product issue,2024-03-20,2024-03-20
RET00001151,ORD0037471,CUST037471,REQUESTED,Damaged item,2020-11-28,
RET00001152,ORD0037509,CUST037509,REQUESTED,Product issue,2021-08-02,
RET00001153,ORD0037530,CUST037530,REQUESTED,Wrong item,2023-12-30,
RET00001154,ORD0037534,CUST037534,RECEIVED,Missing item,2024-11-30,2024-11-30
RET00001155,ORD0037536,CUST037536,PICKUP_SCHEDULED,Damaged item,2023-12-31,2023-12-31
RET00001156,ORD0037576,CUST037576,PICKUP_SCHEDULED,Missing item,2021-04-16,2021-04-16
RET00001157,ORD0037785,CUST037785,COMPLETED,Not needed,2021-03-16,2021-03-16
RET00001158,ORD0037834,CUST037834,APPROVED,Missing item,2021-05-20,2021-05-20
RET00001159,ORD0037878,CUST037878,APPROVED,Missing item,2023-04-26,2023-04-26
RET00001160,ORD0037988,CUST037988,COMPLETED,Damaged item,2022-05-01,2022-05-01
RET00001161,ORD0038084,CUST038084,PICKUP_SCHEDULED,Damaged item,2021-07-06,2021-07-06
RET00001162,ORD0038090,CUST038090,COMPLETED,Wrong item,2023-05-23,2023-05-23
RET00001163,ORD0038091,CUST038091,REQUESTED,Missing item,2020-10-13,
RET00001164,ORD0038140,CUST038140,RECEIVED,Damaged item,2022-11-18,2022-11-18
RET00001165,ORD0038206,CUST038206,RECEIVED,Wrong item,2023-10-18,2023-10-18
RET00001166,ORD0038237,CUST038237,REQUESTED,Not needed,2024-09-15,
RET00001167,ORD0038246,CUST038246,APPROVED,Not needed,2023-12-13,2023-12-13
RET00001168,ORD0038251,CUST038251,COMPLETED,Missing item,2022-09-29,2022-09-29
RET00001169,ORD0038290,CUST038290,RECEIVED,Product issue,2024-08-14,2024-08-14
RET00001170,ORD0038350,CUST038350,COMPLETED,Missing item,2020-07-27,2020-07-27
RET00001171,ORD0038369,CUST038369,COMPLETED,Damaged item,2023-04-22,2023-04-22
RET00001172,ORD0038383,CUST038383,COMPLETED,Missing item,2020-09-30,2020-09-30
RET00001173,ORD0038395,CUST038395,RECEIVED,Not needed,2021-02-09,2021-02-09
RET00001174,ORD0038396,CUST038396,RECEIVED,Wrong item,2020-06-26,2020-06-26
RET00001175,ORD0038400,CUST038400,COMPLETED,Damaged item,2021-02-03,2021-02-03
RET00001176,ORD0038478,CUST038478,COMPLETED,Product issue,2021-10-07,2021-10-07
RET00001177,ORD0038491,CUST038491,REQUESTED,Wrong item,2022-03-14,
RET00001178,ORD0038493,CUST038493,COMPLETED,Damaged item,2020-09-23,2020-09-23
RET00001179,ORD0038494,CUST038494,COMPLETED,Not needed,2024-12-23,2024-12-23
RET00001180,ORD0038513,CUST038513,RECEIVED,Wrong item,2022-04-05,2022-04-05
RET00001181,ORD0038554,CUST038554,RECEIVED,Wrong item,2020-08-12,2020-08-12
RET00001182,ORD0038563,CUST038563,REQUESTED,Missing item,2022-09-01,
RET00001183,ORD0038565,CUST038565,PICKUP_SCHEDULED,Missing item,2021-05-03,2021-05-03
RET00001184,ORD0038571,CUST038571,PICKUP_SCHEDULED,Missing item,2022-02-22,2022-02-22
RET00001185,ORD0038608,CUST038608,COMPLETED,Not needed,2022-01-19,2022-01-19
RET00001186,ORD0038621,CUST038621,RECEIVED,Missing item,2023-08-13,2023-08-13
RET00001187,ORD0038657,CUST038657,COMPLETED,Damaged item,2021-12-12,2021-12-12
RET00001188,ORD0038676,CUST038676,COMPLETED,Damaged item,2024-09-23,2024-09-23
RET00001189,ORD0038678,CUST038678,REQUESTED,Not needed,2023-08-26,
RET00001190,ORD0038693,CUST038693,COMPLETED,Not needed,2024-09-12,2024-09-12
RET00001191,ORD0038698,CUST038698,APPROVED,Product issue,2020-07-27,2020-07-27
RET00001192,ORD0038699,CUST038699,APPROVED,Missing item,2023-04-23,2023-04-23
RET00001193,ORD0038719,CUST038719,COMPLETED,Not needed,2022-08-29,2022-08-29
RET00001194,ORD0038832,CUST038832,COMPLETED,Damaged item,2022-10-27,2022-10-27
RET00001195,ORD0038853,CUST038853,RECEIVED,Missing item,2022-05-26,2022-05-26
RET00001196,ORD0038865,CUST038865,REQUESTED,Damaged item,2021-08-06,
RET00001197,ORD0038882,CUST038882,PICKUP_SCHEDULED,Product issue,2022-07-25,2022-07-25
RET00001198,ORD0038946,CUST038946,PICKUP_SCHEDULED,Missing item,2024-06-28,2024-06-28
RET00001199,ORD0039004,CUST039004,RECEIVED,Not needed,2022-10-31,2022-10-31
RET00001200,ORD0039030,CUST039030,COMPLETED,Wrong item,2024-03-21,2024-03-21
RET00001201,ORD0039093,CUST039093,APPROVED,Wrong item,2021-11-09,2021-11-09
RET00001202,ORD0039146,CUST039146,COMPLETED,Damaged item,2024-05-11,2024-05-11
RET00001203,ORD0039188,CUST039188,COMPLETED,Missing item,2024-01-10,2024-01-10
RET00001204,ORD0039230,CUST039230,PICKUP_SCHEDULED,Product issue,2021-03-29,2021-03-29
RET00001205,ORD0039313,CUST039313,COMPLETED,Not needed,2022-08-09,2022-08-09
RET00001206,ORD0039330,CUST039330,COMPLETED,Product issue,2023-07-05,2023-07-05
RET00001207,ORD0039348,CUST039348,RECEIVED,Missing item,2021-04-07,2021-04-07
RET00001208,ORD0039407,CUST039407,RECEIVED,Damaged item,2022-04-01,2022-04-01
RET00001209,ORD0039412,CUST039412,COMPLETED,Not needed,2020-01-13,2020-01-13
RET00001210,ORD0039418,CUST039418,COMPLETED,Missing item,2020-01-21,2020-01-21
RET00001211,ORD0039458,CUST039458,RECEIVED,Product issue,2021-09-28,2021-09-28
RET00001212,ORD0039476,CUST039476,RECEIVED,Damaged item,2022-10-03,2022-10-03
RET00001213,ORD0039551,CUST039551,COMPLETED,Damaged item,2022-12-17,2022-12-17
RET00001214,ORD0039580,CUST039580,COMPLETED,Wrong item,2021-12-02,2021-12-02
RET00001215,ORD0039582,CUST039582,RECEIVED,Wrong item,2020-03-03,2020-03-03
RET00001216,ORD0039592,CUST039592,RECEIVED,Product issue,2022-12-22,2022-12-22
RET00001217,ORD0039637,CUST039637,RECEIVED,Product issue,2024-04-03,2024-04-03
RET00001218,ORD0039667,CUST039667,REQUESTED,Missing item,2023-03-06,
RET00001219,ORD0039756,CUST039756,APPROVED,Missing item,2021-03-13,2021-03-13
RET00001220,ORD0039772,CUST039772,COMPLETED,Missing item,2021-08-26,2021-08-26
RET00001221,ORD0039845,CUST039845,COMPLETED,Wrong item,2023-08-26,2023-08-26
RET00001222,ORD0039902,CUST039902,COMPLETED,Missing item,2020-12-22,2020-12-22
RET00001223,ORD0039905,CUST039905,APPROVED,Damaged item,2022-07-18,2022-07-18
RET00001224,ORD0039920,CUST039920,COMPLETED,Wrong item,2020-04-16,2020-04-16
RET00001225,ORD0039942,CUST039942,RECEIVED,Wrong item,2020-12-11,2020-12-11
RET00001226,ORD0039974,CUST039974,APPROVED,Not needed,2024-01-07,2024-01-07
RET00001227,ORD0040054,CUST040054,RECEIVED,Not needed,2023-09-19,2023-09-19
RET00001228,ORD0040124,CUST040124,APPROVED,Missing item,2023-05-13,2023-05-13
RET00001229,ORD0040153,CUST040153,COMPLETED,Missing item,2024-11-16,2024-11-16
RET00001230,ORD0040156,CUST040156,COMPLETED,Wrong item,2021-02-15,2021-02-15
RET00001231,ORD0040157,CUST040157,COMPLETED,Not needed,2023-11-23,2023-11-23
RET00001232,ORD0040206,CUST040206,COMPLETED,Not needed,2021-12-08,2021-12-08
RET00001233,ORD0040233,CUST040233,RECEIVED,Wrong item,2023-06-01,2023-06-01
RET00001234,ORD0040261,CUST040261,COMPLETED,Not needed,2022-07-07,2022-07-07
RET00001235,ORD0040330,CUST040330,REQUESTED,Wrong item,2024-10-06,
RET00001236,ORD0040332,CUST040332,PICKUP_SCHEDULED,Missing item,2020-11-09,2020-11-09
RET00001237,ORD0040333,CUST040333,REQUESTED,Damaged item,2024-03-16,
RET00001238,ORD0040376,CUST040376,COMPLETED,Not needed,2021-12-14,2021-12-14
RET00001239,ORD0040425,CUST040425,COMPLETED,Wrong item,2022-07-01,2022-07-01
RET00001240,ORD0040439,CUST040439,APPROVED,Missing item,2020-05-07,2020-05-07
RET00001241,ORD0040557,CUST040557,PICKUP_SCHEDULED,Product issue,2021-05-02,2021-05-02
RET00001242,ORD0040571,CUST040571,APPROVED,Missing item,2021-01-11,2021-01-11
RET00001243,ORD0040578,CUST040578,RECEIVED,Wrong item,2024-11-16,2024-11-16
RET00001244,ORD0040598,CUST040598,COMPLETED,Missing item,2022-04-21,2022-04-21
RET00001245,ORD0040606,CUST040606,COMPLETED,Damaged item,2021-02-05,2021-02-05
RET00001246,ORD0040616,CUST040616,RECEIVED,Not needed,2023-02-02,2023-02-02
RET00001247,ORD0040636,CUST040636,APPROVED,Damaged item,2020-12-08,2020-12-08
RET00001248,ORD0040720,CUST040720,REQUESTED,Wrong item,2020-05-07,
RET00001249,ORD0040732,CUST040732,REQUESTED,Not needed,2020-03-25,
RET00001250,ORD0040741,CUST040741,RECEIVED,Product issue,2021-10-10,2021-10-10
RET00001251,ORD0040831,CUST040831,RECEIVED,Missing item,2020-06-29,2020-06-29
RET00001252,ORD0040859,CUST040859,APPROVED,Product issue,2020-09-18,2020-09-18
RET00001253,ORD0040876,CUST040876,RECEIVED,Missing item,2024-02-25,2024-02-25
RET00001254,ORD0040883,CUST040883,APPROVED,Wrong item,2023-11-21,2023-11-21
RET00001255,ORD0040929,CUST040929,REQUESTED,Missing item,2023-09-20,
RET00001256,ORD0041061,CUST041061,COMPLETED,Product issue,2020-10-29,2020-10-29
RET00001257,ORD0041082,CUST041082,RECEIVED,Product issue,2024-01-30,2024-01-30
RET00001258,ORD0041172,CUST041172,COMPLETED,Not needed,2023-10-24,2023-10-24
RET00001259,ORD0041189,CUST041189,COMPLETED,Not needed,2023-01-20,2023-01-20
RET00001260,ORD0041217,CUST041217,PICKUP_SCHEDULED,Product issue,2024-05-28,2024-05-28
RET00001261,ORD0041233,CUST041233,RECEIVED,Not needed,2022-07-25,2022-07-25
RET00001262,ORD0041240,CUST041240,RECEIVED,Product issue,2023-03-22,2023-03-22
RET00001263,ORD0041262,CUST041262,RECEIVED,Wrong item,2024-09-20,2024-09-20
RET00001264,ORD0041298,CUST041298,COMPLETED,Damaged item,2022-07-08,2022-07-08
RET00001265,ORD0041314,CUST041314,COMPLETED,Wrong item,2020-04-17,2020-04-17
RET00001266,ORD0041327,CUST041327,COMPLETED,Wrong item,2024-01-07,2024-01-07
RET00001267,ORD0041343,CUST041343,RECEIVED,Product issue,2022-05-19,2022-05-19
RET00001268,ORD0041408,CUST041408,PICKUP_SCHEDULED,Damaged item,2020-04-25,2020-04-25
RET00001269,ORD0041445,CUST041445,COMPLETED,Missing item,2023-12-16,2023-12-16
RET00001270,ORD0041475,CUST041475,COMPLETED,Not needed,2022-11-10,2022-11-10
RET00001271,ORD0041584,CUST041584,RECEIVED,Damaged item,2022-06-26,2022-06-26
RET00001272,ORD0041598,CUST041598,COMPLETED,Missing item,2023-01-02,2023-01-02
RET00001273,ORD0041668,CUST041668,RECEIVED,Wrong item,2020-11-13,2020-11-13
RET00001274,ORD0041704,CUST041704,COMPLETED,Damaged item,2022-05-21,2022-05-21
RET00001275,ORD0041730,CUST041730,REQUESTED,Not needed,2020-07-07,
RET00001276,ORD0041733,CUST041733,APPROVED,Wrong item,2024-09-15,2024-09-15
RET00001277,ORD0041734,CUST041734,APPROVED,Missing item,2023-02-02,2023-02-02
RET00001278,ORD0041762,CUST041762,REQUESTED,Damaged item,2021-03-07,
RET00001279,ORD0041774,CUST041774,COMPLETED,Product issue,2020-04-28,2020-04-28
RET00001280,ORD0041782,CUST041782,REQUESTED,Product issue,2020-07-14,
RET00001281,ORD0041806,CUST041806,RECEIVED,Product issue,2020-03-20,2020-03-20
RET00001282,ORD0041836,CUST041836,COMPLETED,Not needed,2021-09-18,2021-09-18
RET00001283,ORD0041922,CUST041922,APPROVED,Missing item,2022-04-08,2022-04-08
RET00001284,ORD0041925,CUST041925,RECEIVED,Damaged item,2023-12-31,2023-12-31
RET00001285,ORD0041966,CUST041966,COMPLETED,Missing item,2020-01-04,2020-01-04
RET00001286,ORD0041973,CUST041973,RECEIVED,Missing item,2023-08-30,2023-08-30
RET00001287,ORD0042017,CUST042017,REQUESTED,Product issue,2022-02-18,
RET00001288,ORD0042025,CUST042025,COMPLETED,Product issue,2021-03-20,2021-03-20
RET00001289,ORD0042114,CUST042114,APPROVED,Missing item,2023-06-15,2023-06-15
RET00001290,ORD0042187,CUST042187,REQUESTED,Wrong item,2020-04-03,
RET00001291,ORD0042224,CUST042224,COMPLETED,Wrong item,2021-12-08,2021-12-08
RET00001292,ORD0042274,CUST042274,COMPLETED,Not needed,2021-06-21,2021-06-21
RET00001293,ORD0042278,CUST042278,REQUESTED,Damaged item,2020-07-03,
RET00001294,ORD0042321,CUST042321,APPROVED,Wrong item,2021-12-01,2021-12-01
RET00001295,ORD0042352,CUST042352,REQUESTED,Wrong item,2023-05-31,
RET00001296,ORD0042360,CUST042360,REQUESTED,Wrong item,2023-01-04,
RET00001297,ORD0042423,CUST042423,COMPLETED,Damaged item,2020-08-18,2020-08-18
RET00001298,ORD0042427,CUST042427,COMPLETED,Damaged item,2020-11-30,2020-11-30
RET00001299,ORD0042438,CUST042438,PICKUP_SCHEDULED,Not needed,2024-12-19,2024-12-19
RET00001300,ORD0042462,CUST042462,REQUESTED,Damaged item,2023-10-07,
RET00001301,ORD0042474,CUST042474,PICKUP_SCHEDULED,Product issue,2024-09-21,2024-09-21
RET00001302,ORD0042538,CUST042538,APPROVED,Damaged item,2020-02-14,2020-02-14
RET00001303,ORD0042594,CUST042594,COMPLETED,Wrong item,2020-02-04,2020-02-04
RET00001304,ORD0042646,CUST042646,APPROVED,Not needed,2023-09-14,2023-09-14
RET00001305,ORD0042656,CUST042656,PICKUP_SCHEDULED,Product issue,2024-08-01,2024-08-01
RET00001306,ORD0042758,CUST042758,RECEIVED,Damaged item,2022-03-04,2022-03-04
RET00001307,ORD0042765,CUST042765,REQUESTED,Product issue,2021-07-24,
RET00001308,ORD0042832,CUST042832,COMPLETED,Damaged item,2020-10-23,2020-10-23
RET00001309,ORD0042875,CUST042875,RECEIVED,Damaged item,2021-08-24,2021-08-24
RET00001310,ORD0042894,CUST042894,PICKUP_SCHEDULED,Missing item,2022-12-31,2022-12-31
RET00001311,ORD0042959,CUST042959,PICKUP_SCHEDULED,Wrong item,2020-06-17,2020-06-17
RET00001312,ORD0042965,CUST042965,RECEIVED,Wrong item,2023-06-25,2023-06-25
RET00001313,ORD0042984,CUST042984,PICKUP_SCHEDULED,Wrong item,2022-11-16,2022-11-16
RET00001314,ORD0043008,CUST043008,COMPLETED,Missing item,2020-03-07,2020-03-07
RET00001315,ORD0043052,CUST043052,RECEIVED,Product issue,2020-03-16,2020-03-16
RET00001316,ORD0043058,CUST043058,COMPLETED,Wrong item,2021-08-14,2021-08-14
RET00001317,ORD0043076,CUST043076,APPROVED,Damaged item,2021-01-23,2021-01-23
RET00001318,ORD0043081,CUST043081,REQUESTED,Product issue,2024-11-24,
RET00001319,ORD0043096,CUST043096,COMPLETED,Not needed,2022-02-24,2022-02-24
RET00001320,ORD0043118,CUST043118,PICKUP_SCHEDULED,Wrong item,2024-01-31,2024-01-31
RET00001321,ORD0043132,CUST043132,RECEIVED,Product issue,2022-08-09,2022-08-09
RET00001322,ORD0043158,CUST043158,COMPLETED,Wrong item,2024-07-02,2024-07-02
RET00001323,ORD0043181,CUST043181,REQUESTED,Product issue,2024-08-07,
RET00001324,ORD0043196,CUST043196,PICKUP_SCHEDULED,Wrong item,2022-01-30,2022-01-30
RET00001325,ORD0043202,CUST043202,APPROVED,Wrong item,2022-07-16,2022-07-16
RET00001326,ORD0043237,CUST043237,RECEIVED,Missing item,2023-11-26,2023-11-26
RET00001327,ORD0043274,CUST043274,APPROVED,Damaged item,2024-03-03,2024-03-03
RET00001328,ORD0043321,CUST043321,PICKUP_SCHEDULED,Damaged item,2024-05-28,2024-05-28
RET00001329,ORD0043343,CUST043343,COMPLETED,Damaged item,2021-03-27,2021-03-27
RET00001330,ORD0043376,CUST043376,PICKUP_SCHEDULED,Not needed,2020-12-03,2020-12-03
RET00001331,ORD0043393,CUST043393,REQUESTED,Not needed,2022-05-04,
RET00001332,ORD0043468,CUST043468,COMPLETED,Wrong item,2020-07-18,2020-07-18
RET00001333,ORD0043472,CUST043472,COMPLETED,Wrong item,2022-09-16,2022-09-16
RET00001334,ORD0043484,CUST043484,PICKUP_SCHEDULED,Product issue,2024-06-05,2024-06-05
RET00001335,ORD0043558,CUST043558,RECEIVED,Wrong item,2024-06-01,2024-06-01
RET00001336,ORD0043567,CUST043567,PICKUP_SCHEDULED,Damaged item,2021-08-01,2021-08-01
RET00001337,ORD0043602,CUST043602,RECEIVED,Damaged item,2021-04-26,2021-04-26
RET00001338,ORD0043624,CUST043624,PICKUP_SCHEDULED,Product issue,2021-07-16,2021-07-16
RET00001339,ORD0043721,CUST043721,APPROVED,Missing item,2022-11-12,2022-11-12
RET00001340,ORD0043796,CUST043796,COMPLETED,Missing item,2021-06-14,2021-06-14
RET00001341,ORD0043830,CUST043830,REQUESTED,Wrong item,2020-07-28,
RET00001342,ORD0043892,CUST043892,RECEIVED,Damaged item,2022-08-30,2022-08-30
RET00001343,ORD0043908,CUST043908,COMPLETED,Damaged item,2021-08-13,2021-08-13
RET00001344,ORD0043913,CUST043913,PICKUP_SCHEDULED,Missing item,2023-10-22,2023-10-22
RET00001345,ORD0043930,CUST043930,PICKUP_SCHEDULED,Not needed,2021-03-01,2021-03-01
RET00001346,ORD0043959,CUST043959,RECEIVED,Damaged item,2023-07-20,2023-07-20
RET00001347,ORD0044036,CUST044036,REQUESTED,Missing item,2021-12-27,
RET00001348,ORD0044037,CUST044037,COMPLETED,Product issue,2024-03-18,2024-03-18
RET00001349,ORD0044090,CUST044090,PICKUP_SCHEDULED,Wrong item,2020-01-20,2020-01-20
RET00001350,ORD0044116,CUST044116,APPROVED,Product issue,2020-01-11,2020-01-11
RET00001351,ORD0044163,CUST044163,COMPLETED,Not needed,2020-04-03,2020-04-03
RET00001352,ORD0044168,CUST044168,APPROVED,Wrong item,2021-05-12,2021-05-12
RET00001353,ORD0044225,CUST044225,COMPLETED,Missing item,2021-08-14,2021-08-14
RET00001354,ORD0044244,CUST044244,PICKUP_SCHEDULED,Missing item,2024-03-27,2024-03-27
RET00001355,ORD0044248,CUST044248,COMPLETED,Product issue,2021-01-16,2021-01-16
RET00001356,ORD0044265,CUST044265,APPROVED,Wrong item,2021-09-24,2021-09-24
RET00001357,ORD0044292,CUST044292,RECEIVED,Damaged item,2023-11-26,2023-11-26
RET00001358,ORD0044322,CUST044322,RECEIVED,Wrong item,2023-11-04,2023-11-04
RET00001359,ORD0044326,CUST044326,APPROVED,Damaged item,2022-02-06,2022-02-06
RET00001360,ORD0044329,CUST044329,PICKUP_SCHEDULED,Wrong item,2022-10-11,2022-10-11
RET00001361,ORD0044332,CUST044332,APPROVED,Wrong item,2022-04-05,2022-04-05
RET00001362,ORD0044369,CUST044369,RECEIVED,Product issue,2023-06-05,2023-06-05
RET00001363,ORD0044405,CUST044405,COMPLETED,Missing item,2020-06-24,2020-06-24
RET00001364,ORD0044423,CUST044423,APPROVED,Wrong item,2024-01-23,2024-01-23
RET00001365,ORD0044430,CUST044430,PICKUP_SCHEDULED,Wrong item,2023-10-27,2023-10-27
RET00001366,ORD0044484,CUST044484,PICKUP_SCHEDULED,Wrong item,2023-05-12,2023-05-12
RET00001367,ORD0044498,CUST044498,COMPLETED,Missing item,2020-04-24,2020-04-24
RET00001368,ORD0044567,CUST044567,APPROVED,Missing item,2020-09-14,2020-09-14
RET00001369,ORD0044664,CUST044664,REQUESTED,Product issue,2021-05-10,
RET00001370,ORD0044716,CUST044716,REQUESTED,Wrong item,2024-12-14,
RET00001371,ORD0044741,CUST044741,PICKUP_SCHEDULED,Missing item,2024-01-03,2024-01-03
RET00001372,ORD0044749,CUST044749,RECEIVED,Not needed,2023-07-18,2023-07-18
RET00001373,ORD0044832,CUST044832,COMPLETED,Missing item,2022-06-15,2022-06-15
RET00001374,ORD0044916,CUST044916,COMPLETED,Missing item,2023-04-29,2023-04-29
RET00001375,ORD0044922,CUST044922,PICKUP_SCHEDULED,Missing item,2022-12-11,2022-12-11
RET00001376,ORD0044924,CUST044924,APPROVED,Not needed,2023-08-18,2023-08-18
RET00001377,ORD0044941,CUST044941,COMPLETED,Product issue,2023-11-23,2023-11-23
RET00001378,ORD0044985,CUST044985,APPROVED,Missing item,2021-06-28,2021-06-28
RET00001379,ORD0044999,CUST044999,PICKUP_SCHEDULED,Wrong item,2020-11-10,2020-11-10
RET00001380,ORD0045040,CUST045040,COMPLETED,Missing item,2021-07-09,2021-07-09
RET00001381,ORD0045068,CUST045068,APPROVED,Wrong item,2022-02-02,2022-02-02
RET00001382,ORD0045104,CUST045104,APPROVED,Not needed,2024-01-02,2024-01-02
RET00001383,ORD0045159,CUST045159,COMPLETED,Damaged item,2021-10-03,2021-10-03
RET00001384,ORD0045169,CUST045169,APPROVED,Wrong item,2021-04-21,2021-04-21
RET00001385,ORD0045176,CUST045176,REQUESTED,Product issue,2024-11-08,
RET00001386,ORD0045223,CUST045223,COMPLETED,Product issue,2022-04-28,2022-04-28
RET00001387,ORD0045231,CUST045231,REQUESTED,Missing item,2021-04-02,
RET00001388,ORD0045244,CUST045244,COMPLETED,Damaged item,2022-01-15,2022-01-15
RET00001389,ORD0045306,CUST045306,COMPLETED,Wrong item,2022-04-13,2022-04-13
RET00001390,ORD0045321,CUST045321,APPROVED,Missing item,2024-10-21,2024-10-21
RET00001391,ORD0045404,CUST045404,COMPLETED,Product issue,2024-10-22,2024-10-22
RET00001392,ORD0045569,CUST045569,RECEIVED,Missing item,2022-06-14,2022-06-14
RET00001393,ORD0045631,CUST045631,PICKUP_SCHEDULED,Wrong item,2024-07-27,2024-07-27
RET00001394,ORD0045655,CUST045655,COMPLETED,Not needed,2022-04-18,2022-04-18
RET00001395,ORD0045684,CUST045684,COMPLETED,Wrong item,2020-02-27,2020-02-27
RET00001396,ORD0045705,CUST045705,APPROVED,Damaged item,2020-01-13,2020-01-13
RET00001397,ORD0045740,CUST045740,COMPLETED,Missing item,2020-03-03,2020-03-03
RET00001398,ORD0045766,CUST045766,RECEIVED,Product issue,2021-11-05,2021-11-05
RET00001399,ORD0045782,CUST045782,COMPLETED,Wrong item,2022-02-23,2022-02-23
RET00001400,ORD0045790,CUST045790,REQUESTED,Missing item,2024-01-17,
RET00001401,ORD0045829,CUST045829,RECEIVED,Product issue,2022-12-11,2022-12-11
RET00001402,ORD0045859,CUST045859,COMPLETED,Wrong item,2020-12-15,2020-12-15
RET00001403,ORD0045862,CUST045862,REQUESTED,Wrong item,2022-05-28,
RET00001404,ORD0045967,CUST045967,RECEIVED,Product issue,2021-10-19,2021-10-19
RET00001405,ORD0045968,CUST045968,RECEIVED,Missing item,2021-04-16,2021-04-16
RET00001406,ORD0045973,CUST045973,APPROVED,Not needed,2021-10-01,2021-10-01
RET00001407,ORD0046005,CUST046005,RECEIVED,Wrong item,2020-06-22,2020-06-22
RET00001408,ORD0046011,CUST046011,APPROVED,Damaged item,2023-08-24,2023-08-24
RET00001409,ORD0046036,CUST046036,REQUESTED,Missing item,2021-03-27,
RET00001410,ORD0046044,CUST046044,RECEIVED,Not needed,2020-06-12,2020-06-12
RET00001411,ORD0046073,CUST046073,COMPLETED,Product issue,2024-09-28,2024-09-28
RET00001412,ORD0046113,CUST046113,RECEIVED,Damaged item,2021-01-21,2021-01-21
RET00001413,ORD0046131,CUST046131,PICKUP_SCHEDULED,Wrong item,2020-05-07,2020-05-07
RET00001414,ORD0046194,CUST046194,COMPLETED,Wrong item,2022-10-07,2022-10-07
RET00001415,ORD0046195,CUST046195,RECEIVED,Product issue,2023-07-30,2023-07-30
RET00001416,ORD0046205,CUST046205,PICKUP_SCHEDULED,Missing item,2024-12-09,2024-12-09
RET00001417,ORD0046235,CUST046235,APPROVED,Wrong item,2022-09-18,2022-09-18
RET00001418,ORD0046256,CUST046256,RECEIVED,Damaged item,2023-01-23,2023-01-23
RET00001419,ORD0046265,CUST046265,COMPLETED,Not needed,2022-11-12,2022-11-12
RET00001420,ORD0046272,CUST046272,RECEIVED,Missing item,2022-03-30,2022-03-30
RET00001421,ORD0046295,CUST046295,RECEIVED,Damaged item,2020-11-13,2020-11-13
RET00001422,ORD0046314,CUST046314,RECEIVED,Damaged item,2022-01-13,2022-01-13
RET00001423,ORD0046318,CUST046318,PICKUP_SCHEDULED,Not needed,2024-08-04,2024-08-04
RET00001424,ORD0046328,CUST046328,RECEIVED,Missing item,2021-11-06,2021-11-06
RET00001425,ORD0046361,CUST046361,REQUESTED,Damaged item,2021-04-06,
RET00001426,ORD0046367,CUST046367,COMPLETED,Product issue,2020-05-15,2020-05-15
RET00001427,ORD0046376,CUST046376,COMPLETED,Not needed,2022-06-16,2022-06-16
RET00001428,ORD0046403,CUST046403,APPROVED,Missing item,2023-11-04,2023-11-04
RET00001429,ORD0046429,CUST046429,COMPLETED,Not needed,2024-04-19,2024-04-19
RET00001430,ORD0046450,CUST046450,RECEIVED,Missing item,2020-05-18,2020-05-18
RET00001431,ORD0046489,CUST046489,RECEIVED,Not needed,2020-08-23,2020-08-23
RET00001432,ORD0046511,CUST046511,REQUESTED,Damaged item,2024-06-25,
RET00001433,ORD0046542,CUST046542,COMPLETED,Wrong item,2022-05-09,2022-05-09
RET00001434,ORD0046585,CUST046585,COMPLETED,Damaged item,2020-04-16,2020-04-16
RET00001435,ORD0046639,CUST046639,COMPLETED,Damaged item,2020-05-17,2020-05-17
RET00001436,ORD0046640,CUST046640,REQUESTED,Wrong item,2021-01-01,
RET00001437,ORD0046682,CUST046682,PICKUP_SCHEDULED,Product issue,2023-05-20,2023-05-20
RET00001438,ORD0046686,CUST046686,RECEIVED,Product issue,2024-11-21,2024-11-21
RET00001439,ORD0046699,CUST046699,COMPLETED,Missing item,2020-05-15,2020-05-15
RET00001440,ORD0046711,CUST046711,APPROVED,Not needed,2023-09-17,2023-09-17
RET00001441,ORD0046747,CUST046747,COMPLETED,Wrong item,2021-12-01,2021-12-01
RET00001442,ORD0046790,CUST046790,PICKUP_SCHEDULED,Wrong item,2023-05-15,2023-05-15
RET00001443,ORD0046803,CUST046803,COMPLETED,Product issue,2023-08-24,2023-08-24
RET00001444,ORD0046825,CUST046825,COMPLETED,Not needed,2020-08-03,2020-08-03
RET00001445,ORD0046840,CUST046840,COMPLETED,Missing item,2022-08-16,2022-08-16
RET00001446,ORD0046851,CUST046851,COMPLETED,Missing item,2024-03-08,2024-03-08
RET00001447,ORD0046877,CUST046877,COMPLETED,Missing item,2022-09-16,2022-09-16
RET00001448,ORD0046930,CUST046930,PICKUP_SCHEDULED,Missing item,2021-07-28,2021-07-28
RET00001449,ORD0046938,CUST046938,REQUESTED,Product issue,2022-03-13,
RET00001450,ORD0046981,CUST046981,COMPLETED,Missing item,2020-11-08,2020-11-08
RET00001451,ORD0046987,CUST046987,COMPLETED,Missing item,2020-08-18,2020-08-18
RET00001452,ORD0047021,CUST047021,PICKUP_SCHEDULED,Damaged item,2023-03-10,2023-03-10
RET00001453,ORD0047078,CUST047078,COMPLETED,Missing item,2020-08-17,2020-08-17
RET00001454,ORD0047089,CUST047089,APPROVED,Wrong item,2024-03-08,2024-03-08
RET00001455,ORD0047093,CUST047093,REQUESTED,Missing item,2021-10-09,
RET00001456,ORD0047107,CUST047107,PICKUP_SCHEDULED,Wrong item,2021-05-28,2021-05-28
RET00001457,ORD0047118,CUST047118,COMPLETED,Product issue,2022-03-28,2022-03-28
RET00001458,ORD0047223,CUST047223,RECEIVED,Product issue,2023-05-28,2023-05-28
RET00001459,ORD0047246,CUST047246,COMPLETED,Damaged item,2021-09-21,2021-09-21
RET00001460,ORD0047282,CUST047282,APPROVED,Damaged item,2024-03-22,2024-03-22
RET00001461,ORD0047292,CUST047292,REQUESTED,Missing item,2023-12-04,
RET00001462,ORD0047307,CUST047307,PICKUP_SCHEDULED,Damaged item,2022-05-28,2022-05-28
RET00001463,ORD0047328,CUST047328,REQUESTED,Not needed,2022-10-22,
RET00001464,ORD0047437,CUST047437,RECEIVED,Product issue,2021-01-21,2021-01-21
RET00001465,ORD0047498,CUST047498,COMPLETED,Damaged item,2024-09-27,2024-09-27
RET00001466,ORD0047501,CUST047501,APPROVED,Product issue,2022-05-30,2022-05-30
RET00001467,ORD0047519,CUST047519,COMPLETED,Product issue,2024-04-28,2024-04-28
RET00001468,ORD0047529,CUST047529,APPROVED,Missing item,2020-12-08,2020-12-08
RET00001469,ORD0047573,CUST047573,COMPLETED,Damaged item,2022-04-11,2022-04-11
RET00001470,ORD0047696,CUST047696,PICKUP_SCHEDULED,Damaged item,2021-02-17,2021-02-17
RET00001471,ORD0047707,CUST047707,REQUESTED,Product issue,2024-07-21,
RET00001472,ORD0047759,CUST047759,COMPLETED,Product issue,2020-10-20,2020-10-20
RET00001473,ORD0047761,CUST047761,COMPLETED,Missing item,2022-06-04,2022-06-04
RET00001474,ORD0047796,CUST047796,COMPLETED,Product issue,2021-09-20,2021-09-20
RET00001475,ORD0047814,CUST047814,PICKUP_SCHEDULED,Product issue,2022-07-02,2022-07-02
RET00001476,ORD0047840,CUST047840,REQUESTED,Missing item,2020-10-11,
RET00001477,ORD0047843,CUST047843,REQUESTED,Product issue,2024-07-25,
RET00001478,ORD0047889,CUST047889,APPROVED,Missing item,2024-12-24,2024-12-24
RET00001479,ORD0047967,CUST047967,RECEIVED,Wrong item,2020-01-16,2020-01-16
RET00001480,ORD0048006,CUST048006,RECEIVED,Product issue,2022-12-22,2022-12-22
RET00001481,ORD0048074,CUST048074,COMPLETED,Wrong item,2021-05-23,2021-05-23
RET00001482,ORD0048262,CUST048262,COMPLETED,Missing item,2021-05-23,2021-05-23
RET00001483,ORD0048276,CUST048276,PICKUP_SCHEDULED,Damaged item,2023-01-16,2023-01-16
RET00001484,ORD0048283,CUST048283,RECEIVED,Missing item,2023-11-01,2023-11-01
RET00001485,ORD0048319,CUST048319,RECEIVED,Product issue,2020-04-03,2020-04-03
RET00001486,ORD0048351,CUST048351,PICKUP_SCHEDULED,Damaged item,2023-11-20,2023-11-20
RET00001487,ORD0048363,CUST048363,RECEIVED,Damaged item,2023-07-02,2023-07-02
RET00001488,ORD0048366,CUST048366,REQUESTED,Product issue,2022-12-30,
RET00001489,ORD0048370,CUST048370,REQUESTED,Missing item,2021-04-22,
RET00001490,ORD0048419,CUST048419,COMPLETED,Not needed,2020-10-28,2020-10-28
RET00001491,ORD0048440,CUST048440,APPROVED,Missing item,2021-04-18,2021-04-18
RET00001492,ORD0048556,CUST048556,COMPLETED,Missing item,2020-10-28,2020-10-28
RET00001493,ORD0048565,CUST048565,PICKUP_SCHEDULED,Damaged item,2024-09-21,2024-09-21
RET00001494,ORD0048577,CUST048577,COMPLETED,Not needed,2022-02-16,2022-02-16
RET00001495,ORD0048628,CUST048628,COMPLETED,Damaged item,2024-01-06,2024-01-06
RET00001496,ORD0048658,CUST048658,COMPLETED,Wrong item,2021-03-24,2021-03-24
RET00001497,ORD0048687,CUST048687,COMPLETED,Missing item,2021-07-20,2021-07-20
RET00001498,ORD0048727,CUST048727,COMPLETED,Wrong item,2022-10-14,2022-10-14
RET00001499,ORD0048735,CUST048735,COMPLETED,Damaged item,2020-08-13,2020-08-13
RET00001500,ORD0048749,CUST048749,COMPLETED,Not needed,2021-06-17,2021-06-17
RET00001501,ORD0048761,CUST048761,REQUESTED,Damaged item,2020-05-19,
RET00001502,ORD0048813,CUST048813,APPROVED,Damaged item,2021-10-28,2021-10-28
RET00001503,ORD0048831,CUST048831,COMPLETED,Missing item,2022-04-19,2022-04-19
RET00001504,ORD0048833,CUST048833,REQUESTED,Product issue,2022-06-30,
RET00001505,ORD0048835,CUST048835,COMPLETED,Product issue,2020-02-18,2020-02-18
RET00001506,ORD0048837,CUST048837,PICKUP_SCHEDULED,Product issue,2022-08-23,2022-08-23
RET00001507,ORD0048885,CUST048885,COMPLETED,Not needed,2021-08-29,2021-08-29
RET00001508,ORD0048888,CUST048888,APPROVED,Not needed,2022-10-28,2022-10-28
RET00001509,ORD0048894,CUST048894,COMPLETED,Not needed,2021-04-02,2021-04-02
RET00001510,ORD0048909,CUST048909,APPROVED,Product issue,2021-03-19,2021-03-19
RET00001511,ORD0048946,CUST048946,COMPLETED,Not needed,2020-06-11,2020-06-11
RET00001512,ORD0048973,CUST048973,COMPLETED,Not needed,2020-02-22,2020-02-22
RET00001513,ORD0048977,CUST048977,APPROVED,Product issue,2020-10-12,2020-10-12
RET00001514,ORD0049013,CUST049013,COMPLETED,Product issue,2020-12-01,2020-12-01
RET00001515,ORD0049134,CUST049134,RECEIVED,Product issue,2023-09-08,2023-09-08
RET00001516,ORD0049143,CUST049143,COMPLETED,Product issue,2022-04-12,2022-04-12
RET00001517,ORD0049184,CUST049184,APPROVED,Product issue,2022-06-05,2022-06-05
RET00001518,ORD0049201,CUST049201,RECEIVED,Not needed,2024-10-04,2024-10-04
RET00001519,ORD0049212,CUST049212,RECEIVED,Wrong item,2023-12-27,2023-12-27
RET00001520,ORD0049252,CUST049252,RECEIVED,Damaged item,2023-11-23,2023-11-23
RET00001521,ORD0049283,CUST049283,APPROVED,Wrong item,2024-04-16,2024-04-16
RET00001522,ORD0049346,CUST049346,PICKUP_SCHEDULED,Product issue,2020-06-25,2020-06-25
RET00001523,ORD0049369,CUST049369,APPROVED,Missing item,2023-11-18,2023-11-18
RET00001524,ORD0049403,CUST049403,RECEIVED,Wrong item,2020-08-12,2020-08-12
RET00001525,ORD0049464,CUST049464,RECEIVED,Not needed,2021-04-03,2021-04-03
RET00001526,ORD0049481,CUST049481,APPROVED,Product issue,2021-12-20,2021-12-20
RET00001527,ORD0049517,CUST049517,RECEIVED,Damaged item,2024-10-28,2024-10-28
RET00001528,ORD0049549,CUST049549,REQUESTED,Not needed,2023-10-25,
RET00001529,ORD0049560,CUST049560,COMPLETED,Product issue,2021-08-25,2021-08-25
RET00001530,ORD0049590,CUST049590,COMPLETED,Missing item,2023-01-21,2023-01-21
RET00001531,ORD0049600,CUST049600,PICKUP_SCHEDULED,Not needed,2021-06-04,2021-06-04
RET00001532,ORD0049654,CUST049654,RECEIVED,Product issue,2022-12-05,2022-12-05
RET00001533,ORD0049684,CUST049684,RECEIVED,Wrong item,2021-11-24,2021-11-24
RET00001534,ORD0049714,CUST049714,PICKUP_SCHEDULED,Wrong item,2021-04-06,2021-04-06
RET00001535,ORD0049726,CUST049726,RECEIVED,Not needed,2021-12-05,2021-12-05
RET00001536,ORD0049745,CUST049745,APPROVED,Missing item,2021-12-18,2021-12-18
RET00001537,ORD0049756,CUST049756,PICKUP_SCHEDULED,Product issue,2020-10-12,2020-10-12
RET00001538,ORD0049822,CUST049822,PICKUP_SCHEDULED,Damaged item,2024-11-06,2024-11-06
RET00001539,ORD0049861,CUST049861,PICKUP_SCHEDULED,Damaged item,2023-09-17,2023-09-17
RET00001540,ORD0049865,CUST049865,COMPLETED,Not needed,2023-12-04,2023-12-04
RET00001541,ORD0049904,CUST049904,COMPLETED,Not needed,2021-04-23,2021-04-23
RET00001542,ORD0049907,CUST049907,COMPLETED,Damaged item,2021-01-21,2021-01-21
RET00001543,ORD0049927,CUST049927,RECEIVED,Wrong item,2023-05-16,2023-05-16
RET00001544,ORD0050002,CUST050002,PICKUP_SCHEDULED,Not needed,2021-08-23,2021-08-23
RET00001545,ORD0050014,CUST050014,REQUESTED,Wrong item,2020-01-05,
RET00001546,ORD0050116,CUST050116,COMPLETED,Wrong item,2023-04-12,2023-04-12
RET00001547,ORD0050178,CUST050178,REQUESTED,Wrong item,2021-01-03,
RET00001548,ORD0050185,CUST050185,APPROVED,Damaged item,2021-12-24,2021-12-24
RET00001549,ORD0050235,CUST050235,COMPLETED,Wrong item,2020-01-02,2020-01-02
RET00001550,ORD0050288,CUST050288,APPROVED,Damaged item,2022-01-03,2022-01-03
RET00001551,ORD0050289,CUST050289,COMPLETED,Damaged item,2022-12-19,2022-12-19
RET00001552,ORD0050454,CUST050454,COMPLETED,Not needed,2021-05-14,2021-05-14
RET00001553,ORD0050471,CUST050471,APPROVED,Not needed,2021-05-01,2021-05-01
RET00001554,ORD0050489,CUST050489,REQUESTED,Product issue,2023-01-04,
RET00001555,ORD0050524,CUST050524,RECEIVED,Product issue,2020-09-10,2020-09-10
RET00001556,ORD0050557,CUST050557,COMPLETED,Damaged item,2023-02-25,2023-02-25
RET00001557,ORD0050583,CUST050583,COMPLETED,Damaged item,2022-07-25,2022-07-25
RET00001558,ORD0050586,CUST050586,COMPLETED,Damaged item,2023-09-09,2023-09-09
RET00001559,ORD0050590,CUST050590,RECEIVED,Not needed,2022-05-11,2022-05-11
RET00001560,ORD0050595,CUST050595,APPROVED,Damaged item,2023-01-31,2023-01-31
RET00001561,ORD0050733,CUST050733,APPROVED,Wrong item,2021-09-03,2021-09-03
RET00001562,ORD0050789,CUST050789,APPROVED,Wrong item,2023-12-30,2023-12-30
RET00001563,ORD0050803,CUST050803,PICKUP_SCHEDULED,Damaged item,2022-10-20,2022-10-20
RET00001564,ORD0050827,CUST050827,RECEIVED,Wrong item,2024-06-23,2024-06-23
RET00001565,ORD0050830,CUST050830,PICKUP_SCHEDULED,Wrong item,2021-10-01,2021-10-01
RET00001566,ORD0050866,CUST050866,RECEIVED,Wrong item,2020-11-19,2020-11-19
RET00001567,ORD0050874,CUST050874,RECEIVED,Wrong item,2021-11-15,2021-11-15
RET00001568,ORD0050908,CUST050908,RECEIVED,Damaged item,2024-08-24,2024-08-24
RET00001569,ORD0050912,CUST050912,RECEIVED,Damaged item,2023-03-03,2023-03-03
RET00001570,ORD0050919,CUST050919,COMPLETED,Product issue,2022-05-19,2022-05-19
RET00001571,ORD0050929,CUST050929,COMPLETED,Damaged item,2022-06-25,2022-06-25
RET00001572,ORD0050986,CUST050986,COMPLETED,Damaged item,2022-05-15,2022-05-15
RET00001573,ORD0050992,CUST050992,COMPLETED,Wrong item,2023-02-17,2023-02-17
RET00001574,ORD0051030,CUST051030,COMPLETED,Missing item,2021-07-31,2021-07-31
RET00001575,ORD0051036,CUST051036,COMPLETED,Missing item,2022-10-16,2022-10-16
RET00001576,ORD0051078,CUST051078,APPROVED,Wrong item,2022-04-10,2022-04-10
RET00001577,ORD0051088,CUST051088,COMPLETED,Product issue,2020-10-09,2020-10-09
RET00001578,ORD0051092,CUST051092,REQUESTED,Missing item,2024-05-19,
RET00001579,ORD0051103,CUST051103,COMPLETED,Missing item,2023-09-25,2023-09-25
RET00001580,ORD0051106,CUST051106,RECEIVED,Missing item,2021-12-25,2021-12-25
RET00001581,ORD0051141,CUST051141,REQUESTED,Product issue,2022-05-27,
RET00001582,ORD0051308,CUST051308,COMPLETED,Missing item,2024-01-18,2024-01-18
RET00001583,ORD0051332,CUST051332,COMPLETED,Wrong item,2024-05-12,2024-05-12
RET00001584,ORD0051388,CUST051388,COMPLETED,Not needed,2020-04-14,2020-04-14
RET00001585,ORD0051403,CUST051403,COMPLETED,Damaged item,2022-08-30,2022-08-30
RET00001586,ORD0051408,CUST051408,COMPLETED,Missing item,2022-06-24,2022-06-24
RET00001587,ORD0051422,CUST051422,RECEIVED,Missing item,2021-01-16,2021-01-16
RET00001588,ORD0051427,CUST051427,RECEIVED,Not needed,2024-01-08,2024-01-08
RET00001589,ORD0051456,CUST051456,COMPLETED,Missing item,2024-08-13,2024-08-13
RET00001590,ORD0051479,CUST051479,RECEIVED,Not needed,2020-09-21,2020-09-21
RET00001591,ORD0051529,CUST051529,RECEIVED,Wrong item,2024-02-07,2024-02-07
RET00001592,ORD0051586,CUST051586,REQUESTED,Damaged item,2021-05-15,
RET00001593,ORD0051594,CUST051594,APPROVED,Not needed,2022-04-20,2022-04-20
RET00001594,ORD0051636,CUST051636,REQUESTED,Product issue,2023-09-12,
RET00001595,ORD0051651,CUST051651,COMPLETED,Wrong item,2022-08-18,2022-08-18
RET00001596,ORD0051689,CUST051689,COMPLETED,Damaged item,2023-08-29,2023-08-29
RET00001597,ORD0051714,CUST051714,RECEIVED,Not needed,2024-08-21,2024-08-21
RET00001598,ORD0051724,CUST051724,APPROVED,Wrong item,2024-03-11,2024-03-11
RET00001599,ORD0051789,CUST051789,APPROVED,Missing item,2020-05-16,2020-05-16
RET00001600,ORD0051818,CUST051818,APPROVED,Wrong item,2024-11-15,2024-11-15
RET00001601,ORD0051825,CUST051825,PICKUP_SCHEDULED,Product issue,2021-09-07,2021-09-07
RET00001602,ORD0051857,CUST051857,COMPLETED,Damaged item,2022-10-23,2022-10-23
RET00001603,ORD0051884,CUST051884,COMPLETED,Not needed,2020-09-06,2020-09-06
RET00001604,ORD0051930,CUST051930,RECEIVED,Wrong item,2024-09-20,2024-09-20
RET00001605,ORD0051937,CUST051937,RECEIVED,Wrong item,2024-04-30,2024-04-30
RET00001606,ORD0051993,CUST051993,RECEIVED,Missing item,2023-02-10,2023-02-10
RET00001607,ORD0052032,CUST052032,COMPLETED,Product issue,2023-11-06,2023-11-06
RET00001608,ORD0052058,CUST052058,COMPLETED,Damaged item,2022-05-09,2022-05-09
RET00001609,ORD0052137,CUST052137,RECEIVED,Not needed,2021-01-01,2021-01-01
RET00001610,ORD0052149,CUST052149,REQUESTED,Damaged item,2021-04-02,
RET00001611,ORD0052206,CUST052206,REQUESTED,Product issue,2023-11-26,
RET00001612,ORD0052211,CUST052211,RECEIVED,Damaged item,2021-08-10,2021-08-10
RET00001613,ORD0052251,CUST052251,REQUESTED,Not needed,2020-11-15,
RET00001614,ORD0052298,CUST052298,RECEIVED,Missing item,2022-03-01,2022-03-01
RET00001615,ORD0052344,CUST052344,COMPLETED,Not needed,2023-05-16,2023-05-16
RET00001616,ORD0052354,CUST052354,RECEIVED,Missing item,2022-08-25,2022-08-25
RET00001617,ORD0052396,CUST052396,PICKUP_SCHEDULED,Product issue,2021-08-24,2021-08-24
RET00001618,ORD0052397,CUST052397,APPROVED,Not needed,2020-11-23,2020-11-23
RET00001619,ORD0052409,CUST052409,RECEIVED,Missing item,2023-12-20,2023-12-20
RET00001620,ORD0052419,CUST052419,APPROVED,Wrong item,2022-06-30,2022-06-30
RET00001621,ORD0052552,CUST052552,RECEIVED,Missing item,2023-09-11,2023-09-11
RET00001622,ORD0052570,CUST052570,REQUESTED,Not needed,2021-12-31,
RET00001623,ORD0052571,CUST052571,REQUESTED,Damaged item,2020-04-20,
RET00001624,ORD0052627,CUST052627,COMPLETED,Not needed,2024-06-18,2024-06-18
RET00001625,ORD0052634,CUST052634,REQUESTED,Wrong item,2022-02-25,
RET00001626,ORD0052653,CUST052653,APPROVED,Product issue,2023-09-25,2023-09-25
RET00001627,ORD0052699,CUST052699,PICKUP_SCHEDULED,Product issue,2023-08-15,2023-08-15
RET00001628,ORD0052721,CUST052721,RECEIVED,Missing item,2020-12-07,2020-12-07
RET00001629,ORD0052914,CUST052914,COMPLETED,Not needed,2024-12-02,2024-12-02
RET00001630,ORD0052915,CUST052915,COMPLETED,Damaged item,2022-11-09,2022-11-09
RET00001631,ORD0052950,CUST052950,COMPLETED,Wrong item,2020-12-30,2020-12-30
RET00001632,ORD0052960,CUST052960,RECEIVED,Not needed,2020-07-07,2020-07-07
RET00001633,ORD0052987,CUST052987,RECEIVED,Not needed,2024-05-14,2024-05-14
RET00001634,ORD0053000,CUST053000,PICKUP_SCHEDULED,Not needed,2024-05-07,2024-05-07
RET00001635,ORD0053076,CUST053076,RECEIVED,Missing item,2022-07-12,2022-07-12
RET00001636,ORD0053091,CUST053091,COMPLETED,Product issue,2023-05-20,2023-05-20
RET00001637,ORD0053169,CUST053169,RECEIVED,Missing item,2023-11-27,2023-11-27
RET00001638,ORD0053219,CUST053219,APPROVED,Wrong item,2020-02-12,2020-02-12
RET00001639,ORD0053246,CUST053246,APPROVED,Missing item,2020-07-08,2020-07-08
RET00001640,ORD0053253,CUST053253,COMPLETED,Wrong item,2021-11-10,2021-11-10
RET00001641,ORD0053274,CUST053274,RECEIVED,Not needed,2021-08-06,2021-08-06
RET00001642,ORD0053294,CUST053294,PICKUP_SCHEDULED,Product issue,2020-09-29,2020-09-29
RET00001643,ORD0053312,CUST053312,APPROVED,Missing item,2024-08-28,2024-08-28
RET00001644,ORD0053316,CUST053316,COMPLETED,Damaged item,2023-02-18,2023-02-18
RET00001645,ORD0053378,CUST053378,REQUESTED,Product issue,2023-07-22,
RET00001646,ORD0053389,CUST053389,COMPLETED,Damaged item,2024-01-23,2024-01-23
RET00001647,ORD0053413,CUST053413,COMPLETED,Damaged item,2023-08-13,2023-08-13
RET00001648,ORD0053465,CUST053465,COMPLETED,Missing item,2024-07-25,2024-07-25
RET00001649,ORD0053512,CUST053512,PICKUP_SCHEDULED,Not needed,2022-06-30,2022-06-30
RET00001650,ORD0053567,CUST053567,APPROVED,Missing item,2023-08-23,2023-08-23
RET00001651,ORD0053597,CUST053597,COMPLETED,Wrong item,2020-07-06,2020-07-06
RET00001652,ORD0053651,CUST053651,REQUESTED,Product issue,2023-11-01,
RET00001653,ORD0053659,CUST053659,APPROVED,Missing item,2022-10-25,2022-10-25
RET00001654,ORD0053677,CUST053677,PICKUP_SCHEDULED,Wrong item,2024-06-05,2024-06-05
RET00001655,ORD0053679,CUST053679,REQUESTED,Wrong item,2023-04-18,
RET00001656,ORD0053709,CUST053709,REQUESTED,Damaged item,2021-03-21,
RET00001657,ORD0053720,CUST053720,RECEIVED,Wrong item,2024-07-28,2024-07-28
RET00001658,ORD0053724,CUST053724,REQUESTED,Product issue,2024-12-11,
RET00001659,ORD0053788,CUST053788,REQUESTED,Damaged item,2020-01-10,
RET00001660,ORD0053789,CUST053789,COMPLETED,Not needed,2020-03-27,2020-03-27
RET00001661,ORD0053796,CUST053796,COMPLETED,Damaged item,2023-05-05,2023-05-05
RET00001662,ORD0053819,CUST053819,RECEIVED,Damaged item,2021-04-19,2021-04-19
RET00001663,ORD0053827,CUST053827,RECEIVED,Not needed,2022-02-16,2022-02-16
RET00001664,ORD0053845,CUST053845,REQUESTED,Missing item,2020-04-14,
RET00001665,ORD0053899,CUST053899,APPROVED,Not needed,2020-02-06,2020-02-06
RET00001666,ORD0053979,CUST053979,PICKUP_SCHEDULED,Wrong item,2023-01-22,2023-01-22
RET00001667,ORD0053997,CUST053997,REQUESTED,Damaged item,2023-11-29,
RET00001668,ORD0054009,CUST054009,COMPLETED,Product issue,2022-04-24,2022-04-24
RET00001669,ORD0054016,CUST054016,RECEIVED,Missing item,2023-09-06,2023-09-06
RET00001670,ORD0054017,CUST054017,COMPLETED,Not needed,2022-03-24,2022-03-24
RET00001671,ORD0054040,CUST054040,PICKUP_SCHEDULED,Damaged item,2020-03-26,2020-03-26
RET00001672,ORD0054080,CUST054080,PICKUP_SCHEDULED,Not needed,2024-12-14,2024-12-14
RET00001673,ORD0054189,CUST054189,COMPLETED,Damaged item,2022-02-09,2022-02-09
RET00001674,ORD0054193,CUST054193,APPROVED,Missing item,2021-06-21,2021-06-21
RET00001675,ORD0054225,CUST054225,APPROVED,Not needed,2020-08-08,2020-08-08
RET00001676,ORD0054234,CUST054234,RECEIVED,Damaged item,2024-09-29,2024-09-29
RET00001677,ORD0054297,CUST054297,REQUESTED,Product issue,2021-01-13,
RET00001678,ORD0054317,CUST054317,COMPLETED,Not needed,2024-05-25,2024-05-25
RET00001679,ORD0054325,CUST054325,APPROVED,Wrong item,2021-09-06,2021-09-06
RET00001680,ORD0054331,CUST054331,RECEIVED,Not needed,2023-01-21,2023-01-21
RET00001681,ORD0054357,CUST054357,COMPLETED,Not needed,2021-05-20,2021-05-20
RET00001682,ORD0054377,CUST054377,APPROVED,Missing item,2020-07-05,2020-07-05
RET00001683,ORD0054431,CUST054431,REQUESTED,Wrong item,2024-09-14,
RET00001684,ORD0054447,CUST054447,RECEIVED,Product issue,2023-03-31,2023-03-31
RET00001685,ORD0054487,CUST054487,COMPLETED,Product issue,2020-07-06,2020-07-06
RET00001686,ORD0054597,CUST054597,COMPLETED,Wrong item,2023-11-06,2023-11-06
RET00001687,ORD0054631,CUST054631,APPROVED,Not needed,2022-09-20,2022-09-20
RET00001688,ORD0054743,CUST054743,APPROVED,Wrong item,2022-07-18,2022-07-18
RET00001689,ORD0054812,CUST054812,COMPLETED,Not needed,2020-03-21,2020-03-21
RET00001690,ORD0054858,CUST054858,RECEIVED,Damaged item,2020-12-11,2020-12-11
RET00001691,ORD0054962,CUST054962,COMPLETED,Not needed,2021-04-23,2021-04-23
RET00001692,ORD0054974,CUST054974,RECEIVED,Not needed,2024-03-04,2024-03-04
RET00001693,ORD0054999,CUST054999,PICKUP_SCHEDULED,Not needed,2024-10-27,2024-10-27
RET00001694,ORD0055055,CUST055055,REQUESTED,Not needed,2020-02-06,
RET00001695,ORD0055060,CUST055060,RECEIVED,Not needed,2023-02-07,2023-02-07
RET00001696,ORD0055084,CUST055084,COMPLETED,Product issue,2023-08-11,2023-08-11
RET00001697,ORD0055089,CUST055089,PICKUP_SCHEDULED,Damaged item,2022-07-09,2022-07-09
RET00001698,ORD0055138,CUST055138,RECEIVED,Wrong item,2023-11-16,2023-11-16
RET00001699,ORD0055140,CUST055140,COMPLETED,Damaged item,2024-03-16,2024-03-16
RET00001700,ORD0055151,CUST055151,COMPLETED,Product issue,2022-05-29,2022-05-29
RET00001701,ORD0055185,CUST055185,PICKUP_SCHEDULED,Damaged item,2020-03-19,2020-03-19
RET00001702,ORD0055282,CUST055282,PICKUP_SCHEDULED,Wrong item,2020-02-21,2020-02-21
RET00001703,ORD0055337,CUST055337,COMPLETED,Not needed,2024-06-17,2024-06-17
RET00001704,ORD0055347,CUST055347,RECEIVED,Not needed,2021-07-08,2021-07-08
RET00001705,ORD0055421,CUST055421,PICKUP_SCHEDULED,Wrong item,2023-10-18,2023-10-18
RET00001706,ORD0055468,CUST055468,RECEIVED,Missing item,2021-12-09,2021-12-09
RET00001707,ORD0055501,CUST055501,PICKUP_SCHEDULED,Missing item,2020-10-28,2020-10-28
RET00001708,ORD0055517,CUST055517,COMPLETED,Damaged item,2022-04-23,2022-04-23
RET00001709,ORD0055549,CUST055549,COMPLETED,Not needed,2020-11-13,2020-11-13
RET00001710,ORD0055554,CUST055554,PICKUP_SCHEDULED,Wrong item,2024-10-09,2024-10-09
RET00001711,ORD0055584,CUST055584,RECEIVED,Product issue,2022-11-20,2022-11-20
RET00001712,ORD0055643,CUST055643,COMPLETED,Wrong item,2023-12-16,2023-12-16
RET00001713,ORD0055644,CUST055644,COMPLETED,Product issue,2024-02-08,2024-02-08
RET00001714,ORD0055648,CUST055648,COMPLETED,Missing item,2023-11-08,2023-11-08
RET00001715,ORD0055684,CUST055684,RECEIVED,Missing item,2023-10-22,2023-10-22
RET00001716,ORD0055751,CUST055751,COMPLETED,Product issue,2020-03-18,2020-03-18
RET00001717,ORD0055765,CUST055765,RECEIVED,Wrong item,2023-09-25,2023-09-25
RET00001718,ORD0055786,CUST055786,COMPLETED,Wrong item,2024-11-22,2024-11-22
RET00001719,ORD0055810,CUST055810,COMPLETED,Damaged item,2022-12-18,2022-12-18
RET00001720,ORD0055820,CUST055820,COMPLETED,Product issue,2022-03-26,2022-03-26
RET00001721,ORD0055893,CUST055893,RECEIVED,Missing item,2021-06-29,2021-06-29
RET00001722,ORD0055899,CUST055899,COMPLETED,Wrong item,2022-02-07,2022-02-07
RET00001723,ORD0055959,CUST055959,REQUESTED,Damaged item,2021-04-03,
RET00001724,ORD0055978,CUST055978,PICKUP_SCHEDULED,Not needed,2022-01-29,2022-01-29
RET00001725,ORD0055982,CUST055982,APPROVED,Product issue,2022-09-18,2022-09-18
RET00001726,ORD0055991,CUST055991,REQUESTED,Missing item,2020-02-29,
RET00001727,ORD0056026,CUST056026,PICKUP_SCHEDULED,Not needed,2021-12-19,2021-12-19
RET00001728,ORD0056090,CUST056090,RECEIVED,Wrong item,2022-05-19,2022-05-19
RET00001729,ORD0056094,CUST056094,COMPLETED,Wrong item,2020-07-29,2020-07-29
RET00001730,ORD0056132,CUST056132,COMPLETED,Product issue,2022-12-20,2022-12-20
RET00001731,ORD0056173,CUST056173,COMPLETED,Wrong item,2023-03-15,2023-03-15
RET00001732,ORD0056188,CUST056188,COMPLETED,Wrong item,2020-09-14,2020-09-14
RET00001733,ORD0056208,CUST056208,PICKUP_SCHEDULED,Damaged item,2024-01-08,2024-01-08
RET00001734,ORD0056211,CUST056211,REQUESTED,Missing item,2020-09-14,
RET00001735,ORD0056214,CUST056214,COMPLETED,Product issue,2023-07-30,2023-07-30
RET00001736,ORD0056237,CUST056237,REQUESTED,Product issue,2021-05-25,
RET00001737,ORD0056267,CUST056267,COMPLETED,Missing item,2021-08-01,2021-08-01
RET00001738,ORD0056276,CUST056276,APPROVED,Product issue,2020-04-22,2020-04-22
RET00001739,ORD0056310,CUST056310,APPROVED,Product issue,2024-09-08,2024-09-08
RET00001740,ORD0056484,CUST056484,RECEIVED,Damaged item,2024-11-14,2024-11-14
RET00001741,ORD0056493,CUST056493,COMPLETED,Missing item,2021-11-19,2021-11-19
RET00001742,ORD0056535,CUST056535,APPROVED,Not needed,2023-05-11,2023-05-11
RET00001743,ORD0056629,CUST056629,REQUESTED,Wrong item,2024-09-20,
RET00001744,ORD0056650,CUST056650,REQUESTED,Missing item,2023-11-07,
RET00001745,ORD0056683,CUST056683,APPROVED,Not needed,2023-09-10,2023-09-10
RET00001746,ORD0056722,CUST056722,COMPLETED,Missing item,2022-05-14,2022-05-14
RET00001747,ORD0056770,CUST056770,REQUESTED,Missing item,2020-09-21,
RET00001748,ORD0056786,CUST056786,COMPLETED,Missing item,2021-02-01,2021-02-01
RET00001749,ORD0056890,CUST056890,COMPLETED,Product issue,2024-11-14,2024-11-14
RET00001750,ORD0056963,CUST056963,PICKUP_SCHEDULED,Missing item,2024-06-23,2024-06-23
RET00001751,ORD0057033,CUST057033,COMPLETED,Wrong item,2022-06-14,2022-06-14
RET00001752,ORD0057043,CUST057043,COMPLETED,Not needed,2020-07-24,2020-07-24
RET00001753,ORD0057075,CUST057075,APPROVED,Product issue,2020-01-23,2020-01-23
RET00001754,ORD0057101,CUST057101,COMPLETED,Wrong item,2024-04-11,2024-04-11
RET00001755,ORD0057106,CUST057106,REQUESTED,Damaged item,2022-07-07,
RET00001756,ORD0057163,CUST057163,RECEIVED,Damaged item,2023-12-17,2023-12-17
RET00001757,ORD0057207,CUST057207,COMPLETED,Wrong item,2020-02-08,2020-02-08
RET00001758,ORD0057260,CUST057260,COMPLETED,Damaged item,2022-02-22,2022-02-22
RET00001759,ORD0057261,CUST057261,RECEIVED,Missing item,2021-08-05,2021-08-05
RET00001760,ORD0057289,CUST057289,RECEIVED,Damaged item,2020-12-21,2020-12-21
RET00001761,ORD0057334,CUST057334,PICKUP_SCHEDULED,Product issue,2023-09-27,2023-09-27
RET00001762,ORD0057375,CUST057375,APPROVED,Damaged item,2020-03-02,2020-03-02
RET00001763,ORD0057454,CUST057454,COMPLETED,Damaged item,2024-10-02,2024-10-02
RET00001764,ORD0057464,CUST057464,COMPLETED,Not needed,2023-02-23,2023-02-23
RET00001765,ORD0057484,CUST057484,COMPLETED,Product issue,2024-08-24,2024-08-24
RET00001766,ORD0057487,CUST057487,RECEIVED,Missing item,2021-04-14,2021-04-14
RET00001767,ORD0057499,CUST057499,COMPLETED,Missing item,2020-04-17,2020-04-17
RET00001768,ORD0057508,CUST057508,COMPLETED,Product issue,2021-09-11,2021-09-11
RET00001769,ORD0057563,CUST057563,PICKUP_SCHEDULED,Damaged item,2023-05-13,2023-05-13
RET00001770,ORD0057571,CUST057571,COMPLETED,Not needed,2021-10-07,2021-10-07
RET00001771,ORD0057575,CUST057575,RECEIVED,Not needed,2020-07-25,2020-07-25
RET00001772,ORD0057595,CUST057595,COMPLETED,Not needed,2020-03-16,2020-03-16
RET00001773,ORD0057599,CUST057599,RECEIVED,Wrong item,2023-02-22,2023-02-22
RET00001774,ORD0057616,CUST057616,COMPLETED,Damaged item,2021-01-04,2021-01-04
RET00001775,ORD0057667,CUST057667,PICKUP_SCHEDULED,Wrong item,2024-02-18,2024-02-18
RET00001776,ORD0057740,CUST057740,PICKUP_SCHEDULED,Wrong item,2024-04-29,2024-04-29
RET00001777,ORD0057758,CUST057758,PICKUP_SCHEDULED,Damaged item,2020-06-22,2020-06-22
RET00001778,ORD0057782,CUST057782,COMPLETED,Not needed,2022-05-27,2022-05-27
RET00001779,ORD0057798,CUST057798,RECEIVED,Missing item,2024-01-22,2024-01-22
RET00001780,ORD0057820,CUST057820,RECEIVED,Missing item,2022-01-30,2022-01-30
RET00001781,ORD0057882,CUST057882,COMPLETED,Wrong item,2023-03-06,2023-03-06
RET00001782,ORD0057911,CUST057911,COMPLETED,Wrong item,2021-09-23,2021-09-23
RET00001783,ORD0057923,CUST057923,RECEIVED,Wrong item,2022-06-11,2022-06-11
RET00001784,ORD0057974,CUST057974,RECEIVED,Damaged item,2021-08-09,2021-08-09
RET00001785,ORD0058005,CUST058005,APPROVED,Missing item,2020-01-13,2020-01-13
RET00001786,ORD0058017,CUST058017,COMPLETED,Damaged item,2024-12-08,2024-12-08
RET00001787,ORD0058078,CUST058078,RECEIVED,Missing item,2022-05-14,2022-05-14
RET00001788,ORD0058138,CUST058138,COMPLETED,Damaged item,2021-11-04,2021-11-04
RET00001789,ORD0058145,CUST058145,COMPLETED,Damaged item,2022-09-25,2022-09-25
RET00001790,ORD0058219,CUST058219,PICKUP_SCHEDULED,Wrong item,2023-02-03,2023-02-03
RET00001791,ORD0058265,CUST058265,PICKUP_SCHEDULED,Wrong item,2021-11-13,2021-11-13
RET00001792,ORD0058333,CUST058333,APPROVED,Damaged item,2020-07-03,2020-07-03
RET00001793,ORD0058378,CUST058378,PICKUP_SCHEDULED,Damaged item,2023-09-01,2023-09-01
RET00001794,ORD0058428,CUST058428,COMPLETED,Damaged item,2024-12-07,2024-12-07
RET00001795,ORD0058446,CUST058446,REQUESTED,Damaged item,2022-11-06,
RET00001796,ORD0058449,CUST058449,RECEIVED,Not needed,2021-08-19,2021-08-19
RET00001797,ORD0058466,CUST058466,COMPLETED,Wrong item,2021-03-05,2021-03-05
RET00001798,ORD0058481,CUST058481,RECEIVED,Missing item,2022-08-15,2022-08-15
RET00001799,ORD0058489,CUST058489,COMPLETED,Wrong item,2024-05-13,2024-05-13
RET00001800,ORD0058496,CUST058496,RECEIVED,Damaged item,2021-06-02,2021-06-02
RET00001801,ORD0058507,CUST058507,PICKUP_SCHEDULED,Not needed,2022-07-19,2022-07-19
RET00001802,ORD0058534,CUST058534,COMPLETED,Product issue,2024-04-20,2024-04-20
RET00001803,ORD0058539,CUST058539,RECEIVED,Damaged item,2023-08-01,2023-08-01
RET00001804,ORD0058552,CUST058552,PICKUP_SCHEDULED,Not needed,2022-07-05,2022-07-05
RET00001805,ORD0058636,CUST058636,COMPLETED,Product issue,2024-02-13,2024-02-13
RET00001806,ORD0058670,CUST058670,RECEIVED,Wrong item,2020-02-05,2020-02-05
RET00001807,ORD0058745,CUST058745,PICKUP_SCHEDULED,Damaged item,2021-04-19,2021-04-19
RET00001808,ORD0058757,CUST058757,RECEIVED,Missing item,2021-06-09,2021-06-09
RET00001809,ORD0058759,CUST058759,APPROVED,Missing item,2022-01-21,2022-01-21
RET00001810,ORD0058774,CUST058774,COMPLETED,Missing item,2023-01-08,2023-01-08
RET00001811,ORD0058810,CUST058810,COMPLETED,Damaged item,2020-11-23,2020-11-23
RET00001812,ORD0058815,CUST058815,COMPLETED,Not needed,2023-12-18,2023-12-18
RET00001813,ORD0058879,CUST058879,COMPLETED,Wrong item,2022-05-16,2022-05-16
RET00001814,ORD0058907,CUST058907,COMPLETED,Product issue,2024-09-12,2024-09-12
RET00001815,ORD0058908,CUST058908,COMPLETED,Wrong item,2022-08-08,2022-08-08
RET00001816,ORD0058916,CUST058916,COMPLETED,Product issue,2021-10-30,2021-10-30
RET00001817,ORD0058933,CUST058933,COMPLETED,Wrong item,2020-06-02,2020-06-02
RET00001818,ORD0058938,CUST058938,COMPLETED,Not needed,2022-04-16,2022-04-16
RET00001819,ORD0058994,CUST058994,REQUESTED,Missing item,2021-07-28,
RET00001820,ORD0059032,CUST059032,REQUESTED,Not needed,2023-09-11,
RET00001821,ORD0059058,CUST059058,COMPLETED,Wrong item,2021-07-20,2021-07-20
RET00001822,ORD0059078,CUST059078,RECEIVED,Wrong item,2024-05-16,2024-05-16
RET00001823,ORD0059096,CUST059096,APPROVED,Product issue,2023-12-28,2023-12-28
RET00001824,ORD0059120,CUST059120,COMPLETED,Product issue,2023-05-23,2023-05-23
RET00001825,ORD0059157,CUST059157,APPROVED,Product issue,2023-03-29,2023-03-29
RET00001826,ORD0059232,CUST059232,REQUESTED,Missing item,2022-03-19,
RET00001827,ORD0059273,CUST059273,APPROVED,Damaged item,2024-11-08,2024-11-08
RET00001828,ORD0059289,CUST059289,COMPLETED,Not needed,2023-11-30,2023-11-30
RET00001829,ORD0059334,CUST059334,COMPLETED,Product issue,2022-08-20,2022-08-20
RET00001830,ORD0059349,CUST059349,RECEIVED,Damaged item,2022-08-08,2022-08-08
RET00001831,ORD0059364,CUST059364,RECEIVED,Wrong item,2024-06-23,2024-06-23
RET00001832,ORD0059368,CUST059368,PICKUP_SCHEDULED,Not needed,2021-09-20,2021-09-20
RET00001833,ORD0059384,CUST059384,APPROVED,Damaged item,2024-10-04,2024-10-04
RET00001834,ORD0059452,CUST059452,REQUESTED,Product issue,2022-05-31,
RET00001835,ORD0059479,CUST059479,APPROVED,Product issue,2022-03-19,2022-03-19
RET00001836,ORD0059517,CUST059517,COMPLETED,Product issue,2023-10-04,2023-10-04
RET00001837,ORD0059531,CUST059531,REQUESTED,Missing item,2021-12-25,
RET00001838,ORD0059586,CUST059586,COMPLETED,Damaged item,2022-03-26,2022-03-26
RET00001839,ORD0059616,CUST059616,COMPLETED,Wrong item,2021-10-19,2021-10-19
RET00001840,ORD0059620,CUST059620,RECEIVED,Wrong item,2020-02-11,2020-02-11
RET00001841,ORD0059635,CUST059635,APPROVED,Wrong item,2024-03-12,2024-03-12
RET00001842,ORD0059663,CUST059663,PICKUP_SCHEDULED,Missing item,2024-02-14,2024-02-14
RET00001843,ORD0059680,CUST059680,COMPLETED,Wrong item,2021-08-09,2021-08-09
RET00001844,ORD0059713,CUST059713,COMPLETED,Damaged item,2021-07-22,2021-07-22
RET00001845,ORD0059774,CUST059774,RECEIVED,Wrong item,2021-03-03,2021-03-03
RET00001846,ORD0059814,CUST059814,APPROVED,Not needed,2021-11-28,2021-11-28
RET00001847,ORD0059902,CUST059902,REQUESTED,Missing item,2024-02-05,
RET00001848,ORD0059946,CUST059946,COMPLETED,Product issue,2020-03-04,2020-03-04
RET00001849,ORD0060155,CUST060155,REQUESTED,Product issue,2023-04-19,
RET00001850,ORD0060160,CUST060160,COMPLETED,Wrong item,2021-07-23,2021-07-23
RET00001851,ORD0060164,CUST060164,COMPLETED,Not needed,2023-05-21,2023-05-21
RET00001852,ORD0060168,CUST060168,COMPLETED,Product issue,2022-02-10,2022-02-10
RET00001853,ORD0060173,CUST060173,REQUESTED,Not needed,2024-03-31,
RET00001854,ORD0060174,CUST060174,PICKUP_SCHEDULED,Product issue,2024-08-09,2024-08-09
RET00001855,ORD0060185,CUST060185,REQUESTED,Missing item,2022-03-14,
RET00001856,ORD0060196,CUST060196,COMPLETED,Not needed,2020-01-28,2020-01-28
RET00001857,ORD0060197,CUST060197,APPROVED,Damaged item,2023-03-28,2023-03-28
RET00001858,ORD0060229,CUST060229,RECEIVED,Wrong item,2024-01-02,2024-01-02
RET00001859,ORD0060266,CUST060266,RECEIVED,Missing item,2024-09-02,2024-09-02
RET00001860,ORD0060349,CUST060349,COMPLETED,Missing item,2020-03-02,2020-03-02
RET00001861,ORD0060366,CUST060366,REQUESTED,Wrong item,2021-10-09,
RET00001862,ORD0060368,CUST060368,APPROVED,Product issue,2024-05-30,2024-05-30
RET00001863,ORD0060411,CUST060411,COMPLETED,Damaged item,2022-12-14,2022-12-14
RET00001864,ORD0060419,CUST060419,APPROVED,Product issue,2022-01-29,2022-01-29
RET00001865,ORD0060420,CUST060420,RECEIVED,Product issue,2023-03-05,2023-03-05
RET00001866,ORD0060478,CUST060478,PICKUP_SCHEDULED,Missing item,2020-08-08,2020-08-08
RET00001867,ORD0060483,CUST060483,PICKUP_SCHEDULED,Damaged item,2020-05-20,2020-05-20
RET00001868,ORD0060502,CUST060502,APPROVED,Damaged item,2023-02-25,2023-02-25
RET00001869,ORD0060520,CUST060520,COMPLETED,Damaged item,2021-02-12,2021-02-12
RET00001870,ORD0060641,CUST060641,PICKUP_SCHEDULED,Damaged item,2024-05-22,2024-05-22
RET00001871,ORD0060675,CUST060675,APPROVED,Not needed,2022-10-03,2022-10-03
RET00001872,ORD0060692,CUST060692,COMPLETED,Damaged item,2023-09-15,2023-09-15
RET00001873,ORD0060698,CUST060698,RECEIVED,Wrong item,2020-04-19,2020-04-19
RET00001874,ORD0060719,CUST060719,PICKUP_SCHEDULED,Missing item,2023-12-14,2023-12-14
RET00001875,ORD0060739,CUST060739,COMPLETED,Wrong item,2023-09-03,2023-09-03
RET00001876,ORD0060774,CUST060774,COMPLETED,Damaged item,2022-10-21,2022-10-21
RET00001877,ORD0060829,CUST060829,RECEIVED,Damaged item,2020-12-03,2020-12-03
RET00001878,ORD0060903,CUST060903,RECEIVED,Not needed,2022-05-09,2022-05-09
RET00001879,ORD0060964,CUST060964,PICKUP_SCHEDULED,Product issue,2020-06-07,2020-06-07
RET00001880,ORD0061020,CUST061020,RECEIVED,Damaged item,2023-04-27,2023-04-27
RET00001881,ORD0061068,CUST061068,APPROVED,Not needed,2020-03-18,2020-03-18
RET00001882,ORD0061100,CUST061100,RECEIVED,Damaged item,2021-06-02,2021-06-02
RET00001883,ORD0061246,CUST061246,APPROVED,Product issue,2020-11-22,2020-11-22
RET00001884,ORD0061342,CUST061342,PICKUP_SCHEDULED,Damaged item,2024-10-21,2024-10-21
RET00001885,ORD0061369,CUST061369,RECEIVED,Product issue,2021-08-26,2021-08-26
RET00001886,ORD0061494,CUST061494,REQUESTED,Wrong item,2023-12-14,
RET00001887,ORD0061557,CUST061557,COMPLETED,Damaged item,2023-04-06,2023-04-06
RET00001888,ORD0061613,CUST061613,COMPLETED,Damaged item,2021-10-12,2021-10-12
RET00001889,ORD0061633,CUST061633,COMPLETED,Product issue,2023-11-27,2023-11-27
RET00001890,ORD0061640,CUST061640,COMPLETED,Damaged item,2022-03-28,2022-03-28
RET00001891,ORD0061647,CUST061647,PICKUP_SCHEDULED,Wrong item,2023-01-26,2023-01-26
RET00001892,ORD0061692,CUST061692,PICKUP_SCHEDULED,Wrong item,2023-06-07,2023-06-07
RET00001893,ORD0061730,CUST061730,RECEIVED,Not needed,2020-04-10,2020-04-10
RET00001894,ORD0061734,CUST061734,APPROVED,Wrong item,2020-12-16,2020-12-16
RET00001895,ORD0061748,CUST061748,PICKUP_SCHEDULED,Not needed,2020-03-09,2020-03-09
RET00001896,ORD0061755,CUST061755,COMPLETED,Damaged item,2021-08-12,2021-08-12
RET00001897,ORD0061773,CUST061773,COMPLETED,Wrong item,2024-09-11,2024-09-11
RET00001898,ORD0061779,CUST061779,RECEIVED,Wrong item,2022-02-07,2022-02-07
RET00001899,ORD0061833,CUST061833,REQUESTED,Product issue,2023-08-27,
RET00001900,ORD0061899,CUST061899,APPROVED,Product issue,2021-01-21,2021-01-21
RET00001901,ORD0061926,CUST061926,PICKUP_SCHEDULED,Not needed,2023-12-25,2023-12-25
RET00001902,ORD0061956,CUST061956,PICKUP_SCHEDULED,Product issue,2020-01-19,2020-01-19
RET00001903,ORD0062005,CUST062005,COMPLETED,Wrong item,2021-01-24,2021-01-24
RET00001904,ORD0062129,CUST062129,REQUESTED,Damaged item,2024-02-08,
RET00001905,ORD0062180,CUST062180,COMPLETED,Damaged item,2024-12-23,2024-12-23
RET00001906,ORD0062185,CUST062185,COMPLETED,Damaged item,2024-08-02,2024-08-02
RET00001907,ORD0062211,CUST062211,COMPLETED,Missing item,2020-08-16,2020-08-16
RET00001908,ORD0062249,CUST062249,COMPLETED,Wrong item,2022-02-24,2022-02-24
RET00001909,ORD0062327,CUST062327,REQUESTED,Wrong item,2024-06-04,
RET00001910,ORD0062340,CUST062340,PICKUP_SCHEDULED,Damaged item,2021-10-31,2021-10-31
RET00001911,ORD0062376,CUST062376,APPROVED,Missing item,2021-04-28,2021-04-28
RET00001912,ORD0062413,CUST062413,PICKUP_SCHEDULED,Damaged item,2022-08-12,2022-08-12
RET00001913,ORD0062465,CUST062465,PICKUP_SCHEDULED,Product issue,2021-06-05,2021-06-05
RET00001914,ORD0062473,CUST062473,APPROVED,Product issue,2024-09-24,2024-09-24
RET00001915,ORD0062524,CUST062524,REQUESTED,Wrong item,2021-04-05,
RET00001916,ORD0062525,CUST062525,PICKUP_SCHEDULED,Not needed,2023-04-07,2023-04-07
RET00001917,ORD0062531,CUST062531,APPROVED,Not needed,2020-03-12,2020-03-12
RET00001918,ORD0062559,CUST062559,PICKUP_SCHEDULED,Damaged item,2023-10-19,2023-10-19
RET00001919,ORD0062561,CUST062561,COMPLETED,Missing item,2021-08-04,2021-08-04
RET00001920,ORD0062610,CUST062610,RECEIVED,Damaged item,2023-05-09,2023-05-09
RET00001921,ORD0062675,CUST062675,APPROVED,Wrong item,2023-03-18,2023-03-18
RET00001922,ORD0062739,CUST062739,PICKUP_SCHEDULED,Not needed,2020-10-02,2020-10-02
RET00001923,ORD0062770,CUST062770,PICKUP_SCHEDULED,Wrong item,2021-11-22,2021-11-22
RET00001924,ORD0062776,CUST062776,REQUESTED,Not needed,2021-04-26,
RET00001925,ORD0062782,CUST062782,COMPLETED,Missing item,2023-09-09,2023-09-09
RET00001926,ORD0062835,CUST062835,REQUESTED,Missing item,2021-04-24,
RET00001927,ORD0062906,CUST062906,COMPLETED,Missing item,2023-09-05,2023-09-05
RET00001928,ORD0063017,CUST063017,REQUESTED,Missing item,2022-12-03,
RET00001929,ORD0063030,CUST063030,COMPLETED,Product issue,2022-10-28,2022-10-28
RET00001930,ORD0063056,CUST063056,PICKUP_SCHEDULED,Damaged item,2023-07-17,2023-07-17
RET00001931,ORD0063063,CUST063063,COMPLETED,Missing item,2021-03-20,2021-03-20
RET00001932,ORD0063083,CUST063083,REQUESTED,Not needed,2021-12-04,
RET00001933,ORD0063100,CUST063100,RECEIVED,Product issue,2022-01-10,2022-01-10
RET00001934,ORD0063127,CUST063127,APPROVED,Wrong item,2023-09-23,2023-09-23
RET00001935,ORD0063132,CUST063132,REQUESTED,Wrong item,2024-01-02,
RET00001936,ORD0063138,CUST063138,RECEIVED,Missing item,2020-03-25,2020-03-25
RET00001937,ORD0063168,CUST063168,PICKUP_SCHEDULED,Missing item,2020-05-09,2020-05-09
RET00001938,ORD0063183,CUST063183,PICKUP_SCHEDULED,Not needed,2021-03-07,2021-03-07
RET00001939,ORD0063206,CUST063206,COMPLETED,Damaged item,2024-07-11,2024-07-11
RET00001940,ORD0063259,CUST063259,PICKUP_SCHEDULED,Damaged item,2023-05-09,2023-05-09
RET00001941,ORD0063265,CUST063265,COMPLETED,Not needed,2022-02-02,2022-02-02
RET00001942,ORD0063328,CUST063328,APPROVED,Damaged item,2024-08-29,2024-08-29
RET00001943,ORD0063367,CUST063367,RECEIVED,Product issue,2023-07-06,2023-07-06
RET00001944,ORD0063399,CUST063399,COMPLETED,Wrong item,2021-02-23,2021-02-23
RET00001945,ORD0063417,CUST063417,REQUESTED,Wrong item,2022-05-11,
RET00001946,ORD0063443,CUST063443,RECEIVED,Missing item,2022-11-01,2022-11-01
RET00001947,ORD0063448,CUST063448,REQUESTED,Product issue,2022-05-16,
RET00001948,ORD0063463,CUST063463,REQUESTED,Damaged item,2020-10-22,
RET00001949,ORD0063609,CUST063609,COMPLETED,Wrong item,2021-11-19,2021-11-19
RET00001950,ORD0063661,CUST063661,REQUESTED,Product issue,2024-08-14,
RET00001951,ORD0063662,CUST063662,RECEIVED,Missing item,2023-05-27,2023-05-27
RET00001952,ORD0063684,CUST063684,REQUESTED,Product issue,2023-03-31,
RET00001953,ORD0063693,CUST063693,COMPLETED,Wrong item,2022-09-14,2022-09-14
RET00001954,ORD0063792,CUST063792,PICKUP_SCHEDULED,Damaged item,2022-04-25,2022-04-25
RET00001955,ORD0063793,CUST063793,COMPLETED,Product issue,2023-09-26,2023-09-26
RET00001956,ORD0063872,CUST063872,COMPLETED,Not needed,2022-11-12,2022-11-12
RET00001957,ORD0063890,CUST063890,PICKUP_SCHEDULED,Product issue,2023-12-20,2023-12-20
RET00001958,ORD0063905,CUST063905,REQUESTED,Not needed,2023-11-12,
RET00001959,ORD0063943,CUST063943,RECEIVED,Product issue,2020-12-02,2020-12-02
RET00001960,ORD0063951,CUST063951,APPROVED,Product issue,2023-01-20,2023-01-20
RET00001961,ORD0063969,CUST063969,COMPLETED,Wrong item,2022-10-06,2022-10-06
RET00001962,ORD0063975,CUST063975,APPROVED,Missing item,2020-08-18,2020-08-18
RET00001963,ORD0063986,CUST063986,APPROVED,Missing item,2020-12-28,2020-12-28
RET00001964,ORD0064006,CUST064006,REQUESTED,Product issue,2022-12-27,
RET00001965,ORD0064042,CUST064042,PICKUP_SCHEDULED,Product issue,2021-03-06,2021-03-06
RET00001966,ORD0064148,CUST064148,APPROVED,Missing item,2021-12-18,2021-12-18
RET00001967,ORD0064149,CUST064149,APPROVED,Not needed,2023-09-16,2023-09-16
RET00001968,ORD0064160,CUST064160,APPROVED,Damaged item,2022-03-17,2022-03-17
RET00001969,ORD0064339,CUST064339,PICKUP_SCHEDULED,Wrong item,2024-07-16,2024-07-16
RET00001970,ORD0064386,CUST064386,RECEIVED,Not needed,2024-09-27,2024-09-27
RET00001971,ORD0064488,CUST064488,APPROVED,Missing item,2023-07-09,2023-07-09
RET00001972,ORD0064493,CUST064493,COMPLETED,Product issue,2021-10-17,2021-10-17
RET00001973,ORD0064514,CUST064514,REQUESTED,Damaged item,2020-08-08,
RET00001974,ORD0064575,CUST064575,RECEIVED,Missing item,2020-08-16,2020-08-16
RET00001975,ORD0064604,CUST064604,COMPLETED,Damaged item,2021-06-09,2021-06-09
RET00001976,ORD0064647,CUST064647,COMPLETED,Not needed,2024-03-04,2024-03-04
RET00001977,ORD0064651,CUST064651,COMPLETED,Missing item,2020-08-03,2020-08-03
RET00001978,ORD0064680,CUST064680,RECEIVED,Wrong item,2022-06-08,2022-06-08
RET00001979,ORD0064706,CUST064706,COMPLETED,Product issue,2023-08-02,2023-08-02
RET00001980,ORD0064753,CUST064753,COMPLETED,Not needed,2024-06-09,2024-06-09
RET00001981,ORD0064791,CUST064791,COMPLETED,Missing item,2022-11-21,2022-11-21
RET00001982,ORD0064834,CUST064834,RECEIVED,Damaged item,2023-12-11,2023-12-11
RET00001983,ORD0064837,CUST064837,COMPLETED,Not needed,2024-05-12,2024-05-12
RET00001984,ORD0064838,CUST064838,APPROVED,Wrong item,2020-07-14,2020-07-14
RET00001985,ORD0064913,CUST064913,COMPLETED,Damaged item,2022-06-06,2022-06-06
RET00001986,ORD0064943,CUST064943,PICKUP_SCHEDULED,Missing item,2022-03-15,2022-03-15
RET00001987,ORD0065002,CUST065002,PICKUP_SCHEDULED,Product issue,2024-01-04,2024-01-04
RET00001988,ORD0065015,CUST065015,COMPLETED,Damaged item,2023-08-16,2023-08-16
RET00001989,ORD0065034,CUST065034,COMPLETED,Not needed,2021-08-13,2021-08-13
RET00001990,ORD0065036,CUST065036,PICKUP_SCHEDULED,Damaged item,2020-11-16,2020-11-16
RET00001991,ORD0065037,CUST065037,APPROVED,Missing item,2021-07-25,2021-07-25
RET00001992,ORD0065055,CUST065055,REQUESTED,Wrong item,2020-11-13,
RET00001993,ORD0065195,CUST065195,REQUESTED,Missing item,2022-04-03,
RET00001994,ORD0065282,CUST065282,COMPLETED,Wrong item,2020-01-24,2020-01-24
RET00001995,ORD0065339,CUST065339,REQUESTED,Not needed,2024-03-19,
RET00001996,ORD0065348,CUST065348,APPROVED,Wrong item,2021-09-15,2021-09-15
RET00001997,ORD0065349,CUST065349,COMPLETED,Missing item,2020-10-31,2020-10-31
RET00001998,ORD0065375,CUST065375,COMPLETED,Product issue,2024-10-17,2024-10-17
RET00001999,ORD0065404,CUST065404,RECEIVED,Not needed,2023-05-20,2023-05-20
RET00002000,ORD0065467,CUST065467,RECEIVED,Wrong item,2022-03-28,2022-03-28
RET00002001,ORD0065479,CUST065479,RECEIVED,Product issue,2020-06-09,2020-06-09
RET00002002,ORD0065522,CUST065522,REQUESTED,Missing item,2021-08-28,
RET00002003,ORD0065533,CUST065533,PICKUP_SCHEDULED,Damaged item,2023-10-24,2023-10-24
RET00002004,ORD0065575,CUST065575,APPROVED,Not needed,2020-01-15,2020-01-15
RET00002005,ORD0065581,CUST065581,APPROVED,Product issue,2023-07-10,2023-07-10
RET00002006,ORD0065607,CUST065607,APPROVED,Product issue,2024-10-13,2024-10-13
RET00002007,ORD0065837,CUST065837,COMPLETED,Missing item,2020-02-12,2020-02-12
RET00002008,ORD0065842,CUST065842,COMPLETED,Not needed,2023-04-02,2023-04-02
RET00002009,ORD0065851,CUST065851,COMPLETED,Product issue,2023-05-02,2023-05-02
RET00002010,ORD0065863,CUST065863,COMPLETED,Missing item,2023-09-16,2023-09-16
RET00002011,ORD0066054,CUST066054,REQUESTED,Damaged item,2020-01-04,
RET00002012,ORD0066073,CUST066073,COMPLETED,Product issue,2023-08-22,2023-08-22
RET00002013,ORD0066086,CUST066086,COMPLETED,Product issue,2023-10-19,2023-10-19
RET00002014,ORD0066096,CUST066096,REQUESTED,Missing item,2020-07-14,
RET00002015,ORD0066153,CUST066153,PICKUP_SCHEDULED,Damaged item,2024-03-01,2024-03-01
RET00002016,ORD0066172,CUST066172,APPROVED,Wrong item,2021-09-23,2021-09-23
RET00002017,ORD0066179,CUST066179,COMPLETED,Not needed,2020-03-18,2020-03-18
RET00002018,ORD0066206,CUST066206,COMPLETED,Wrong item,2021-08-31,2021-08-31
RET00002019,ORD0066219,CUST066219,COMPLETED,Wrong item,2022-09-22,2022-09-22
RET00002020,ORD0066220,CUST066220,RECEIVED,Wrong item,2021-02-18,2021-02-18
RET00002021,ORD0066224,CUST066224,COMPLETED,Damaged item,2024-10-17,2024-10-17
RET00002022,ORD0066233,CUST066233,COMPLETED,Product issue,2022-04-23,2022-04-23
RET00002023,ORD0066234,CUST066234,REQUESTED,Product issue,2021-10-22,
RET00002024,ORD0066292,CUST066292,COMPLETED,Not needed,2020-12-06,2020-12-06
RET00002025,ORD0066346,CUST066346,RECEIVED,Not needed,2021-11-20,2021-11-20
RET00002026,ORD0066370,CUST066370,COMPLETED,Wrong item,2024-12-19,2024-12-19
RET00002027,ORD0066695,CUST066695,COMPLETED,Damaged item,2023-06-09,2023-06-09
RET00002028,ORD0066760,CUST066760,APPROVED,Damaged item,2020-04-14,2020-04-14
RET00002029,ORD0066772,CUST066772,REQUESTED,Product issue,2021-07-04,
RET00002030,ORD0066799,CUST066799,COMPLETED,Missing item,2023-10-12,2023-10-12
RET00002031,ORD0066816,CUST066816,COMPLETED,Wrong item,2024-11-03,2024-11-03
RET00002032,ORD0066857,CUST066857,RECEIVED,Damaged item,2024-05-05,2024-05-05
RET00002033,ORD0066875,CUST066875,RECEIVED,Wrong item,2022-06-20,2022-06-20
RET00002034,ORD0066959,CUST066959,REQUESTED,Not needed,2023-07-14,
RET00002035,ORD0066982,CUST066982,PICKUP_SCHEDULED,Not needed,2022-07-27,2022-07-27
RET00002036,ORD0067005,CUST067005,RECEIVED,Not needed,2024-09-06,2024-09-06
RET00002037,ORD0067082,CUST067082,COMPLETED,Wrong item,2020-10-10,2020-10-10
RET00002038,ORD0067087,CUST067087,RECEIVED,Missing item,2020-12-15,2020-12-15
RET00002039,ORD0067120,CUST067120,RECEIVED,Not needed,2020-04-21,2020-04-21
RET00002040,ORD0067150,CUST067150,COMPLETED,Missing item,2023-02-27,2023-02-27
RET00002041,ORD0067169,CUST067169,COMPLETED,Product issue,2020-02-14,2020-02-14
RET00002042,ORD0067186,CUST067186,APPROVED,Missing item,2021-10-22,2021-10-22
RET00002043,ORD0067220,CUST067220,PICKUP_SCHEDULED,Wrong item,2023-08-29,2023-08-29
RET00002044,ORD0067239,CUST067239,REQUESTED,Missing item,2023-04-27,
RET00002045,ORD0067267,CUST067267,COMPLETED,Wrong item,2022-02-18,2022-02-18
RET00002046,ORD0067324,CUST067324,PICKUP_SCHEDULED,Damaged item,2024-03-25,2024-03-25
RET00002047,ORD0067325,CUST067325,PICKUP_SCHEDULED,Damaged item,2024-05-16,2024-05-16
RET00002048,ORD0067352,CUST067352,COMPLETED,Damaged item,2023-01-02,2023-01-02
RET00002049,ORD0067359,CUST067359,PICKUP_SCHEDULED,Not needed,2022-11-26,2022-11-26
RET00002050,ORD0067386,CUST067386,RECEIVED,Not needed,2022-03-01,2022-03-01
RET00002051,ORD0067423,CUST067423,COMPLETED,Missing item,2020-10-26,2020-10-26
RET00002052,ORD0067430,CUST067430,RECEIVED,Missing item,2021-01-19,2021-01-19
RET00002053,ORD0067532,CUST067532,APPROVED,Not needed,2020-08-06,2020-08-06
RET00002054,ORD0067538,CUST067538,APPROVED,Wrong item,2024-02-29,2024-02-29
RET00002055,ORD0067545,CUST067545,PICKUP_SCHEDULED,Wrong item,2020-12-05,2020-12-05
RET00002056,ORD0067613,CUST067613,COMPLETED,Wrong item,2023-05-17,2023-05-17
RET00002057,ORD0067621,CUST067621,COMPLETED,Damaged item,2023-06-23,2023-06-23
RET00002058,ORD0067657,CUST067657,COMPLETED,Not needed,2020-01-08,2020-01-08
RET00002059,ORD0067724,CUST067724,COMPLETED,Damaged item,2022-07-21,2022-07-21
RET00002060,ORD0067745,CUST067745,APPROVED,Wrong item,2022-11-27,2022-11-27
RET00002061,ORD0067756,CUST067756,APPROVED,Wrong item,2023-04-04,2023-04-04
RET00002062,ORD0067848,CUST067848,RECEIVED,Product issue,2023-10-15,2023-10-15
RET00002063,ORD0067878,CUST067878,PICKUP_SCHEDULED,Damaged item,2021-02-20,2021-02-20
RET00002064,ORD0067900,CUST067900,PICKUP_SCHEDULED,Damaged item,2024-01-06,2024-01-06
RET00002065,ORD0067914,CUST067914,APPROVED,Missing item,2022-04-02,2022-04-02
RET00002066,ORD0067916,CUST067916,RECEIVED,Wrong item,2020-02-27,2020-02-27
RET00002067,ORD0067958,CUST067958,RECEIVED,Not needed,2021-10-28,2021-10-28
RET00002068,ORD0067979,CUST067979,PICKUP_SCHEDULED,Not needed,2024-02-02,2024-02-02
RET00002069,ORD0067992,CUST067992,PICKUP_SCHEDULED,Not needed,2020-08-14,2020-08-14
RET00002070,ORD0068037,CUST068037,COMPLETED,Wrong item,2023-06-03,2023-06-03
RET00002071,ORD0068058,CUST068058,APPROVED,Product issue,2020-02-03,2020-02-03
RET00002072,ORD0068086,CUST068086,PICKUP_SCHEDULED,Not needed,2021-02-14,2021-02-14
RET00002073,ORD0068087,CUST068087,RECEIVED,Wrong item,2020-12-10,2020-12-10
RET00002074,ORD0068123,CUST068123,APPROVED,Wrong item,2023-01-06,2023-01-06
RET00002075,ORD0068180,CUST068180,COMPLETED,Product issue,2021-09-25,2021-09-25
RET00002076,ORD0068192,CUST068192,COMPLETED,Not needed,2022-11-06,2022-11-06
RET00002077,ORD0068214,CUST068214,REQUESTED,Product issue,2024-03-26,
RET00002078,ORD0068227,CUST068227,COMPLETED,Not needed,2023-03-10,2023-03-10
RET00002079,ORD0068252,CUST068252,PICKUP_SCHEDULED,Missing item,2022-12-24,2022-12-24
RET00002080,ORD0068260,CUST068260,APPROVED,Product issue,2023-08-01,2023-08-01
RET00002081,ORD0068283,CUST068283,PICKUP_SCHEDULED,Product issue,2020-05-06,2020-05-06
RET00002082,ORD0068323,CUST068323,RECEIVED,Product issue,2020-04-28,2020-04-28
RET00002083,ORD0068355,CUST068355,RECEIVED,Product issue,2022-02-16,2022-02-16
RET00002084,ORD0068382,CUST068382,RECEIVED,Wrong item,2022-12-17,2022-12-17
RET00002085,ORD0068395,CUST068395,COMPLETED,Missing item,2022-01-03,2022-01-03
RET00002086,ORD0068420,CUST068420,PICKUP_SCHEDULED,Damaged item,2020-06-16,2020-06-16
RET00002087,ORD0068486,CUST068486,COMPLETED,Wrong item,2020-11-05,2020-11-05
RET00002088,ORD0068507,CUST068507,RECEIVED,Not needed,2020-10-04,2020-10-04
RET00002089,ORD0068547,CUST068547,RECEIVED,Damaged item,2024-10-27,2024-10-27
RET00002090,ORD0068640,CUST068640,COMPLETED,Product issue,2020-06-12,2020-06-12
RET00002091,ORD0068647,CUST068647,COMPLETED,Damaged item,2022-04-04,2022-04-04
RET00002092,ORD0068664,CUST068664,APPROVED,Product issue,2023-08-11,2023-08-11
RET00002093,ORD0068681,CUST068681,PICKUP_SCHEDULED,Damaged item,2020-04-12,2020-04-12
RET00002094,ORD0068706,CUST068706,APPROVED,Wrong item,2020-12-18,2020-12-18
RET00002095,ORD0068776,CUST068776,REQUESTED,Wrong item,2024-01-24,
RET00002096,ORD0068780,CUST068780,COMPLETED,Product issue,2023-12-19,2023-12-19
RET00002097,ORD0068785,CUST068785,COMPLETED,Not needed,2022-10-19,2022-10-19
RET00002098,ORD0068814,CUST068814,COMPLETED,Missing item,2022-09-01,2022-09-01
RET00002099,ORD0068834,CUST068834,COMPLETED,Product issue,2023-05-09,2023-05-09
RET00002100,ORD0068853,CUST068853,COMPLETED,Wrong item,2021-11-15,2021-11-15
RET00002101,ORD0068879,CUST068879,APPROVED,Damaged item,2024-06-11,2024-06-11
RET00002102,ORD0068899,CUST068899,COMPLETED,Missing item,2021-01-10,2021-01-10
RET00002103,ORD0068912,CUST068912,PICKUP_SCHEDULED,Wrong item,2020-11-02,2020-11-02
RET00002104,ORD0068998,CUST068998,COMPLETED,Not needed,2021-08-20,2021-08-20
RET00002105,ORD0069007,CUST069007,COMPLETED,Missing item,2022-06-02,2022-06-02
RET00002106,ORD0069020,CUST069020,REQUESTED,Missing item,2022-06-18,
RET00002107,ORD0069038,CUST069038,REQUESTED,Missing item,2020-06-27,
RET00002108,ORD0069062,CUST069062,REQUESTED,Damaged item,2022-11-22,
RET00002109,ORD0069081,CUST069081,COMPLETED,Missing item,2021-12-29,2021-12-29
RET00002110,ORD0069090,CUST069090,REQUESTED,Product issue,2024-01-26,
RET00002111,ORD0069193,CUST069193,RECEIVED,Not needed,2023-01-25,2023-01-25
RET00002112,ORD0069204,CUST069204,COMPLETED,Not needed,2023-04-15,2023-04-15
RET00002113,ORD0069235,CUST069235,COMPLETED,Damaged item,2020-05-13,2020-05-13
RET00002114,ORD0069309,CUST069309,RECEIVED,Missing item,2020-02-20,2020-02-20
RET00002115,ORD0069327,CUST069327,COMPLETED,Not needed,2024-12-01,2024-12-01
RET00002116,ORD0069361,CUST069361,REQUESTED,Missing item,2024-06-24,
RET00002117,ORD0069424,CUST069424,PICKUP_SCHEDULED,Not needed,2022-12-23,2022-12-23
RET00002118,ORD0069478,CUST069478,RECEIVED,Not needed,2024-01-24,2024-01-24
RET00002119,ORD0069484,CUST069484,APPROVED,Missing item,2020-06-26,2020-06-26
RET00002120,ORD0069515,CUST069515,APPROVED,Product issue,2021-02-02,2021-02-02
RET00002121,ORD0069553,CUST069553,RECEIVED,Product issue,2024-02-14,2024-02-14
RET00002122,ORD0069557,CUST069557,COMPLETED,Not needed,2024-12-11,2024-12-11
RET00002123,ORD0069558,CUST069558,RECEIVED,Wrong item,2023-01-09,2023-01-09
RET00002124,ORD0069605,CUST069605,RECEIVED,Wrong item,2024-12-18,2024-12-18
RET00002125,ORD0069630,CUST069630,APPROVED,Missing item,2022-09-18,2022-09-18
RET00002126,ORD0069643,CUST069643,PICKUP_SCHEDULED,Damaged item,2021-06-29,2021-06-29
RET00002127,ORD0069699,CUST069699,COMPLETED,Wrong item,2022-01-24,2022-01-24
RET00002128,ORD0069706,CUST069706,COMPLETED,Wrong item,2023-07-28,2023-07-28
RET00002129,ORD0069707,CUST069707,RECEIVED,Not needed,2020-02-11,2020-02-11
RET00002130,ORD0069714,CUST069714,RECEIVED,Damaged item,2021-06-27,2021-06-27
RET00002131,ORD0069760,CUST069760,RECEIVED,Not needed,2024-10-24,2024-10-24
RET00002132,ORD0069800,CUST069800,REQUESTED,Wrong item,2023-04-10,
RET00002133,ORD0069815,CUST069815,PICKUP_SCHEDULED,Missing item,2020-11-28,2020-11-28
RET00002134,ORD0069900,CUST069900,COMPLETED,Not needed,2022-10-27,2022-10-27
RET00002135,ORD0069903,CUST069903,REQUESTED,Product issue,2021-05-27,
RET00002136,ORD0069945,CUST069945,COMPLETED,Damaged item,2024-05-30,2024-05-30
RET00002137,ORD0069948,CUST069948,RECEIVED,Product issue,2020-11-10,2020-11-10
RET00002138,ORD0069997,CUST069997,REQUESTED,Missing item,2022-03-29,
RET00002139,ORD0070002,CUST070002,RECEIVED,Not needed,2023-01-17,2023-01-17
RET00002140,ORD0070089,CUST070089,REQUESTED,Missing item,2020-03-20,
RET00002141,ORD0070115,CUST070115,COMPLETED,Wrong item,2020-07-10,2020-07-10
RET00002142,ORD0070118,CUST070118,REQUESTED,Missing item,2022-08-17,
RET00002143,ORD0070126,CUST070126,COMPLETED,Product issue,2020-04-11,2020-04-11
RET00002144,ORD0070155,CUST070155,APPROVED,Damaged item,2023-04-24,2023-04-24
RET00002145,ORD0070160,CUST070160,PICKUP_SCHEDULED,Product issue,2023-12-10,2023-12-10
RET00002146,ORD0070181,CUST070181,COMPLETED,Wrong item,2023-09-13,2023-09-13
RET00002147,ORD0070227,CUST070227,COMPLETED,Damaged item,2024-10-04,2024-10-04
RET00002148,ORD0070335,CUST070335,COMPLETED,Not needed,2021-03-13,2021-03-13
RET00002149,ORD0070351,CUST070351,REQUESTED,Not needed,2020-07-13,
RET00002150,ORD0070371,CUST070371,REQUESTED,Product issue,2021-10-31,
RET00002151,ORD0070441,CUST070441,COMPLETED,Product issue,2024-08-06,2024-08-06
RET00002152,ORD0070462,CUST070462,REQUESTED,Wrong item,2023-03-14,
RET00002153,ORD0070534,CUST070534,APPROVED,Damaged item,2022-05-12,2022-05-12
RET00002154,ORD0070535,CUST070535,RECEIVED,Damaged item,2020-09-21,2020-09-21
RET00002155,ORD0070537,CUST070537,PICKUP_SCHEDULED,Missing item,2020-04-04,2020-04-04
RET00002156,ORD0070559,CUST070559,RECEIVED,Wrong item,2021-02-16,2021-02-16
RET00002157,ORD0070644,CUST070644,COMPLETED,Product issue,2020-08-21,2020-08-21
RET00002158,ORD0070713,CUST070713,APPROVED,Damaged item,2021-10-20,2021-10-20
RET00002159,ORD0070720,CUST070720,COMPLETED,Missing item,2021-12-22,2021-12-22
RET00002160,ORD0070733,CUST070733,COMPLETED,Damaged item,2021-11-03,2021-11-03
RET00002161,ORD0070747,CUST070747,PICKUP_SCHEDULED,Product issue,2020-08-29,2020-08-29
RET00002162,ORD0070780,CUST070780,APPROVED,Missing item,2023-08-13,2023-08-13
RET00002163,ORD0070792,CUST070792,RECEIVED,Damaged item,2022-12-15,2022-12-15
RET00002164,ORD0070833,CUST070833,RECEIVED,Missing item,2020-07-02,2020-07-02
RET00002165,ORD0070851,CUST070851,RECEIVED,Damaged item,2022-06-07,2022-06-07
RET00002166,ORD0070854,CUST070854,COMPLETED,Damaged item,2021-03-16,2021-03-16
RET00002167,ORD0070924,CUST070924,PICKUP_SCHEDULED,Wrong item,2022-08-15,2022-08-15
RET00002168,ORD0070938,CUST070938,APPROVED,Wrong item,2022-04-21,2022-04-21
RET00002169,ORD0070972,CUST070972,COMPLETED,Missing item,2022-11-08,2022-11-08
RET00002170,ORD0070991,CUST070991,PICKUP_SCHEDULED,Missing item,2021-09-21,2021-09-21
RET00002171,ORD0071014,CUST071014,RECEIVED,Wrong item,2021-11-24,2021-11-24
RET00002172,ORD0071042,CUST071042,PICKUP_SCHEDULED,Wrong item,2020-01-26,2020-01-26
RET00002173,ORD0071045,CUST071045,RECEIVED,Missing item,2024-09-08,2024-09-08
RET00002174,ORD0071047,CUST071047,COMPLETED,Product issue,2020-06-25,2020-06-25
RET00002175,ORD0071070,CUST071070,PICKUP_SCHEDULED,Not needed,2020-09-12,2020-09-12
RET00002176,ORD0071120,CUST071120,RECEIVED,Product issue,2024-09-26,2024-09-26
RET00002177,ORD0071130,CUST071130,COMPLETED,Wrong item,2022-05-15,2022-05-15
RET00002178,ORD0071159,CUST071159,PICKUP_SCHEDULED,Damaged item,2020-03-22,2020-03-22
RET00002179,ORD0071174,CUST071174,RECEIVED,Missing item,2022-04-23,2022-04-23
RET00002180,ORD0071178,CUST071178,APPROVED,Missing item,2024-10-19,2024-10-19
RET00002181,ORD0071230,CUST071230,COMPLETED,Not needed,2020-06-06,2020-06-06
RET00002182,ORD0071272,CUST071272,COMPLETED,Wrong item,2022-07-14,2022-07-14
RET00002183,ORD0071348,CUST071348,COMPLETED,Product issue,2022-10-22,2022-10-22
RET00002184,ORD0071365,CUST071365,REQUESTED,Damaged item,2024-03-17,
RET00002185,ORD0071399,CUST071399,RECEIVED,Product issue,2024-06-30,2024-06-30
RET00002186,ORD0071482,CUST071482,PICKUP_SCHEDULED,Product issue,2020-01-25,2020-01-25
RET00002187,ORD0071486,CUST071486,REQUESTED,Damaged item,2021-04-02,
RET00002188,ORD0071559,CUST071559,RECEIVED,Missing item,2020-06-29,2020-06-29
RET00002189,ORD0071606,CUST071606,REQUESTED,Not needed,2022-01-18,
RET00002190,ORD0071608,CUST071608,REQUESTED,Wrong item,2023-09-20,
RET00002191,ORD0071667,CUST071667,RECEIVED,Wrong item,2023-07-01,2023-07-01
RET00002192,ORD0071720,CUST071720,COMPLETED,Not needed,2023-08-26,2023-08-26
RET00002193,ORD0071723,CUST071723,PICKUP_SCHEDULED,Damaged item,2020-08-06,2020-08-06
RET00002194,ORD0071742,CUST071742,COMPLETED,Missing item,2021-02-11,2021-02-11
RET00002195,ORD0071767,CUST071767,RECEIVED,Product issue,2021-09-14,2021-09-14
RET00002196,ORD0071826,CUST071826,APPROVED,Not needed,2023-04-28,2023-04-28
RET00002197,ORD0071842,CUST071842,APPROVED,Wrong item,2022-12-17,2022-12-17
RET00002198,ORD0071890,CUST071890,PICKUP_SCHEDULED,Not needed,2020-06-12,2020-06-12
RET00002199,ORD0071903,CUST071903,COMPLETED,Missing item,2023-11-08,2023-11-08
RET00002200,ORD0071914,CUST071914,COMPLETED,Damaged item,2024-06-30,2024-06-30
RET00002201,ORD0071922,CUST071922,APPROVED,Damaged item,2020-03-19,2020-03-19
RET00002202,ORD0071945,CUST071945,RECEIVED,Wrong item,2022-05-24,2022-05-24
RET00002203,ORD0071954,CUST071954,RECEIVED,Product issue,2023-05-27,2023-05-27
RET00002204,ORD0071971,CUST071971,RECEIVED,Wrong item,2023-09-13,2023-09-13
RET00002205,ORD0071984,CUST071984,APPROVED,Wrong item,2024-03-16,2024-03-16
RET00002206,ORD0072016,CUST072016,COMPLETED,Wrong item,2022-11-24,2022-11-24
RET00002207,ORD0072033,CUST072033,COMPLETED,Product issue,2024-07-20,2024-07-20
RET00002208,ORD0072052,CUST072052,APPROVED,Missing item,2024-12-02,2024-12-02
RET00002209,ORD0072126,CUST072126,APPROVED,Missing item,2020-01-08,2020-01-08
RET00002210,ORD0072191,CUST072191,COMPLETED,Damaged item,2022-03-03,2022-03-03
RET00002211,ORD0072213,CUST072213,REQUESTED,Not needed,2020-12-07,
RET00002212,ORD0072255,CUST072255,RECEIVED,Wrong item,2023-01-18,2023-01-18
RET00002213,ORD0072265,CUST072265,PICKUP_SCHEDULED,Not needed,2024-10-08,2024-10-08
RET00002214,ORD0072276,CUST072276,RECEIVED,Damaged item,2020-05-07,2020-05-07
RET00002215,ORD0072308,CUST072308,RECEIVED,Product issue,2024-10-09,2024-10-09
RET00002216,ORD0072311,CUST072311,COMPLETED,Wrong item,2022-06-30,2022-06-30
RET00002217,ORD0072341,CUST072341,REQUESTED,Damaged item,2021-04-26,
RET00002218,ORD0072345,CUST072345,COMPLETED,Damaged item,2023-09-10,2023-09-10
RET00002219,ORD0072403,CUST072403,PICKUP_SCHEDULED,Not needed,2024-06-20,2024-06-20
RET00002220,ORD0072416,CUST072416,REQUESTED,Damaged item,2024-03-18,
RET00002221,ORD0072423,CUST072423,COMPLETED,Not needed,2021-01-24,2021-01-24
RET00002222,ORD0072539,CUST072539,RECEIVED,Wrong item,2024-11-23,2024-11-23
RET00002223,ORD0072583,CUST072583,REQUESTED,Damaged item,2024-12-07,
RET00002224,ORD0072603,CUST072603,COMPLETED,Wrong item,2023-04-20,2023-04-20
RET00002225,ORD0072614,CUST072614,REQUESTED,Product issue,2024-11-14,
RET00002226,ORD0072617,CUST072617,COMPLETED,Product issue,2024-05-01,2024-05-01
RET00002227,ORD0072636,CUST072636,RECEIVED,Not needed,2020-02-16,2020-02-16
RET00002228,ORD0072678,CUST072678,PICKUP_SCHEDULED,Product issue,2024-02-12,2024-02-12
RET00002229,ORD0072689,CUST072689,PICKUP_SCHEDULED,Product issue,2021-02-02,2021-02-02
RET00002230,ORD0072726,CUST072726,COMPLETED,Damaged item,2020-06-17,2020-06-17
RET00002231,ORD0072743,CUST072743,RECEIVED,Damaged item,2024-12-25,2024-12-25
RET00002232,ORD0072780,CUST072780,REQUESTED,Damaged item,2020-06-19,
RET00002233,ORD0072827,CUST072827,COMPLETED,Wrong item,2024-11-07,2024-11-07
RET00002234,ORD0072865,CUST072865,RECEIVED,Damaged item,2024-10-31,2024-10-31
RET00002235,ORD0072884,CUST072884,RECEIVED,Missing item,2023-12-18,2023-12-18
RET00002236,ORD0072942,CUST072942,COMPLETED,Product issue,2023-11-25,2023-11-25
RET00002237,ORD0072949,CUST072949,COMPLETED,Not needed,2021-09-12,2021-09-12
RET00002238,ORD0072962,CUST072962,COMPLETED,Not needed,2024-04-17,2024-04-17
RET00002239,ORD0073027,CUST073027,PICKUP_SCHEDULED,Damaged item,2021-11-28,2021-11-28
RET00002240,ORD0073110,CUST073110,PICKUP_SCHEDULED,Not needed,2020-11-18,2020-11-18
RET00002241,ORD0073115,CUST073115,PICKUP_SCHEDULED,Missing item,2023-09-03,2023-09-03
RET00002242,ORD0073165,CUST073165,PICKUP_SCHEDULED,Product issue,2024-11-15,2024-11-15
RET00002243,ORD0073200,CUST073200,PICKUP_SCHEDULED,Missing item,2024-09-17,2024-09-17
RET00002244,ORD0073224,CUST073224,COMPLETED,Product issue,2020-03-05,2020-03-05
RET00002245,ORD0073226,CUST073226,REQUESTED,Not needed,2020-10-22,
RET00002246,ORD0073248,CUST073248,COMPLETED,Missing item,2024-03-31,2024-03-31
RET00002247,ORD0073252,CUST073252,APPROVED,Not needed,2022-03-09,2022-03-09
RET00002248,ORD0073352,CUST073352,APPROVED,Missing item,2020-09-01,2020-09-01
RET00002249,ORD0073371,CUST073371,PICKUP_SCHEDULED,Damaged item,2024-06-11,2024-06-11
RET00002250,ORD0073476,CUST073476,APPROVED,Product issue,2020-03-07,2020-03-07
RET00002251,ORD0073498,CUST073498,COMPLETED,Product issue,2023-09-21,2023-09-21
RET00002252,ORD0073620,CUST073620,PICKUP_SCHEDULED,Missing item,2020-12-25,2020-12-25
RET00002253,ORD0073646,CUST073646,COMPLETED,Damaged item,2020-09-19,2020-09-19
RET00002254,ORD0073690,CUST073690,APPROVED,Wrong item,2022-06-17,2022-06-17
RET00002255,ORD0073697,CUST073697,RECEIVED,Damaged item,2020-03-06,2020-03-06
RET00002256,ORD0073704,CUST073704,COMPLETED,Wrong item,2023-09-29,2023-09-29
RET00002257,ORD0073730,CUST073730,REQUESTED,Missing item,2020-11-30,
RET00002258,ORD0073738,CUST073738,APPROVED,Damaged item,2024-04-05,2024-04-05
RET00002259,ORD0073749,CUST073749,APPROVED,Missing item,2020-01-30,2020-01-30
RET00002260,ORD0073780,CUST073780,RECEIVED,Not needed,2024-10-27,2024-10-27
RET00002261,ORD0073864,CUST073864,RECEIVED,Not needed,2024-09-01,2024-09-01
RET00002262,ORD0073918,CUST073918,RECEIVED,Not needed,2023-08-13,2023-08-13
RET00002263,ORD0073921,CUST073921,RECEIVED,Product issue,2020-01-22,2020-01-22
RET00002264,ORD0074004,CUST074004,COMPLETED,Damaged item,2023-04-15,2023-04-15
RET00002265,ORD0074023,CUST074023,RECEIVED,Not needed,2024-07-02,2024-07-02
RET00002266,ORD0074059,CUST074059,APPROVED,Wrong item,2024-01-30,2024-01-30
RET00002267,ORD0074074,CUST074074,COMPLETED,Not needed,2024-11-28,2024-11-28
RET00002268,ORD0074090,CUST074090,RECEIVED,Product issue,2023-01-01,2023-01-01
RET00002269,ORD0074103,CUST074103,REQUESTED,Damaged item,2020-11-05,
RET00002270,ORD0074112,CUST074112,COMPLETED,Missing item,2020-05-29,2020-05-29
RET00002271,ORD0074212,CUST074212,COMPLETED,Not needed,2022-01-10,2022-01-10
RET00002272,ORD0074263,CUST074263,PICKUP_SCHEDULED,Damaged item,2020-06-18,2020-06-18
RET00002273,ORD0074265,CUST074265,COMPLETED,Damaged item,2022-03-31,2022-03-31
RET00002274,ORD0074297,CUST074297,REQUESTED,Damaged item,2023-02-12,
RET00002275,ORD0074470,CUST074470,APPROVED,Product issue,2022-03-07,2022-03-07
RET00002276,ORD0074474,CUST074474,PICKUP_SCHEDULED,Wrong item,2024-12-15,2024-12-15
RET00002277,ORD0074501,CUST074501,COMPLETED,Product issue,2020-06-22,2020-06-22
RET00002278,ORD0074533,CUST074533,COMPLETED,Not needed,2021-08-28,2021-08-28
RET00002279,ORD0074559,CUST074559,COMPLETED,Missing item,2024-10-09,2024-10-09
RET00002280,ORD0074623,CUST074623,RECEIVED,Wrong item,2022-05-01,2022-05-01
RET00002281,ORD0074662,CUST074662,COMPLETED,Not needed,2023-08-29,2023-08-29
RET00002282,ORD0074676,CUST074676,REQUESTED,Damaged item,2021-09-30,
RET00002283,ORD0074697,CUST074697,COMPLETED,Damaged item,2020-12-30,2020-12-30
RET00002284,ORD0074723,CUST074723,PICKUP_SCHEDULED,Wrong item,2022-03-30,2022-03-30
RET00002285,ORD0074799,CUST074799,RECEIVED,Missing item,2024-06-12,2024-06-12
RET00002286,ORD0074818,CUST074818,COMPLETED,Missing item,2024-05-16,2024-05-16
RET00002287,ORD0074835,CUST074835,REQUESTED,Missing item,2023-10-27,
RET00002288,ORD0074908,CUST074908,RECEIVED,Damaged item,2023-12-07,2023-12-07
RET00002289,ORD0074942,CUST074942,COMPLETED,Damaged item,2023-08-28,2023-08-28
RET00002290,ORD0074966,CUST074966,APPROVED,Not needed,2021-06-08,2021-06-08
RET00002291,ORD0075033,CUST075033,COMPLETED,Wrong item,2022-06-22,2022-06-22
RET00002292,ORD0075050,CUST075050,PICKUP_SCHEDULED,Missing item,2021-10-08,2021-10-08
RET00002293,ORD0075071,CUST075071,COMPLETED,Product issue,2021-08-31,2021-08-31
RET00002294,ORD0075136,CUST075136,RECEIVED,Damaged item,2020-03-20,2020-03-20
RET00002295,ORD0075229,CUST075229,COMPLETED,Product issue,2020-04-22,2020-04-22
RET00002296,ORD0075257,CUST075257,PICKUP_SCHEDULED,Not needed,2024-06-19,2024-06-19
RET00002297,ORD0075301,CUST075301,COMPLETED,Not needed,2022-03-10,2022-03-10
RET00002298,ORD0075308,CUST075308,APPROVED,Wrong item,2023-10-20,2023-10-20
RET00002299,ORD0075421,CUST075421,PICKUP_SCHEDULED,Damaged item,2023-10-03,2023-10-03
RET00002300,ORD0075514,CUST075514,RECEIVED,Missing item,2024-08-07,2024-08-07
RET00002301,ORD0075517,CUST075517,APPROVED,Wrong item,2020-11-19,2020-11-19
RET00002302,ORD0075567,CUST075567,COMPLETED,Not needed,2022-08-31,2022-08-31
RET00002303,ORD0075576,CUST075576,APPROVED,Missing item,2022-08-16,2022-08-16
RET00002304,ORD0075652,CUST075652,COMPLETED,Not needed,2023-01-23,2023-01-23
RET00002305,ORD0075683,CUST075683,REQUESTED,Product issue,2024-01-12,
RET00002306,ORD0075684,CUST075684,COMPLETED,Product issue,2024-10-26,2024-10-26
RET00002307,ORD0075687,CUST075687,COMPLETED,Not needed,2022-12-26,2022-12-26
RET00002308,ORD0075723,CUST075723,COMPLETED,Not needed,2024-09-01,2024-09-01
RET00002309,ORD0075761,CUST075761,PICKUP_SCHEDULED,Missing item,2023-12-11,2023-12-11
RET00002310,ORD0075819,CUST075819,REQUESTED,Product issue,2022-10-05,
RET00002311,ORD0075827,CUST075827,RECEIVED,Damaged item,2023-12-11,2023-12-11
RET00002312,ORD0075848,CUST075848,RECEIVED,Damaged item,2023-05-13,2023-05-13
RET00002313,ORD0075856,CUST075856,COMPLETED,Product issue,2024-03-14,2024-03-14
RET00002314,ORD0075862,CUST075862,APPROVED,Damaged item,2024-08-13,2024-08-13
RET00002315,ORD0075904,CUST075904,REQUESTED,Missing item,2021-06-07,
RET00002316,ORD0075956,CUST075956,COMPLETED,Not needed,2024-11-25,2024-11-25
RET00002317,ORD0075997,CUST075997,PICKUP_SCHEDULED,Damaged item,2021-05-28,2021-05-28
RET00002318,ORD0076019,CUST076019,REQUESTED,Product issue,2020-02-14,
RET00002319,ORD0076036,CUST076036,REQUESTED,Wrong item,2022-06-28,
RET00002320,ORD0076045,CUST076045,COMPLETED,Damaged item,2024-04-22,2024-04-22
RET00002321,ORD0076106,CUST076106,COMPLETED,Missing item,2023-08-06,2023-08-06
RET00002322,ORD0076245,CUST076245,RECEIVED,Wrong item,2021-06-30,2021-06-30
RET00002323,ORD0076253,CUST076253,RECEIVED,Product issue,2022-11-28,2022-11-28
RET00002324,ORD0076294,CUST076294,RECEIVED,Not needed,2023-05-28,2023-05-28
RET00002325,ORD0076323,CUST076323,APPROVED,Wrong item,2021-02-09,2021-02-09
RET00002326,ORD0076453,CUST076453,COMPLETED,Missing item,2024-07-03,2024-07-03
RET00002327,ORD0076456,CUST076456,APPROVED,Damaged item,2024-11-04,2024-11-04
RET00002328,ORD0076499,CUST076499,APPROVED,Damaged item,2021-09-11,2021-09-11
RET00002329,ORD0076514,CUST076514,REQUESTED,Missing item,2024-12-25,
RET00002330,ORD0076579,CUST076579,COMPLETED,Damaged item,2022-10-16,2022-10-16
RET00002331,ORD0076663,CUST076663,COMPLETED,Product issue,2020-03-08,2020-03-08
RET00002332,ORD0076828,CUST076828,COMPLETED,Damaged item,2024-09-15,2024-09-15
RET00002333,ORD0076859,CUST076859,PICKUP_SCHEDULED,Product issue,2024-06-26,2024-06-26
RET00002334,ORD0076860,CUST076860,COMPLETED,Product issue,2020-10-22,2020-10-22
RET00002335,ORD0076862,CUST076862,PICKUP_SCHEDULED,Not needed,2024-07-01,2024-07-01
RET00002336,ORD0076884,CUST076884,PICKUP_SCHEDULED,Damaged item,2020-04-17,2020-04-17
RET00002337,ORD0076920,CUST076920,APPROVED,Not needed,2020-06-09,2020-06-09
RET00002338,ORD0076927,CUST076927,COMPLETED,Damaged item,2022-04-28,2022-04-28
RET00002339,ORD0076992,CUST076992,APPROVED,Damaged item,2020-04-10,2020-04-10
RET00002340,ORD0077031,CUST077031,RECEIVED,Wrong item,2022-03-07,2022-03-07
RET00002341,ORD0077038,CUST077038,APPROVED,Damaged item,2021-06-10,2021-06-10
RET00002342,ORD0077086,CUST077086,COMPLETED,Wrong item,2022-02-22,2022-02-22
RET00002343,ORD0077110,CUST077110,RECEIVED,Product issue,2022-02-05,2022-02-05
RET00002344,ORD0077133,CUST077133,RECEIVED,Damaged item,2024-11-01,2024-11-01
RET00002345,ORD0077145,CUST077145,REQUESTED,Damaged item,2021-02-25,
RET00002346,ORD0077197,CUST077197,COMPLETED,Damaged item,2021-04-23,2021-04-23
RET00002347,ORD0077204,CUST077204,REQUESTED,Wrong item,2024-10-21,
RET00002348,ORD0077235,CUST077235,COMPLETED,Wrong item,2020-11-23,2020-11-23
RET00002349,ORD0077240,CUST077240,COMPLETED,Product issue,2023-03-11,2023-03-11
RET00002350,ORD0077250,CUST077250,APPROVED,Missing item,2023-10-10,2023-10-10
RET00002351,ORD0077292,CUST077292,COMPLETED,Not needed,2020-07-16,2020-07-16
RET00002352,ORD0077293,CUST077293,COMPLETED,Not needed,2021-05-21,2021-05-21
RET00002353,ORD0077339,CUST077339,APPROVED,Product issue,2021-02-27,2021-02-27
RET00002354,ORD0077350,CUST077350,COMPLETED,Wrong item,2021-10-23,2021-10-23
RET00002355,ORD0077395,CUST077395,PICKUP_SCHEDULED,Wrong item,2023-06-20,2023-06-20
RET00002356,ORD0077426,CUST077426,COMPLETED,Not needed,2023-12-01,2023-12-01
RET00002357,ORD0077434,CUST077434,PICKUP_SCHEDULED,Not needed,2020-03-11,2020-03-11
RET00002358,ORD0077467,CUST077467,COMPLETED,Product issue,2022-03-18,2022-03-18
RET00002359,ORD0077474,CUST077474,RECEIVED,Not needed,2022-03-04,2022-03-04
RET00002360,ORD0077502,CUST077502,RECEIVED,Not needed,2023-01-06,2023-01-06
RET00002361,ORD0077554,CUST077554,APPROVED,Not needed,2020-07-15,2020-07-15
RET00002362,ORD0077565,CUST077565,COMPLETED,Product issue,2021-11-13,2021-11-13
RET00002363,ORD0077575,CUST077575,PICKUP_SCHEDULED,Damaged item,2020-11-20,2020-11-20
RET00002364,ORD0077590,CUST077590,REQUESTED,Missing item,2020-04-03,
RET00002365,ORD0077612,CUST077612,COMPLETED,Missing item,2022-10-28,2022-10-28
RET00002366,ORD0077669,CUST077669,COMPLETED,Missing item,2021-11-10,2021-11-10
RET00002367,ORD0077744,CUST077744,REQUESTED,Wrong item,2024-06-14,
RET00002368,ORD0077752,CUST077752,RECEIVED,Missing item,2020-09-02,2020-09-02
RET00002369,ORD0077817,CUST077817,REQUESTED,Wrong item,2021-04-16,
RET00002370,ORD0077904,CUST077904,COMPLETED,Damaged item,2020-12-12,2020-12-12
RET00002371,ORD0077950,CUST077950,COMPLETED,Not needed,2020-03-21,2020-03-21
RET00002372,ORD0077952,CUST077952,COMPLETED,Product issue,2023-04-23,2023-04-23
RET00002373,ORD0077964,CUST077964,PICKUP_SCHEDULED,Damaged item,2024-01-03,2024-01-03
RET00002374,ORD0077973,CUST077973,COMPLETED,Missing item,2020-07-07,2020-07-07
RET00002375,ORD0077977,CUST077977,RECEIVED,Damaged item,2020-12-18,2020-12-18
RET00002376,ORD0078040,CUST078040,COMPLETED,Damaged item,2020-08-13,2020-08-13
RET00002377,ORD0078060,CUST078060,RECEIVED,Damaged item,2020-03-30,2020-03-30
RET00002378,ORD0078063,CUST078063,RECEIVED,Product issue,2020-03-23,2020-03-23
RET00002379,ORD0078170,CUST078170,APPROVED,Not needed,2020-01-17,2020-01-17
RET00002380,ORD0078193,CUST078193,APPROVED,Not needed,2020-11-20,2020-11-20
RET00002381,ORD0078212,CUST078212,APPROVED,Wrong item,2023-08-16,2023-08-16
RET00002382,ORD0078239,CUST078239,COMPLETED,Damaged item,2024-03-27,2024-03-27
RET00002383,ORD0078288,CUST078288,RECEIVED,Wrong item,2021-01-29,2021-01-29
RET00002384,ORD0078348,CUST078348,PICKUP_SCHEDULED,Wrong item,2020-08-25,2020-08-25
RET00002385,ORD0078397,CUST078397,COMPLETED,Damaged item,2022-05-17,2022-05-17
RET00002386,ORD0078471,CUST078471,RECEIVED,Wrong item,2024-05-21,2024-05-21
RET00002387,ORD0078496,CUST078496,COMPLETED,Missing item,2020-03-15,2020-03-15
RET00002388,ORD0078518,CUST078518,PICKUP_SCHEDULED,Wrong item,2022-11-08,2022-11-08
RET00002389,ORD0078578,CUST078578,COMPLETED,Not needed,2023-04-18,2023-04-18
RET00002390,ORD0078655,CUST078655,REQUESTED,Not needed,2023-03-02,
RET00002391,ORD0078674,CUST078674,COMPLETED,Not needed,2023-03-19,2023-03-19
RET00002392,ORD0078743,CUST078743,COMPLETED,Not needed,2020-04-25,2020-04-25
RET00002393,ORD0078765,CUST078765,COMPLETED,Not needed,2021-12-25,2021-12-25
RET00002394,ORD0078769,CUST078769,REQUESTED,Missing item,2020-08-23,
RET00002395,ORD0078853,CUST078853,COMPLETED,Not needed,2020-03-31,2020-03-31
RET00002396,ORD0078856,CUST078856,RECEIVED,Not needed,2023-02-10,2023-02-10
RET00002397,ORD0078900,CUST078900,COMPLETED,Not needed,2020-06-25,2020-06-25
RET00002398,ORD0078954,CUST078954,RECEIVED,Damaged item,2021-10-23,2021-10-23
RET00002399,ORD0078964,CUST078964,COMPLETED,Product issue,2023-05-03,2023-05-03
RET00002400,ORD0078979,CUST078979,COMPLETED,Damaged item,2021-02-12,2021-02-12
RET00002401,ORD0078981,CUST078981,COMPLETED,Wrong item,2020-01-01,2020-01-01
RET00002402,ORD0079023,CUST079023,RECEIVED,Product issue,2024-04-06,2024-04-06
RET00002403,ORD0079064,CUST079064,RECEIVED,Damaged item,2021-08-24,2021-08-24
RET00002404,ORD0079093,CUST079093,RECEIVED,Product issue,2023-05-15,2023-05-15
RET00002405,ORD0079101,CUST079101,COMPLETED,Product issue,2023-01-03,2023-01-03
RET00002406,ORD0079163,CUST079163,RECEIVED,Wrong item,2021-08-22,2021-08-22
RET00002407,ORD0079180,CUST079180,PICKUP_SCHEDULED,Missing item,2020-08-28,2020-08-28
RET00002408,ORD0079191,CUST079191,APPROVED,Product issue,2024-03-01,2024-03-01
RET00002409,ORD0079206,CUST079206,REQUESTED,Product issue,2024-05-03,
RET00002410,ORD0079240,CUST079240,APPROVED,Product issue,2020-06-06,2020-06-06
RET00002411,ORD0079257,CUST079257,COMPLETED,Damaged item,2022-04-15,2022-04-15
RET00002412,ORD0079258,CUST079258,APPROVED,Missing item,2021-11-05,2021-11-05
RET00002413,ORD0079278,CUST079278,REQUESTED,Wrong item,2021-06-29,
RET00002414,ORD0079279,CUST079279,COMPLETED,Wrong item,2024-07-15,2024-07-15
RET00002415,ORD0079298,CUST079298,RECEIVED,Damaged item,2023-04-27,2023-04-27
RET00002416,ORD0079330,CUST079330,RECEIVED,Missing item,2023-05-20,2023-05-20
RET00002417,ORD0079347,CUST079347,REQUESTED,Product issue,2022-05-29,
RET00002418,ORD0079377,CUST079377,APPROVED,Not needed,2024-10-15,2024-10-15
RET00002419,ORD0079425,CUST079425,REQUESTED,Wrong item,2022-04-12,
RET00002420,ORD0079436,CUST079436,APPROVED,Product issue,2023-01-01,2023-01-01
RET00002421,ORD0079449,CUST079449,COMPLETED,Missing item,2023-07-09,2023-07-09
RET00002422,ORD0079451,CUST079451,RECEIVED,Wrong item,2023-03-11,2023-03-11
RET00002423,ORD0079473,CUST079473,COMPLETED,Not needed,2024-10-02,2024-10-02
RET00002424,ORD0079519,CUST079519,PICKUP_SCHEDULED,Product issue,2023-11-29,2023-11-29
RET00002425,ORD0079531,CUST079531,PICKUP_SCHEDULED,Product issue,2020-11-29,2020-11-29
RET00002426,ORD0079559,CUST079559,RECEIVED,Product issue,2024-10-27,2024-10-27
RET00002427,ORD0079586,CUST079586,APPROVED,Product issue,2023-05-09,2023-05-09
RET00002428,ORD0079598,CUST079598,PICKUP_SCHEDULED,Not needed,2020-11-05,2020-11-05
RET00002429,ORD0079633,CUST079633,APPROVED,Wrong item,2022-02-08,2022-02-08
RET00002430,ORD0079653,CUST079653,REQUESTED,Wrong item,2020-01-05,
RET00002431,ORD0079665,CUST079665,APPROVED,Not needed,2021-10-22,2021-10-22
RET00002432,ORD0079736,CUST079736,COMPLETED,Wrong item,2024-11-08,2024-11-08
RET00002433,ORD0079739,CUST079739,RECEIVED,Product issue,2020-08-06,2020-08-06
RET00002434,ORD0079754,CUST079754,PICKUP_SCHEDULED,Damaged item,2022-05-20,2022-05-20
RET00002435,ORD0079762,CUST079762,RECEIVED,Wrong item,2020-11-27,2020-11-27
RET00002436,ORD0079825,CUST079825,COMPLETED,Missing item,2023-06-24,2023-06-24
RET00002437,ORD0079826,CUST079826,RECEIVED,Product issue,2023-03-09,2023-03-09
RET00002438,ORD0079868,CUST079868,COMPLETED,Not needed,2022-02-15,2022-02-15
RET00002439,ORD0079876,CUST079876,COMPLETED,Wrong item,2024-10-23,2024-10-23
RET00002440,ORD0079878,CUST079878,COMPLETED,Missing item,2021-08-14,2021-08-14
RET00002441,ORD0079897,CUST079897,RECEIVED,Missing item,2022-01-12,2022-01-12
RET00002442,ORD0079910,CUST079910,APPROVED,Not needed,2023-01-20,2023-01-20
RET00002443,ORD0079912,CUST079912,PICKUP_SCHEDULED,Not needed,2023-10-12,2023-10-12
RET00002444,ORD0079935,CUST079935,RECEIVED,Product issue,2023-07-10,2023-07-10
RET00002445,ORD0080019,CUST080019,APPROVED,Damaged item,2022-06-06,2022-06-06
RET00002446,ORD0080031,CUST080031,APPROVED,Not needed,2024-11-19,2024-11-19
RET00002447,ORD0080068,CUST080068,COMPLETED,Missing item,2023-04-19,2023-04-19
RET00002448,ORD0080080,CUST080080,APPROVED,Product issue,2024-07-19,2024-07-19
RET00002449,ORD0080089,CUST080089,COMPLETED,Not needed,2023-05-09,2023-05-09
RET00002450,ORD0080348,CUST080348,COMPLETED,Not needed,2022-12-26,2022-12-26
RET00002451,ORD0080371,CUST080371,REQUESTED,Not needed,2020-03-03,
RET00002452,ORD0080392,CUST080392,COMPLETED,Damaged item,2022-06-06,2022-06-06
RET00002453,ORD0080606,CUST080606,RECEIVED,Not needed,2021-12-29,2021-12-29
RET00002454,ORD0080649,CUST080649,COMPLETED,Wrong item,2021-10-07,2021-10-07
RET00002455,ORD0080650,CUST080650,APPROVED,Product issue,2021-01-11,2021-01-11
RET00002456,ORD0080671,CUST080671,PICKUP_SCHEDULED,Missing item,2022-12-18,2022-12-18
RET00002457,ORD0080687,CUST080687,REQUESTED,Wrong item,2022-09-17,
RET00002458,ORD0080706,CUST080706,COMPLETED,Product issue,2022-08-01,2022-08-01
RET00002459,ORD0080713,CUST080713,RECEIVED,Missing item,2022-07-14,2022-07-14
RET00002460,ORD0080747,CUST080747,REQUESTED,Damaged item,2022-02-27,
RET00002461,ORD0080774,CUST080774,REQUESTED,Damaged item,2023-10-17,
RET00002462,ORD0080844,CUST080844,REQUESTED,Wrong item,2021-04-18,
RET00002463,ORD0080860,CUST080860,APPROVED,Product issue,2021-03-07,2021-03-07
RET00002464,ORD0080864,CUST080864,COMPLETED,Missing item,2022-12-04,2022-12-04
RET00002465,ORD0080880,CUST080880,RECEIVED,Wrong item,2024-09-08,2024-09-08
RET00002466,ORD0080933,CUST080933,RECEIVED,Missing item,2022-04-19,2022-04-19
RET00002467,ORD0080987,CUST080987,APPROVED,Product issue,2024-04-24,2024-04-24
RET00002468,ORD0081032,CUST081032,APPROVED,Damaged item,2020-04-10,2020-04-10
RET00002469,ORD0081083,CUST081083,COMPLETED,Damaged item,2024-05-14,2024-05-14
RET00002470,ORD0081108,CUST081108,COMPLETED,Wrong item,2023-08-31,2023-08-31
RET00002471,ORD0081109,CUST081109,PICKUP_SCHEDULED,Missing item,2021-09-05,2021-09-05
RET00002472,ORD0081233,CUST081233,COMPLETED,Missing item,2024-12-23,2024-12-23
RET00002473,ORD0081247,CUST081247,RECEIVED,Not needed,2023-12-27,2023-12-27
RET00002474,ORD0081346,CUST081346,COMPLETED,Not needed,2020-12-11,2020-12-11
RET00002475,ORD0081357,CUST081357,RECEIVED,Not needed,2023-02-06,2023-02-06
RET00002476,ORD0081383,CUST081383,COMPLETED,Damaged item,2020-04-25,2020-04-25
RET00002477,ORD0081418,CUST081418,RECEIVED,Wrong item,2020-03-28,2020-03-28
RET00002478,ORD0081419,CUST081419,COMPLETED,Not needed,2023-02-17,2023-02-17
RET00002479,ORD0081453,CUST081453,PICKUP_SCHEDULED,Damaged item,2020-08-22,2020-08-22
RET00002480,ORD0081469,CUST081469,REQUESTED,Product issue,2024-03-11,
RET00002481,ORD0081470,CUST081470,COMPLETED,Product issue,2021-02-08,2021-02-08
RET00002482,ORD0081488,CUST081488,REQUESTED,Damaged item,2023-06-26,
RET00002483,ORD0081508,CUST081508,APPROVED,Missing item,2024-09-08,2024-09-08
RET00002484,ORD0081544,CUST081544,RECEIVED,Not needed,2021-12-25,2021-12-25
RET00002485,ORD0081619,CUST081619,APPROVED,Damaged item,2023-10-20,2023-10-20
RET00002486,ORD0081694,CUST081694,REQUESTED,Damaged item,2024-10-08,
RET00002487,ORD0081717,CUST081717,REQUESTED,Product issue,2023-06-30,
RET00002488,ORD0081718,CUST081718,APPROVED,Missing item,2023-10-19,2023-10-19
RET00002489,ORD0081724,CUST081724,PICKUP_SCHEDULED,Product issue,2023-06-21,2023-06-21
RET00002490,ORD0081780,CUST081780,RECEIVED,Product issue,2023-01-28,2023-01-28
RET00002491,ORD0081808,CUST081808,COMPLETED,Damaged item,2023-03-12,2023-03-12
RET00002492,ORD0081839,CUST081839,RECEIVED,Wrong item,2023-08-17,2023-08-17
RET00002493,ORD0081857,CUST081857,COMPLETED,Product issue,2020-11-16,2020-11-16
RET00002494,ORD0081970,CUST081970,COMPLETED,Damaged item,2020-08-20,2020-08-20
RET00002495,ORD0081973,CUST081973,APPROVED,Missing item,2021-08-12,2021-08-12
RET00002496,ORD0082000,CUST082000,PICKUP_SCHEDULED,Wrong item,2023-04-02,2023-04-02
RET00002497,ORD0082005,CUST082005,RECEIVED,Wrong item,2022-01-28,2022-01-28
RET00002498,ORD0082007,CUST082007,RECEIVED,Missing item,2022-06-25,2022-06-25
RET00002499,ORD0082014,CUST082014,COMPLETED,Not needed,2021-10-07,2021-10-07
RET00002500,ORD0082020,CUST082020,COMPLETED,Not needed,2022-03-24,2022-03-24
RET00002501,ORD0082072,CUST082072,APPROVED,Missing item,2023-08-05,2023-08-05
RET00002502,ORD0082102,CUST082102,RECEIVED,Wrong item,2020-05-23,2020-05-23
RET00002503,ORD0082127,CUST082127,APPROVED,Wrong item,2021-10-09,2021-10-09
RET00002504,ORD0082178,CUST082178,APPROVED,Damaged item,2021-03-04,2021-03-04
RET00002505,ORD0082235,CUST082235,RECEIVED,Not needed,2024-09-02,2024-09-02
RET00002506,ORD0082243,CUST082243,COMPLETED,Product issue,2021-12-04,2021-12-04
RET00002507,ORD0082345,CUST082345,APPROVED,Wrong item,2023-07-17,2023-07-17
RET00002508,ORD0082374,CUST082374,REQUESTED,Missing item,2024-01-12,
RET00002509,ORD0082377,CUST082377,COMPLETED,Missing item,2022-03-25,2022-03-25
RET00002510,ORD0082382,CUST082382,COMPLETED,Damaged item,2021-05-26,2021-05-26
RET00002511,ORD0082586,CUST082586,PICKUP_SCHEDULED,Product issue,2023-06-27,2023-06-27
RET00002512,ORD0082648,CUST082648,COMPLETED,Damaged item,2022-08-23,2022-08-23
RET00002513,ORD0082654,CUST082654,PICKUP_SCHEDULED,Damaged item,2024-06-15,2024-06-15
RET00002514,ORD0082671,CUST082671,REQUESTED,Damaged item,2022-10-19,
RET00002515,ORD0082686,CUST082686,APPROVED,Wrong item,2021-07-20,2021-07-20
RET00002516,ORD0082812,CUST082812,COMPLETED,Missing item,2020-05-19,2020-05-19
RET00002517,ORD0082836,CUST082836,RECEIVED,Not needed,2023-11-26,2023-11-26
RET00002518,ORD0082838,CUST082838,COMPLETED,Damaged item,2022-11-24,2022-11-24
RET00002519,ORD0082843,CUST082843,PICKUP_SCHEDULED,Wrong item,2021-04-28,2021-04-28
RET00002520,ORD0082916,CUST082916,PICKUP_SCHEDULED,Damaged item,2024-06-02,2024-06-02
RET00002521,ORD0082952,CUST082952,COMPLETED,Wrong item,2021-06-03,2021-06-03
RET00002522,ORD0082965,CUST082965,COMPLETED,Not needed,2024-06-11,2024-06-11
RET00002523,ORD0082987,CUST082987,RECEIVED,Product issue,2021-11-14,2021-11-14
RET00002524,ORD0083001,CUST083001,RECEIVED,Wrong item,2020-09-27,2020-09-27
RET00002525,ORD0083106,CUST083106,RECEIVED,Product issue,2023-07-24,2023-07-24
RET00002526,ORD0083113,CUST083113,COMPLETED,Missing item,2021-04-10,2021-04-10
RET00002527,ORD0083159,CUST083159,COMPLETED,Not needed,2022-11-30,2022-11-30
RET00002528,ORD0083161,CUST083161,COMPLETED,Not needed,2020-02-10,2020-02-10
RET00002529,ORD0083167,CUST083167,PICKUP_SCHEDULED,Product issue,2022-07-19,2022-07-19
RET00002530,ORD0083186,CUST083186,REQUESTED,Wrong item,2023-07-25,
RET00002531,ORD0083220,CUST083220,COMPLETED,Wrong item,2021-10-05,2021-10-05
RET00002532,ORD0083224,CUST083224,PICKUP_SCHEDULED,Not needed,2022-08-13,2022-08-13
RET00002533,ORD0083229,CUST083229,COMPLETED,Not needed,2023-11-20,2023-11-20
RET00002534,ORD0083254,CUST083254,COMPLETED,Missing item,2023-02-19,2023-02-19
RET00002535,ORD0083365,CUST083365,RECEIVED,Product issue,2024-02-08,2024-02-08
RET00002536,ORD0083400,CUST083400,REQUESTED,Missing item,2022-08-23,
RET00002537,ORD0083416,CUST083416,PICKUP_SCHEDULED,Wrong item,2023-10-24,2023-10-24
RET00002538,ORD0083486,CUST083486,COMPLETED,Not needed,2023-10-15,2023-10-15
RET00002539,ORD0083539,CUST083539,REQUESTED,Missing item,2023-06-27,
RET00002540,ORD0083572,CUST083572,COMPLETED,Wrong item,2020-02-23,2020-02-23
RET00002541,ORD0083595,CUST083595,RECEIVED,Missing item,2021-07-02,2021-07-02
RET00002542,ORD0083628,CUST083628,PICKUP_SCHEDULED,Not needed,2020-07-17,2020-07-17
RET00002543,ORD0083805,CUST083805,COMPLETED,Wrong item,2021-06-17,2021-06-17
RET00002544,ORD0083811,CUST083811,COMPLETED,Missing item,2021-08-14,2021-08-14
RET00002545,ORD0083837,CUST083837,RECEIVED,Wrong item,2020-12-29,2020-12-29
RET00002546,ORD0083868,CUST083868,RECEIVED,Missing item,2021-02-18,2021-02-18
RET00002547,ORD0083949,CUST083949,COMPLETED,Product issue,2024-01-21,2024-01-21
RET00002548,ORD0083997,CUST083997,PICKUP_SCHEDULED,Missing item,2021-05-29,2021-05-29
RET00002549,ORD0084001,CUST084001,COMPLETED,Missing item,2020-07-23,2020-07-23
RET00002550,ORD0084033,CUST084033,REQUESTED,Product issue,2024-07-27,
RET00002551,ORD0084147,CUST084147,REQUESTED,Damaged item,2024-07-18,
RET00002552,ORD0084164,CUST084164,APPROVED,Product issue,2023-03-27,2023-03-27
RET00002553,ORD0084188,CUST084188,APPROVED,Wrong item,2024-03-22,2024-03-22
RET00002554,ORD0084258,CUST084258,COMPLETED,Not needed,2021-02-15,2021-02-15
RET00002555,ORD0084266,CUST084266,COMPLETED,Product issue,2024-02-10,2024-02-10
RET00002556,ORD0084282,CUST084282,REQUESTED,Missing item,2024-08-08,
RET00002557,ORD0084320,CUST084320,COMPLETED,Not needed,2020-12-11,2020-12-11
RET00002558,ORD0084338,CUST084338,REQUESTED,Wrong item,2024-12-10,
RET00002559,ORD0084434,CUST084434,APPROVED,Missing item,2020-03-17,2020-03-17
RET00002560,ORD0084440,CUST084440,COMPLETED,Wrong item,2022-01-17,2022-01-17
RET00002561,ORD0084456,CUST084456,REQUESTED,Wrong item,2023-07-30,
RET00002562,ORD0084502,CUST084502,PICKUP_SCHEDULED,Damaged item,2020-10-13,2020-10-13
RET00002563,ORD0084526,CUST084526,RECEIVED,Wrong item,2020-09-18,2020-09-18
RET00002564,ORD0084539,CUST084539,PICKUP_SCHEDULED,Damaged item,2022-05-16,2022-05-16
RET00002565,ORD0084633,CUST084633,PICKUP_SCHEDULED,Product issue,2021-05-14,2021-05-14
RET00002566,ORD0084648,CUST084648,PICKUP_SCHEDULED,Wrong item,2022-08-25,2022-08-25
RET00002567,ORD0084686,CUST084686,COMPLETED,Damaged item,2020-04-05,2020-04-05
RET00002568,ORD0084719,CUST084719,REQUESTED,Wrong item,2020-10-05,
RET00002569,ORD0084722,CUST084722,PICKUP_SCHEDULED,Wrong item,2020-08-12,2020-08-12
RET00002570,ORD0084784,CUST084784,RECEIVED,Wrong item,2024-03-22,2024-03-22
RET00002571,ORD0084817,CUST084817,COMPLETED,Product issue,2022-04-28,2022-04-28
RET00002572,ORD0084819,CUST084819,APPROVED,Missing item,2024-03-15,2024-03-15
RET00002573,ORD0084848,CUST084848,COMPLETED,Product issue,2020-11-26,2020-11-26
RET00002574,ORD0084861,CUST084861,RECEIVED,Missing item,2022-09-16,2022-09-16
RET00002575,ORD0084865,CUST084865,APPROVED,Not needed,2022-11-25,2022-11-25
RET00002576,ORD0084887,CUST084887,APPROVED,Missing item,2024-08-26,2024-08-26
RET00002577,ORD0084984,CUST084984,PICKUP_SCHEDULED,Damaged item,2023-07-19,2023-07-19
RET00002578,ORD0085027,CUST085027,REQUESTED,Wrong item,2021-11-30,
RET00002579,ORD0085085,CUST085085,PICKUP_SCHEDULED,Wrong item,2021-09-19,2021-09-19
RET00002580,ORD0085117,CUST085117,REQUESTED,Not needed,2023-11-21,
RET00002581,ORD0085150,CUST085150,RECEIVED,Missing item,2020-01-26,2020-01-26
RET00002582,ORD0085157,CUST085157,RECEIVED,Not needed,2024-02-29,2024-02-29
RET00002583,ORD0085347,CUST085347,COMPLETED,Not needed,2021-04-27,2021-04-27
RET00002584,ORD0085362,CUST085362,COMPLETED,Missing item,2021-12-15,2021-12-15
RET00002585,ORD0085369,CUST085369,REQUESTED,Damaged item,2020-11-05,
RET00002586,ORD0085371,CUST085371,RECEIVED,Missing item,2022-05-01,2022-05-01
RET00002587,ORD0085386,CUST085386,COMPLETED,Not needed,2022-09-13,2022-09-13
RET00002588,ORD0085421,CUST085421,COMPLETED,Product issue,2024-05-19,2024-05-19
RET00002589,ORD0085440,CUST085440,APPROVED,Wrong item,2021-12-27,2021-12-27
RET00002590,ORD0085478,CUST085478,PICKUP_SCHEDULED,Wrong item,2024-03-17,2024-03-17
RET00002591,ORD0085494,CUST085494,APPROVED,Damaged item,2022-10-21,2022-10-21
RET00002592,ORD0085537,CUST085537,COMPLETED,Wrong item,2021-07-14,2021-07-14
RET00002593,ORD0085599,CUST085599,RECEIVED,Missing item,2021-03-02,2021-03-02
RET00002594,ORD0085618,CUST085618,APPROVED,Damaged item,2024-07-30,2024-07-30
RET00002595,ORD0085668,CUST085668,COMPLETED,Missing item,2023-11-20,2023-11-20
RET00002596,ORD0085719,CUST085719,COMPLETED,Damaged item,2024-09-25,2024-09-25
RET00002597,ORD0085726,CUST085726,COMPLETED,Product issue,2023-04-02,2023-04-02
RET00002598,ORD0085749,CUST085749,PICKUP_SCHEDULED,Not needed,2021-02-01,2021-02-01
RET00002599,ORD0085769,CUST085769,RECEIVED,Wrong item,2022-01-11,2022-01-11
RET00002600,ORD0085777,CUST085777,REQUESTED,Product issue,2021-05-15,
RET00002601,ORD0085793,CUST085793,COMPLETED,Missing item,2020-12-06,2020-12-06
RET00002602,ORD0085874,CUST085874,PICKUP_SCHEDULED,Damaged item,2024-09-20,2024-09-20
RET00002603,ORD0085925,CUST085925,APPROVED,Missing item,2022-07-19,2022-07-19
RET00002604,ORD0085983,CUST085983,COMPLETED,Missing item,2020-08-21,2020-08-21
RET00002605,ORD0086108,CUST086108,REQUESTED,Product issue,2021-06-09,
RET00002606,ORD0086136,CUST086136,COMPLETED,Not needed,2020-03-27,2020-03-27
RET00002607,ORD0086149,CUST086149,COMPLETED,Not needed,2024-11-25,2024-11-25
RET00002608,ORD0086172,CUST086172,COMPLETED,Missing item,2024-03-08,2024-03-08
RET00002609,ORD0086205,CUST086205,RECEIVED,Wrong item,2022-06-29,2022-06-29
RET00002610,ORD0086228,CUST086228,COMPLETED,Missing item,2024-05-13,2024-05-13
RET00002611,ORD0086231,CUST086231,COMPLETED,Not needed,2021-10-04,2021-10-04
RET00002612,ORD0086314,CUST086314,COMPLETED,Missing item,2024-06-21,2024-06-21
RET00002613,ORD0086326,CUST086326,RECEIVED,Product issue,2022-11-11,2022-11-11
RET00002614,ORD0086339,CUST086339,APPROVED,Missing item,2024-11-15,2024-11-15
RET00002615,ORD0086362,CUST086362,RECEIVED,Product issue,2022-10-19,2022-10-19
RET00002616,ORD0086382,CUST086382,COMPLETED,Wrong item,2024-05-09,2024-05-09
RET00002617,ORD0086394,CUST086394,COMPLETED,Product issue,2020-07-01,2020-07-01
RET00002618,ORD0086396,CUST086396,REQUESTED,Damaged item,2021-11-05,
RET00002619,ORD0086399,CUST086399,RECEIVED,Product issue,2024-05-26,2024-05-26
RET00002620,ORD0086405,CUST086405,RECEIVED,Wrong item,2023-08-06,2023-08-06
RET00002621,ORD0086422,CUST086422,APPROVED,Damaged item,2023-02-11,2023-02-11
RET00002622,ORD0086448,CUST086448,RECEIVED,Missing item,2020-04-08,2020-04-08
RET00002623,ORD0086473,CUST086473,RECEIVED,Not needed,2024-11-19,2024-11-19
RET00002624,ORD0086607,CUST086607,COMPLETED,Not needed,2022-11-16,2022-11-16
RET00002625,ORD0086616,CUST086616,APPROVED,Wrong item,2023-08-02,2023-08-02
RET00002626,ORD0086636,CUST086636,REQUESTED,Missing item,2021-04-20,
RET00002627,ORD0086720,CUST086720,REQUESTED,Product issue,2022-08-23,
RET00002628,ORD0086783,CUST086783,PICKUP_SCHEDULED,Wrong item,2023-06-30,2023-06-30
RET00002629,ORD0086828,CUST086828,REQUESTED,Wrong item,2020-11-19,
RET00002630,ORD0086840,CUST086840,APPROVED,Damaged item,2021-01-21,2021-01-21
RET00002631,ORD0086910,CUST086910,COMPLETED,Wrong item,2022-01-01,2022-01-01
RET00002632,ORD0086955,CUST086955,APPROVED,Wrong item,2023-09-07,2023-09-07
RET00002633,ORD0086956,CUST086956,COMPLETED,Wrong item,2022-03-06,2022-03-06
RET00002634,ORD0086994,CUST086994,APPROVED,Product issue,2021-05-29,2021-05-29
RET00002635,ORD0087000,CUST087000,COMPLETED,Not needed,2022-02-07,2022-02-07
RET00002636,ORD0087026,CUST087026,APPROVED,Missing item,2023-11-24,2023-11-24
RET00002637,ORD0087029,CUST087029,PICKUP_SCHEDULED,Not needed,2020-05-04,2020-05-04
RET00002638,ORD0087063,CUST087063,COMPLETED,Damaged item,2022-04-28,2022-04-28
RET00002639,ORD0087065,CUST087065,COMPLETED,Wrong item,2022-02-04,2022-02-04
RET00002640,ORD0087067,CUST087067,APPROVED,Not needed,2023-05-20,2023-05-20
RET00002641,ORD0087116,CUST087116,PICKUP_SCHEDULED,Product issue,2024-06-04,2024-06-04
RET00002642,ORD0087137,CUST087137,RECEIVED,Wrong item,2023-11-16,2023-11-16
RET00002643,ORD0087141,CUST087141,REQUESTED,Not needed,2022-10-15,
RET00002644,ORD0087146,CUST087146,APPROVED,Missing item,2023-12-31,2023-12-31
RET00002645,ORD0087175,CUST087175,REQUESTED,Not needed,2023-08-03,
RET00002646,ORD0087181,CUST087181,COMPLETED,Wrong item,2020-09-13,2020-09-13
RET00002647,ORD0087202,CUST087202,PICKUP_SCHEDULED,Damaged item,2023-03-09,2023-03-09
RET00002648,ORD0087214,CUST087214,REQUESTED,Missing item,2022-11-07,
RET00002649,ORD0087272,CUST087272,APPROVED,Missing item,2024-01-22,2024-01-22
RET00002650,ORD0087340,CUST087340,APPROVED,Product issue,2023-12-03,2023-12-03
RET00002651,ORD0087448,CUST087448,PICKUP_SCHEDULED,Wrong item,2023-12-02,2023-12-02
RET00002652,ORD0087459,CUST087459,RECEIVED,Missing item,2024-08-11,2024-08-11
RET00002653,ORD0087460,CUST087460,PICKUP_SCHEDULED,Not needed,2021-09-07,2021-09-07
RET00002654,ORD0087462,CUST087462,COMPLETED,Damaged item,2021-10-12,2021-10-12
RET00002655,ORD0087484,CUST087484,PICKUP_SCHEDULED,Damaged item,2023-09-20,2023-09-20
RET00002656,ORD0087510,CUST087510,RECEIVED,Damaged item,2023-06-16,2023-06-16
RET00002657,ORD0087529,CUST087529,PICKUP_SCHEDULED,Missing item,2024-04-18,2024-04-18
RET00002658,ORD0087690,CUST087690,APPROVED,Damaged item,2024-04-05,2024-04-05
RET00002659,ORD0087772,CUST087772,PICKUP_SCHEDULED,Product issue,2022-11-30,2022-11-30
RET00002660,ORD0087783,CUST087783,PICKUP_SCHEDULED,Damaged item,2023-07-25,2023-07-25
RET00002661,ORD0087810,CUST087810,REQUESTED,Product issue,2020-11-16,
RET00002662,ORD0087875,CUST087875,PICKUP_SCHEDULED,Wrong item,2022-03-19,2022-03-19
RET00002663,ORD0087933,CUST087933,COMPLETED,Missing item,2020-09-26,2020-09-26
RET00002664,ORD0087954,CUST087954,RECEIVED,Missing item,2020-04-25,2020-04-25
RET00002665,ORD0087990,CUST087990,COMPLETED,Product issue,2024-03-18,2024-03-18
RET00002666,ORD0087992,CUST087992,COMPLETED,Wrong item,2020-07-07,2020-07-07
RET00002667,ORD0088085,CUST088085,PICKUP_SCHEDULED,Wrong item,2020-03-24,2020-03-24
RET00002668,ORD0088103,CUST088103,COMPLETED,Not needed,2023-07-12,2023-07-12
RET00002669,ORD0088111,CUST088111,COMPLETED,Damaged item,2024-07-23,2024-07-23
RET00002670,ORD0088151,CUST088151,COMPLETED,Product issue,2020-08-27,2020-08-27
RET00002671,ORD0088153,CUST088153,REQUESTED,Not needed,2020-01-26,
RET00002672,ORD0088162,CUST088162,REQUESTED,Wrong item,2023-05-17,
RET00002673,ORD0088202,CUST088202,APPROVED,Wrong item,2020-08-14,2020-08-14
RET00002674,ORD0088203,CUST088203,REQUESTED,Wrong item,2024-05-10,
RET00002675,ORD0088224,CUST088224,COMPLETED,Product issue,2024-03-21,2024-03-21
RET00002676,ORD0088255,CUST088255,COMPLETED,Not needed,2022-05-10,2022-05-10
RET00002677,ORD0088308,CUST088308,PICKUP_SCHEDULED,Missing item,2020-10-30,2020-10-30
RET00002678,ORD0088374,CUST088374,RECEIVED,Product issue,2024-08-22,2024-08-22
RET00002679,ORD0088384,CUST088384,RECEIVED,Not needed,2023-10-10,2023-10-10
RET00002680,ORD0088457,CUST088457,COMPLETED,Not needed,2020-12-25,2020-12-25
RET00002681,ORD0088471,CUST088471,RECEIVED,Not needed,2021-12-12,2021-12-12
RET00002682,ORD0088472,CUST088472,COMPLETED,Damaged item,2024-12-21,2024-12-21
RET00002683,ORD0088516,CUST088516,COMPLETED,Damaged item,2020-12-01,2020-12-01
RET00002684,ORD0088530,CUST088530,REQUESTED,Wrong item,2022-08-20,
RET00002685,ORD0088573,CUST088573,APPROVED,Product issue,2020-04-17,2020-04-17
RET00002686,ORD0088614,CUST088614,RECEIVED,Missing item,2022-06-27,2022-06-27
RET00002687,ORD0088636,CUST088636,COMPLETED,Not needed,2022-07-16,2022-07-16
RET00002688,ORD0088646,CUST088646,COMPLETED,Wrong item,2021-04-10,2021-04-10
RET00002689,ORD0088661,CUST088661,COMPLETED,Missing item,2022-01-18,2022-01-18
RET00002690,ORD0088745,CUST088745,COMPLETED,Wrong item,2022-05-31,2022-05-31
RET00002691,ORD0088784,CUST088784,APPROVED,Damaged item,2023-04-05,2023-04-05
RET00002692,ORD0088808,CUST088808,COMPLETED,Missing item,2020-11-29,2020-11-29
RET00002693,ORD0088829,CUST088829,APPROVED,Not needed,2020-10-24,2020-10-24
RET00002694,ORD0088848,CUST088848,COMPLETED,Not needed,2023-02-10,2023-02-10
RET00002695,ORD0088856,CUST088856,COMPLETED,Not needed,2022-07-14,2022-07-14
RET00002696,ORD0088910,CUST088910,APPROVED,Wrong item,2022-01-28,2022-01-28
RET00002697,ORD0088919,CUST088919,COMPLETED,Product issue,2023-06-08,2023-06-08
RET00002698,ORD0088940,CUST088940,PICKUP_SCHEDULED,Product issue,2022-08-23,2022-08-23
RET00002699,ORD0088941,CUST088941,RECEIVED,Wrong item,2020-10-10,2020-10-10
RET00002700,ORD0088944,CUST088944,COMPLETED,Wrong item,2021-04-26,2021-04-26
RET00002701,ORD0088960,CUST088960,RECEIVED,Wrong item,2024-11-20,2024-11-20
RET00002702,ORD0088985,CUST088985,PICKUP_SCHEDULED,Wrong item,2022-03-17,2022-03-17
RET00002703,ORD0088987,CUST088987,REQUESTED,Damaged item,2021-10-29,
RET00002704,ORD0089003,CUST089003,COMPLETED,Wrong item,2024-04-25,2024-04-25
RET00002705,ORD0089034,CUST089034,COMPLETED,Damaged item,2020-10-10,2020-10-10
RET00002706,ORD0089039,CUST089039,REQUESTED,Missing item,2024-05-05,
RET00002707,ORD0089043,CUST089043,APPROVED,Product issue,2022-01-14,2022-01-14
RET00002708,ORD0089064,CUST089064,COMPLETED,Missing item,2023-01-22,2023-01-22
RET00002709,ORD0089083,CUST089083,PICKUP_SCHEDULED,Wrong item,2023-07-23,2023-07-23
RET00002710,ORD0089136,CUST089136,APPROVED,Not needed,2020-10-25,2020-10-25
RET00002711,ORD0089164,CUST089164,REQUESTED,Damaged item,2022-12-03,
RET00002712,ORD0089171,CUST089171,PICKUP_SCHEDULED,Damaged item,2024-10-16,2024-10-16
RET00002713,ORD0089180,CUST089180,COMPLETED,Damaged item,2021-04-30,2021-04-30
RET00002714,ORD0089202,CUST089202,COMPLETED,Missing item,2023-09-02,2023-09-02
RET00002715,ORD0089204,CUST089204,RECEIVED,Damaged item,2020-01-17,2020-01-17
RET00002716,ORD0089219,CUST089219,APPROVED,Wrong item,2023-03-19,2023-03-19
RET00002717,ORD0089232,CUST089232,RECEIVED,Product issue,2020-05-14,2020-05-14
RET00002718,ORD0089256,CUST089256,APPROVED,Not needed,2023-10-14,2023-10-14
RET00002719,ORD0089266,CUST089266,COMPLETED,Not needed,2023-06-19,2023-06-19
RET00002720,ORD0089324,CUST089324,PICKUP_SCHEDULED,Wrong item,2022-03-03,2022-03-03
RET00002721,ORD0089349,CUST089349,REQUESTED,Product issue,2020-05-10,
RET00002722,ORD0089352,CUST089352,RECEIVED,Wrong item,2024-11-25,2024-11-25
RET00002723,ORD0089390,CUST089390,REQUESTED,Wrong item,2023-05-07,
RET00002724,ORD0089391,CUST089391,RECEIVED,Wrong item,2020-03-23,2020-03-23
RET00002725,ORD0089407,CUST089407,RECEIVED,Wrong item,2021-05-28,2021-05-28
RET00002726,ORD0089434,CUST089434,RECEIVED,Wrong item,2020-04-27,2020-04-27
RET00002727,ORD0089438,CUST089438,APPROVED,Not needed,2022-05-02,2022-05-02
RET00002728,ORD0089507,CUST089507,PICKUP_SCHEDULED,Wrong item,2020-02-23,2020-02-23
RET00002729,ORD0089511,CUST089511,COMPLETED,Damaged item,2024-12-17,2024-12-17
RET00002730,ORD0089537,CUST089537,APPROVED,Not needed,2024-04-09,2024-04-09
RET00002731,ORD0089571,CUST089571,COMPLETED,Missing item,2021-10-15,2021-10-15
RET00002732,ORD0089616,CUST089616,RECEIVED,Missing item,2024-06-03,2024-06-03
RET00002733,ORD0089619,CUST089619,RECEIVED,Not needed,2023-04-29,2023-04-29
RET00002734,ORD0089642,CUST089642,PICKUP_SCHEDULED,Not needed,2022-06-21,2022-06-21
RET00002735,ORD0089643,CUST089643,APPROVED,Missing item,2020-12-05,2020-12-05
RET00002736,ORD0089676,CUST089676,REQUESTED,Damaged item,2022-12-14,
RET00002737,ORD0089680,CUST089680,COMPLETED,Wrong item,2024-12-22,2024-12-22
RET00002738,ORD0089689,CUST089689,PICKUP_SCHEDULED,Damaged item,2020-02-28,2020-02-28
RET00002739,ORD0089691,CUST089691,COMPLETED,Damaged item,2024-08-24,2024-08-24
RET00002740,ORD0089802,CUST089802,COMPLETED,Not needed,2020-03-25,2020-03-25
RET00002741,ORD0089820,CUST089820,PICKUP_SCHEDULED,Damaged item,2020-05-24,2020-05-24
RET00002742,ORD0089862,CUST089862,REQUESTED,Damaged item,2020-07-01,
RET00002743,ORD0089866,CUST089866,APPROVED,Damaged item,2023-10-29,2023-10-29
RET00002744,ORD0089889,CUST089889,COMPLETED,Missing item,2021-12-28,2021-12-28
RET00002745,ORD0089910,CUST089910,COMPLETED,Missing item,2020-11-15,2020-11-15
RET00002746,ORD0089922,CUST089922,COMPLETED,Product issue,2022-06-01,2022-06-01
RET00002747,ORD0089929,CUST089929,REQUESTED,Wrong item,2020-08-20,
RET00002748,ORD0089986,CUST089986,COMPLETED,Missing item,2023-11-01,2023-11-01
RET00002749,ORD0090013,CUST090013,COMPLETED,Damaged item,2020-04-13,2020-04-13
RET00002750,ORD0090022,CUST090022,RECEIVED,Not needed,2024-06-29,2024-06-29
RET00002751,ORD0090050,CUST090050,RECEIVED,Product issue,2020-10-24,2020-10-24
RET00002752,ORD0090054,CUST090054,COMPLETED,Product issue,2021-12-20,2021-12-20
RET00002753,ORD0090095,CUST090095,COMPLETED,Product issue,2023-08-26,2023-08-26
RET00002754,ORD0090136,CUST090136,PICKUP_SCHEDULED,Product issue,2021-09-02,2021-09-02
RET00002755,ORD0090139,CUST090139,PICKUP_SCHEDULED,Wrong item,2020-08-07,2020-08-07
RET00002756,ORD0090173,CUST090173,APPROVED,Wrong item,2021-09-27,2021-09-27
RET00002757,ORD0090219,CUST090219,COMPLETED,Product issue,2024-02-01,2024-02-01
RET00002758,ORD0090220,CUST090220,APPROVED,Damaged item,2023-03-18,2023-03-18
RET00002759,ORD0090298,CUST090298,PICKUP_SCHEDULED,Product issue,2023-01-15,2023-01-15
RET00002760,ORD0090414,CUST090414,PICKUP_SCHEDULED,Missing item,2024-09-10,2024-09-10
RET00002761,ORD0090420,CUST090420,RECEIVED,Wrong item,2021-09-03,2021-09-03
RET00002762,ORD0090425,CUST090425,COMPLETED,Damaged item,2021-12-08,2021-12-08
RET00002763,ORD0090486,CUST090486,COMPLETED,Product issue,2022-11-23,2022-11-23
RET00002764,ORD0090504,CUST090504,PICKUP_SCHEDULED,Missing item,2020-11-25,2020-11-25
RET00002765,ORD0090507,CUST090507,REQUESTED,Product issue,2023-09-27,
RET00002766,ORD0090524,CUST090524,COMPLETED,Damaged item,2024-05-23,2024-05-23
RET00002767,ORD0090558,CUST090558,COMPLETED,Missing item,2022-04-28,2022-04-28
RET00002768,ORD0090568,CUST090568,RECEIVED,Not needed,2024-07-05,2024-07-05
RET00002769,ORD0090580,CUST090580,APPROVED,Missing item,2024-07-21,2024-07-21
RET00002770,ORD0090600,CUST090600,COMPLETED,Product issue,2022-02-28,2022-02-28
RET00002771,ORD0090640,CUST090640,RECEIVED,Product issue,2023-06-14,2023-06-14
RET00002772,ORD0090645,CUST090645,APPROVED,Not needed,2020-10-15,2020-10-15
RET00002773,ORD0090748,CUST090748,REQUESTED,Not needed,2021-12-10,
RET00002774,ORD0090755,CUST090755,COMPLETED,Missing item,2023-03-25,2023-03-25
RET00002775,ORD0090760,CUST090760,RECEIVED,Product issue,2023-11-20,2023-11-20
RET00002776,ORD0090783,CUST090783,COMPLETED,Damaged item,2021-03-10,2021-03-10
RET00002777,ORD0090794,CUST090794,PICKUP_SCHEDULED,Wrong item,2020-09-03,2020-09-03
RET00002778,ORD0090848,CUST090848,RECEIVED,Not needed,2024-11-05,2024-11-05
RET00002779,ORD0090857,CUST090857,COMPLETED,Wrong item,2021-01-15,2021-01-15
RET00002780,ORD0090907,CUST090907,APPROVED,Wrong item,2021-03-18,2021-03-18
RET00002781,ORD0090921,CUST090921,REQUESTED,Wrong item,2021-06-01,
RET00002782,ORD0090923,CUST090923,PICKUP_SCHEDULED,Missing item,2020-05-28,2020-05-28
RET00002783,ORD0090964,CUST090964,PICKUP_SCHEDULED,Missing item,2024-08-18,2024-08-18
RET00002784,ORD0090981,CUST090981,APPROVED,Missing item,2020-10-20,2020-10-20
RET00002785,ORD0091012,CUST091012,PICKUP_SCHEDULED,Not needed,2021-12-06,2021-12-06
RET00002786,ORD0091032,CUST091032,APPROVED,Wrong item,2024-01-23,2024-01-23
RET00002787,ORD0091034,CUST091034,COMPLETED,Damaged item,2020-11-05,2020-11-05
RET00002788,ORD0091063,CUST091063,COMPLETED,Product issue,2022-01-31,2022-01-31
RET00002789,ORD0091071,CUST091071,COMPLETED,Wrong item,2024-07-22,2024-07-22
RET00002790,ORD0091118,CUST091118,COMPLETED,Missing item,2023-09-09,2023-09-09
RET00002791,ORD0091121,CUST091121,REQUESTED,Product issue,2022-05-06,
RET00002792,ORD0091139,CUST091139,PICKUP_SCHEDULED,Damaged item,2020-10-31,2020-10-31
RET00002793,ORD0091152,CUST091152,REQUESTED,Wrong item,2020-07-06,
RET00002794,ORD0091159,CUST091159,RECEIVED,Product issue,2023-12-22,2023-12-22
RET00002795,ORD0091166,CUST091166,COMPLETED,Damaged item,2022-09-25,2022-09-25
RET00002796,ORD0091193,CUST091193,REQUESTED,Missing item,2022-06-27,
RET00002797,ORD0091216,CUST091216,PICKUP_SCHEDULED,Missing item,2022-07-11,2022-07-11
RET00002798,ORD0091246,CUST091246,COMPLETED,Product issue,2022-08-04,2022-08-04
RET00002799,ORD0091266,CUST091266,COMPLETED,Not needed,2023-05-31,2023-05-31
RET00002800,ORD0091268,CUST091268,COMPLETED,Product issue,2022-04-02,2022-04-02
RET00002801,ORD0091347,CUST091347,APPROVED,Product issue,2020-10-23,2020-10-23
RET00002802,ORD0091400,CUST091400,COMPLETED,Not needed,2021-11-07,2021-11-07
RET00002803,ORD0091457,CUST091457,APPROVED,Damaged item,2021-07-16,2021-07-16
RET00002804,ORD0091464,CUST091464,PICKUP_SCHEDULED,Missing item,2021-08-31,2021-08-31
RET00002805,ORD0091484,CUST091484,COMPLETED,Product issue,2021-03-02,2021-03-02
RET00002806,ORD0091533,CUST091533,RECEIVED,Damaged item,2023-04-13,2023-04-13
RET00002807,ORD0091563,CUST091563,COMPLETED,Missing item,2023-06-03,2023-06-03
RET00002808,ORD0091645,CUST091645,COMPLETED,Product issue,2023-10-03,2023-10-03
RET00002809,ORD0091732,CUST091732,COMPLETED,Product issue,2024-11-28,2024-11-28
RET00002810,ORD0091763,CUST091763,RECEIVED,Damaged item,2021-01-29,2021-01-29
RET00002811,ORD0091866,CUST091866,RECEIVED,Product issue,2020-07-25,2020-07-25
RET00002812,ORD0091920,CUST091920,COMPLETED,Missing item,2022-01-04,2022-01-04
RET00002813,ORD0091979,CUST091979,COMPLETED,Not needed,2022-07-22,2022-07-22
RET00002814,ORD0091997,CUST091997,COMPLETED,Not needed,2021-07-31,2021-07-31
RET00002815,ORD0092074,CUST092074,REQUESTED,Damaged item,2022-06-06,
RET00002816,ORD0092086,CUST092086,PICKUP_SCHEDULED,Product issue,2024-06-09,2024-06-09
RET00002817,ORD0092090,CUST092090,COMPLETED,Product issue,2021-01-04,2021-01-04
RET00002818,ORD0092098,CUST092098,REQUESTED,Not needed,2021-10-06,
RET00002819,ORD0092103,CUST092103,APPROVED,Not needed,2021-03-05,2021-03-05
RET00002820,ORD0092106,CUST092106,REQUESTED,Missing item,2024-02-28,
RET00002821,ORD0092179,CUST092179,RECEIVED,Product issue,2021-08-28,2021-08-28
RET00002822,ORD0092260,CUST092260,REQUESTED,Missing item,2022-05-05,
RET00002823,ORD0092307,CUST092307,COMPLETED,Not needed,2024-08-26,2024-08-26
RET00002824,ORD0092313,CUST092313,APPROVED,Damaged item,2024-05-07,2024-05-07
RET00002825,ORD0092386,CUST092386,RECEIVED,Damaged item,2021-07-15,2021-07-15
RET00002826,ORD0092389,CUST092389,COMPLETED,Missing item,2023-05-13,2023-05-13
RET00002827,ORD0092447,CUST092447,APPROVED,Missing item,2021-10-02,2021-10-02
RET00002828,ORD0092519,CUST092519,REQUESTED,Wrong item,2023-10-04,
RET00002829,ORD0092546,CUST092546,APPROVED,Damaged item,2020-12-14,2020-12-14
RET00002830,ORD0092548,CUST092548,APPROVED,Product issue,2022-02-24,2022-02-24
RET00002831,ORD0092560,CUST092560,COMPLETED,Not needed,2024-05-17,2024-05-17
RET00002832,ORD0092572,CUST092572,REQUESTED,Product issue,2020-02-21,
RET00002833,ORD0092582,CUST092582,RECEIVED,Missing item,2020-11-06,2020-11-06
RET00002834,ORD0092629,CUST092629,COMPLETED,Damaged item,2020-08-23,2020-08-23
RET00002835,ORD0092641,CUST092641,COMPLETED,Wrong item,2020-04-28,2020-04-28
RET00002836,ORD0092652,CUST092652,COMPLETED,Not needed,2021-04-26,2021-04-26
RET00002837,ORD0092700,CUST092700,APPROVED,Damaged item,2021-11-29,2021-11-29
RET00002838,ORD0092729,CUST092729,APPROVED,Wrong item,2024-02-23,2024-02-23
RET00002839,ORD0092867,CUST092867,APPROVED,Wrong item,2024-02-08,2024-02-08
RET00002840,ORD0092922,CUST092922,COMPLETED,Not needed,2021-12-24,2021-12-24
RET00002841,ORD0092941,CUST092941,REQUESTED,Missing item,2023-08-22,
RET00002842,ORD0092961,CUST092961,RECEIVED,Damaged item,2022-10-22,2022-10-22
RET00002843,ORD0093017,CUST093017,PICKUP_SCHEDULED,Product issue,2023-11-03,2023-11-03
RET00002844,ORD0093022,CUST093022,PICKUP_SCHEDULED,Missing item,2022-10-17,2022-10-17
RET00002845,ORD0093030,CUST093030,COMPLETED,Missing item,2024-02-26,2024-02-26
RET00002846,ORD0093042,CUST093042,COMPLETED,Wrong item,2022-12-21,2022-12-21
RET00002847,ORD0093089,CUST093089,REQUESTED,Product issue,2024-02-21,
RET00002848,ORD0093150,CUST093150,APPROVED,Missing item,2022-05-26,2022-05-26
RET00002849,ORD0093166,CUST093166,REQUESTED,Wrong item,2024-07-04,
RET00002850,ORD0093240,CUST093240,REQUESTED,Wrong item,2020-08-05,
RET00002851,ORD0093270,CUST093270,APPROVED,Damaged item,2021-08-06,2021-08-06
RET00002852,ORD0093311,CUST093311,RECEIVED,Damaged item,2021-07-16,2021-07-16
RET00002853,ORD0093346,CUST093346,REQUESTED,Missing item,2023-01-10,
RET00002854,ORD0093367,CUST093367,PICKUP_SCHEDULED,Missing item,2020-12-10,2020-12-10
RET00002855,ORD0093403,CUST093403,COMPLETED,Wrong item,2021-03-25,2021-03-25
RET00002856,ORD0093472,CUST093472,COMPLETED,Wrong item,2022-07-22,2022-07-22
RET00002857,ORD0093486,CUST093486,COMPLETED,Product issue,2024-09-11,2024-09-11
RET00002858,ORD0093518,CUST093518,PICKUP_SCHEDULED,Not needed,2021-05-16,2021-05-16
RET00002859,ORD0093534,CUST093534,PICKUP_SCHEDULED,Wrong item,2023-01-18,2023-01-18
RET00002860,ORD0093569,CUST093569,RECEIVED,Missing item,2024-08-13,2024-08-13
RET00002861,ORD0093593,CUST093593,COMPLETED,Product issue,2024-04-07,2024-04-07
RET00002862,ORD0093605,CUST093605,REQUESTED,Missing item,2022-03-17,
RET00002863,ORD0093620,CUST093620,APPROVED,Missing item,2022-04-03,2022-04-03
RET00002864,ORD0093774,CUST093774,RECEIVED,Damaged item,2022-05-23,2022-05-23
RET00002865,ORD0093779,CUST093779,COMPLETED,Wrong item,2022-07-26,2022-07-26
RET00002866,ORD0093780,CUST093780,RECEIVED,Damaged item,2021-01-10,2021-01-10
RET00002867,ORD0093844,CUST093844,COMPLETED,Wrong item,2021-06-15,2021-06-15
RET00002868,ORD0093864,CUST093864,COMPLETED,Missing item,2022-12-11,2022-12-11
RET00002869,ORD0093957,CUST093957,APPROVED,Damaged item,2024-04-24,2024-04-24
RET00002870,ORD0093982,CUST093982,PICKUP_SCHEDULED,Damaged item,2021-12-20,2021-12-20
RET00002871,ORD0094041,CUST094041,COMPLETED,Damaged item,2023-03-31,2023-03-31
RET00002872,ORD0094148,CUST094148,RECEIVED,Missing item,2023-03-27,2023-03-27
RET00002873,ORD0094193,CUST094193,COMPLETED,Wrong item,2020-08-16,2020-08-16
RET00002874,ORD0094200,CUST094200,PICKUP_SCHEDULED,Product issue,2021-04-29,2021-04-29
RET00002875,ORD0094239,CUST094239,COMPLETED,Product issue,2024-03-29,2024-03-29
RET00002876,ORD0094253,CUST094253,RECEIVED,Wrong item,2023-03-13,2023-03-13
RET00002877,ORD0094269,CUST094269,COMPLETED,Damaged item,2021-02-10,2021-02-10
RET00002878,ORD0094354,CUST094354,COMPLETED,Missing item,2021-05-27,2021-05-27
RET00002879,ORD0094370,CUST094370,PICKUP_SCHEDULED,Not needed,2021-03-22,2021-03-22
RET00002880,ORD0094409,CUST094409,REQUESTED,Product issue,2021-03-02,
RET00002881,ORD0094423,CUST094423,COMPLETED,Damaged item,2022-12-25,2022-12-25
RET00002882,ORD0094443,CUST094443,COMPLETED,Not needed,2021-08-04,2021-08-04
RET00002883,ORD0094528,CUST094528,COMPLETED,Missing item,2021-06-09,2021-06-09
RET00002884,ORD0094555,CUST094555,PICKUP_SCHEDULED,Damaged item,2023-11-02,2023-11-02
RET00002885,ORD0094601,CUST094601,APPROVED,Missing item,2021-04-25,2021-04-25
RET00002886,ORD0094605,CUST094605,APPROVED,Missing item,2022-12-30,2022-12-30
RET00002887,ORD0094636,CUST094636,COMPLETED,Wrong item,2024-08-13,2024-08-13
RET00002888,ORD0094639,CUST094639,COMPLETED,Product issue,2022-12-18,2022-12-18
RET00002889,ORD0094655,CUST094655,COMPLETED,Missing item,2023-02-02,2023-02-02
RET00002890,ORD0094682,CUST094682,REQUESTED,Not needed,2021-02-08,
RET00002891,ORD0094726,CUST094726,COMPLETED,Wrong item,2023-09-04,2023-09-04
RET00002892,ORD0094727,CUST094727,COMPLETED,Missing item,2023-07-07,2023-07-07
RET00002893,ORD0094728,CUST094728,RECEIVED,Missing item,2021-01-05,2021-01-05
RET00002894,ORD0094751,CUST094751,PICKUP_SCHEDULED,Product issue,2021-04-12,2021-04-12
RET00002895,ORD0094810,CUST094810,COMPLETED,Not needed,2024-04-28,2024-04-28
RET00002896,ORD0094946,CUST094946,RECEIVED,Product issue,2023-04-26,2023-04-26
RET00002897,ORD0094967,CUST094967,PICKUP_SCHEDULED,Product issue,2024-10-10,2024-10-10
RET00002898,ORD0095001,CUST095001,APPROVED,Damaged item,2021-09-02,2021-09-02
RET00002899,ORD0095014,CUST095014,RECEIVED,Wrong item,2023-06-10,2023-06-10
RET00002900,ORD0095044,CUST095044,RECEIVED,Product issue,2020-01-17,2020-01-17
RET00002901,ORD0095079,CUST095079,APPROVED,Wrong item,2021-02-03,2021-02-03
RET00002902,ORD0095098,CUST095098,COMPLETED,Product issue,2024-12-13,2024-12-13
RET00002903,ORD0095146,CUST095146,RECEIVED,Damaged item,2023-07-04,2023-07-04
RET00002904,ORD0095165,CUST095165,APPROVED,Product issue,2021-10-10,2021-10-10
RET00002905,ORD0095173,CUST095173,RECEIVED,Missing item,2023-03-07,2023-03-07
RET00002906,ORD0095176,CUST095176,PICKUP_SCHEDULED,Not needed,2020-07-10,2020-07-10
RET00002907,ORD0095197,CUST095197,RECEIVED,Damaged item,2020-03-14,2020-03-14
RET00002908,ORD0095247,CUST095247,PICKUP_SCHEDULED,Wrong item,2020-03-05,2020-03-05
RET00002909,ORD0095248,CUST095248,COMPLETED,Wrong item,2021-07-22,2021-07-22
RET00002910,ORD0095293,CUST095293,PICKUP_SCHEDULED,Wrong item,2022-04-23,2022-04-23
RET00002911,ORD0095399,CUST095399,COMPLETED,Not needed,2022-02-18,2022-02-18
RET00002912,ORD0095402,CUST095402,COMPLETED,Wrong item,2024-08-26,2024-08-26
RET00002913,ORD0095433,CUST095433,REQUESTED,Missing item,2020-12-11,
RET00002914,ORD0095465,CUST095465,PICKUP_SCHEDULED,Wrong item,2023-11-10,2023-11-10
RET00002915,ORD0095466,CUST095466,COMPLETED,Product issue,2021-04-12,2021-04-12
RET00002916,ORD0095512,CUST095512,PICKUP_SCHEDULED,Not needed,2021-05-11,2021-05-11
RET00002917,ORD0095514,CUST095514,REQUESTED,Missing item,2024-09-20,
RET00002918,ORD0095537,CUST095537,RECEIVED,Damaged item,2020-07-01,2020-07-01
RET00002919,ORD0095555,CUST095555,REQUESTED,Product issue,2021-12-29,
RET00002920,ORD0095579,CUST095579,APPROVED,Damaged item,2024-10-23,2024-10-23
RET00002921,ORD0095597,CUST095597,PICKUP_SCHEDULED,Not needed,2024-03-16,2024-03-16
RET00002922,ORD0095607,CUST095607,COMPLETED,Damaged item,2023-02-12,2023-02-12
RET00002923,ORD0095652,CUST095652,REQUESTED,Product issue,2023-02-03,
RET00002924,ORD0095717,CUST095717,RECEIVED,Missing item,2020-10-02,2020-10-02
RET00002925,ORD0095744,CUST095744,APPROVED,Missing item,2020-03-24,2020-03-24
RET00002926,ORD0095764,CUST095764,PICKUP_SCHEDULED,Damaged item,2021-03-15,2021-03-15
RET00002927,ORD0095768,CUST095768,REQUESTED,Damaged item,2021-10-30,
RET00002928,ORD0095769,CUST095769,COMPLETED,Not needed,2020-06-10,2020-06-10
RET00002929,ORD0095773,CUST095773,PICKUP_SCHEDULED,Product issue,2024-11-06,2024-11-06
RET00002930,ORD0095859,CUST095859,COMPLETED,Not needed,2024-05-22,2024-05-22
RET00002931,ORD0095909,CUST095909,COMPLETED,Damaged item,2023-10-13,2023-10-13
RET00002932,ORD0095915,CUST095915,COMPLETED,Product issue,2022-12-27,2022-12-27
RET00002933,ORD0095949,CUST095949,RECEIVED,Damaged item,2024-08-08,2024-08-08
RET00002934,ORD0096036,CUST096036,COMPLETED,Product issue,2020-09-20,2020-09-20
RET00002935,ORD0096057,CUST096057,PICKUP_SCHEDULED,Missing item,2023-02-25,2023-02-25
RET00002936,ORD0096077,CUST096077,COMPLETED,Damaged item,2021-01-22,2021-01-22
RET00002937,ORD0096113,CUST096113,COMPLETED,Product issue,2023-11-25,2023-11-25
RET00002938,ORD0096115,CUST096115,APPROVED,Not needed,2022-05-24,2022-05-24
RET00002939,ORD0096123,CUST096123,RECEIVED,Missing item,2021-05-01,2021-05-01
RET00002940,ORD0096182,CUST096182,REQUESTED,Product issue,2023-11-01,
RET00002941,ORD0096197,CUST096197,RECEIVED,Product issue,2020-01-13,2020-01-13
RET00002942,ORD0096200,CUST096200,COMPLETED,Missing item,2022-01-05,2022-01-05
RET00002943,ORD0096220,CUST096220,COMPLETED,Wrong item,2024-08-07,2024-08-07
RET00002944,ORD0096224,CUST096224,RECEIVED,Product issue,2023-12-07,2023-12-07
RET00002945,ORD0096242,CUST096242,APPROVED,Missing item,2024-04-09,2024-04-09
RET00002946,ORD0096330,CUST096330,APPROVED,Missing item,2022-06-29,2022-06-29
RET00002947,ORD0096336,CUST096336,RECEIVED,Damaged item,2021-08-22,2021-08-22
RET00002948,ORD0096359,CUST096359,RECEIVED,Damaged item,2022-02-15,2022-02-15
RET00002949,ORD0096436,CUST096436,COMPLETED,Damaged item,2020-05-02,2020-05-02
RET00002950,ORD0096456,CUST096456,RECEIVED,Not needed,2024-01-17,2024-01-17
RET00002951,ORD0096486,CUST096486,REQUESTED,Damaged item,2021-08-26,
RET00002952,ORD0096506,CUST096506,PICKUP_SCHEDULED,Wrong item,2022-04-12,2022-04-12
RET00002953,ORD0096523,CUST096523,COMPLETED,Damaged item,2023-12-06,2023-12-06
RET00002954,ORD0096629,CUST096629,COMPLETED,Not needed,2022-10-06,2022-10-06
RET00002955,ORD0096651,CUST096651,APPROVED,Product issue,2024-09-17,2024-09-17
RET00002956,ORD0096678,CUST096678,COMPLETED,Damaged item,2024-10-03,2024-10-03
RET00002957,ORD0096695,CUST096695,RECEIVED,Wrong item,2024-02-12,2024-02-12
RET00002958,ORD0096858,CUST096858,COMPLETED,Missing item,2021-09-24,2021-09-24
RET00002959,ORD0096886,CUST096886,REQUESTED,Damaged item,2022-02-10,
RET00002960,ORD0096927,CUST096927,COMPLETED,Product issue,2021-05-15,2021-05-15
RET00002961,ORD0097025,CUST097025,PICKUP_SCHEDULED,Missing item,2023-07-22,2023-07-22
RET00002962,ORD0097052,CUST097052,COMPLETED,Missing item,2021-05-27,2021-05-27
RET00002963,ORD0097058,CUST097058,COMPLETED,Missing item,2023-05-07,2023-05-07
RET00002964,ORD0097098,CUST097098,PICKUP_SCHEDULED,Not needed,2024-02-12,2024-02-12
RET00002965,ORD0097111,CUST097111,APPROVED,Wrong item,2023-04-11,2023-04-11
RET00002966,ORD0097140,CUST097140,RECEIVED,Product issue,2023-02-04,2023-02-04
RET00002967,ORD0097157,CUST097157,RECEIVED,Not needed,2020-08-27,2020-08-27
RET00002968,ORD0097244,CUST097244,RECEIVED,Missing item,2021-07-07,2021-07-07
RET00002969,ORD0097274,CUST097274,COMPLETED,Product issue,2020-04-19,2020-04-19
RET00002970,ORD0097356,CUST097356,COMPLETED,Not needed,2021-08-17,2021-08-17
RET00002971,ORD0097375,CUST097375,REQUESTED,Not needed,2023-07-24,
RET00002972,ORD0097400,CUST097400,RECEIVED,Wrong item,2021-02-02,2021-02-02
RET00002973,ORD0097421,CUST097421,PICKUP_SCHEDULED,Damaged item,2021-12-21,2021-12-21
RET00002974,ORD0097446,CUST097446,COMPLETED,Wrong item,2020-02-01,2020-02-01
RET00002975,ORD0097472,CUST097472,REQUESTED,Damaged item,2020-06-16,
RET00002976,ORD0097474,CUST097474,RECEIVED,Product issue,2023-02-13,2023-02-13
RET00002977,ORD0097509,CUST097509,RECEIVED,Damaged item,2023-10-22,2023-10-22
RET00002978,ORD0097554,CUST097554,RECEIVED,Not needed,2023-12-12,2023-12-12
RET00002979,ORD0097633,CUST097633,COMPLETED,Missing item,2022-09-05,2022-09-05
RET00002980,ORD0097674,CUST097674,RECEIVED,Not needed,2021-10-05,2021-10-05
RET00002981,ORD0097729,CUST097729,RECEIVED,Damaged item,2024-07-30,2024-07-30
RET00002982,ORD0097751,CUST097751,COMPLETED,Product issue,2021-05-26,2021-05-26
RET00002983,ORD0097803,CUST097803,COMPLETED,Product issue,2020-11-10,2020-11-10
RET00002984,ORD0097814,CUST097814,COMPLETED,Wrong item,2020-06-07,2020-06-07
RET00002985,ORD0097843,CUST097843,COMPLETED,Damaged item,2022-07-04,2022-07-04
RET00002986,ORD0097866,CUST097866,REQUESTED,Product issue,2021-05-14,
RET00002987,ORD0097925,CUST097925,REQUESTED,Damaged item,2021-08-14,
RET00002988,ORD0098033,CUST098033,COMPLETED,Wrong item,2021-09-23,2021-09-23
RET00002989,ORD0098052,CUST098052,APPROVED,Missing item,2020-07-03,2020-07-03
RET00002990,ORD0098082,CUST098082,APPROVED,Not needed,2022-03-26,2022-03-26
RET00002991,ORD0098091,CUST098091,COMPLETED,Damaged item,2020-01-11,2020-01-11
RET00002992,ORD0098116,CUST098116,REQUESTED,Wrong item,2023-06-02,
RET00002993,ORD0098155,CUST098155,COMPLETED,Damaged item,2023-08-11,2023-08-11
RET00002994,ORD0098156,CUST098156,RECEIVED,Product issue,2021-10-12,2021-10-12
RET00002995,ORD0098161,CUST098161,COMPLETED,Wrong item,2024-02-06,2024-02-06
RET00002996,ORD0098201,CUST098201,COMPLETED,Product issue,2023-02-06,2023-02-06
RET00002997,ORD0098213,CUST098213,REQUESTED,Not needed,2023-08-17,
RET00002998,ORD0098262,CUST098262,REQUESTED,Missing item,2020-01-06,
RET00002999,ORD0098272,CUST098272,PICKUP_SCHEDULED,Missing item,2022-11-12,2022-11-12
RET00003000,ORD0098360,CUST098360,COMPLETED,Product issue,2020-01-26,2020-01-26
RET00003001,ORD0098383,CUST098383,RECEIVED,Not needed,2023-04-17,2023-04-17
RET00003002,ORD0098390,CUST098390,REQUESTED,Missing item,2022-11-29,
RET00003003,ORD0098396,CUST098396,COMPLETED,Product issue,2024-12-04,2024-12-04
RET00003004,ORD0098464,CUST098464,RECEIVED,Not needed,2021-09-21,2021-09-21
RET00003005,ORD0098490,CUST098490,COMPLETED,Damaged item,2020-08-29,2020-08-29
RET00003006,ORD0098539,CUST098539,PICKUP_SCHEDULED,Damaged item,2020-04-13,2020-04-13
RET00003007,ORD0098578,CUST098578,REQUESTED,Damaged item,2024-05-03,
RET00003008,ORD0098601,CUST098601,COMPLETED,Not needed,2022-02-23,2022-02-23
RET00003009,ORD0098615,CUST098615,COMPLETED,Damaged item,2021-03-05,2021-03-05
RET00003010,ORD0098653,CUST098653,COMPLETED,Not needed,2020-02-27,2020-02-27
RET00003011,ORD0098666,CUST098666,REQUESTED,Product issue,2021-07-22,
RET00003012,ORD0098690,CUST098690,REQUESTED,Damaged item,2022-09-01,
RET00003013,ORD0098751,CUST098751,APPROVED,Wrong item,2021-01-28,2021-01-28
RET00003014,ORD0098790,CUST098790,PICKUP_SCHEDULED,Damaged item,2021-05-23,2021-05-23
RET00003015,ORD0098814,CUST098814,RECEIVED,Not needed,2021-05-22,2021-05-22
RET00003016,ORD0098825,CUST098825,COMPLETED,Wrong item,2022-09-29,2022-09-29
RET00003017,ORD0098921,CUST098921,RECEIVED,Wrong item,2023-06-10,2023-06-10
RET00003018,ORD0098934,CUST098934,REQUESTED,Not needed,2024-12-05,
RET00003019,ORD0098936,CUST098936,COMPLETED,Damaged item,2020-03-03,2020-03-03
RET00003020,ORD0098974,CUST098974,REQUESTED,Missing item,2020-03-07,
RET00003021,ORD0098982,CUST098982,COMPLETED,Product issue,2024-01-19,2024-01-19
RET00003022,ORD0099012,CUST099012,COMPLETED,Damaged item,2024-09-23,2024-09-23
RET00003023,ORD0099018,CUST099018,REQUESTED,Not needed,2020-12-04,
RET00003024,ORD0099023,CUST099023,COMPLETED,Damaged item,2024-11-09,2024-11-09
RET00003025,ORD0099048,CUST099048,REQUESTED,Wrong item,2020-09-12,
RET00003026,ORD0099128,CUST099128,RECEIVED,Not needed,2023-02-20,2023-02-20
RET00003027,ORD0099139,CUST099139,RECEIVED,Wrong item,2024-10-29,2024-10-29
RET00003028,ORD0099201,CUST099201,RECEIVED,Not needed,2022-05-01,2022-05-01
RET00003029,ORD0099206,CUST099206,RECEIVED,Missing item,2024-05-08,2024-05-08
RET00003030,ORD0099269,CUST099269,APPROVED,Wrong item,2020-01-25,2020-01-25
RET00003031,ORD0099285,CUST099285,COMPLETED,Product issue,2020-12-02,2020-12-02
RET00003032,ORD0099385,CUST099385,PICKUP_SCHEDULED,Wrong item,2021-08-26,2021-08-26
RET00003033,ORD0099489,CUST099489,COMPLETED,Damaged item,2021-04-14,2021-04-14
RET00003034,ORD0099507,CUST099507,APPROVED,Missing item,2024-10-12,2024-10-12
RET00003035,ORD0099512,CUST099512,REQUESTED,Not needed,2021-10-15,
RET00003036,ORD0099528,CUST099528,RECEIVED,Product issue,2021-10-14,2021-10-14
RET00003037,ORD0099529,CUST099529,COMPLETED,Not needed,2024-06-08,2024-06-08
RET00003038,ORD0099590,CUST099590,REQUESTED,Missing item,2020-09-15,
RET00003039,ORD0099603,CUST099603,REQUESTED,Product issue,2024-05-12,
RET00003040,ORD0099650,CUST099650,RECEIVED,Missing item,2021-12-04,2021-12-04
RET00003041,ORD0099658,CUST099658,COMPLETED,Missing item,2024-10-09,2024-10-09
RET00003042,ORD0099671,CUST099671,COMPLETED,Product issue,2022-09-09,2022-09-09
RET00003043,ORD0099677,CUST099677,APPROVED,Wrong item,2023-08-26,2023-08-26
RET00003044,ORD0099683,CUST099683,REQUESTED,Product issue,2020-08-27,
RET00003045,ORD0099685,CUST099685,APPROVED,Wrong item,2022-03-31,2022-03-31
RET00003046,ORD0099706,CUST099706,REQUESTED,Wrong item,2022-03-26,
RET00003047,ORD0099715,CUST099715,RECEIVED,Product issue,2021-09-23,2021-09-23
RET00003048,ORD0099756,CUST099756,RECEIVED,Missing item,2021-11-26,2021-11-26
RET00003049,ORD0099762,CUST099762,PICKUP_SCHEDULED,Missing item,2024-10-03,2024-10-03
RET00003050,ORD0099834,CUST099834,RECEIVED,Not needed,2022-08-19,2022-08-19
RET00003051,ORD0099916,CUST099916,COMPLETED,Damaged item,2024-08-31,2024-08-31
RET00003052,ORD0099917,CUST099917,RECEIVED,Product issue,2023-01-20,2023-01-20
RET00003053,ORD0099987,CUST099987,RECEIVED,Not needed,2021-07-21,2021-07-21
RET00003054,ORD0099991,CUST099991,COMPLETED,Wrong item,2024-05-29,2024-05-29
